<?xml version='1.0' encoding='UTF-8'?>
<template role="cpe" parent="role_cpe" version="2.1" type="role">

    <!-- ################################################################################ -->
    <!-- ##########################   PARAMETROS ######################################## -->
    <!-- ################################################################################ -->

    <parameters>

        <!--FCS20210422_REQ_005_1_3 Par aux front tecnologia-->
        <parameter id="par_front_access_type_aux" type="value">
          <contents>
            <value type="parameter" role="front">par_access_type</value>
          </contents>
        </parameter>
        <!--FCS20210422_REQ_005_1_3 Par front tecnologia-->
        <parameter id="par_front_access_type" type="value">
          <contents>
             <value type="parameter">par_front_access_type_aux</value>
          </contents>
          <sequence>
            <operation type="replace_pattern">
              <args><arg><value type="value">(VDSL|NEBAF|NEBAL|NEBAC|FTTH|HFC|xDSL AI)@to@TechUnknown</value></arg></args>
            </operation>
          </sequence>
        </parameter>

        <!--FCS20210422_REQ_005_1_3 Numero de parametros que se envian a par_query_params_CPE-->
        <parameter id="par_number_of_cpe_parameters" type="value">
          <contents>
			<!-- JJSM 20230728 - Optimizacion - Se elimina linea de Hosts -->
            <value type="value">TechUnknown,21;</value><!--DCL20210721 - INC000042214120 antes 14-->
            <value type="value">ADSL,23;</value><!--DCL20210721 - INC000042214120 antes 16-->
			<!-- JJSM 20230728 - Optimizacion - Se elimina linea de Hosts -->
          </contents>
          <sequence>
            <operation type="row_delimiter">
              <args><arg><value type="value">;</value></arg></args>
            </operation>
            <operation type="column_delimiter">
              <args><arg><value type="value">,</value></arg></args>
            </operation>
            <operation type="column_index">
              <args><arg><value type="value">1</value></arg></args>
            </operation>
            <operation type="column_equal">
              <args><arg><value type="parameter">par_front_access_type</value></arg></args>
            </operation>
            <operation type="column_selector">
              <args><arg><value type="value">2</value></arg></args>
            </operation>
          </sequence>
        </parameter>

        <!--FCS20210422_REQ_005_1_3 parametro de query wan a par_query_params_CPE-->
        <parameter id="par_query_wan_parameters" type="value">
          <contents>
            <value type="value">TechUnknown; </value>
            <value type="value">#</value>
            <value type="value">ADSL;<![CDATA[{"query":"$.characteristic[*].characteristicsValue[type = 'parameterName'].value=InternetGatewayDevice.WANDevice.1.WANConnectionDevice.3.WANPPPConnection.1."},
            {"query":"$.characteristic[*].characteristicsValue[type = 'parameterName'].value=InternetGatewayDevice.WANDevice.1.WANDSLInterfaceConfig."},]]></value><!--FCS20210614_REQ_005_1_4 - Se añade query para Number Of Cuts y Total Link Retrain-->
          </contents>
           <sequence>
             <operation type="row_delimiter">
               <args><arg><value type="value">#</value></arg></args>
             </operation>
             <operation type="column_delimiter">
               <args><arg><value type="value">;</value></arg></args>
             </operation>
             <operation type="column_index">
               <args><arg><value type="value">1</value></arg></args>
             </operation>
             <operation type="column_equal">
               <args><arg><value type="parameter">par_front_access_type</value></arg></args>
             </operation>
             <operation type="column_selector">
               <args><arg><value type="value">2</value></arg></args>
             </operation>
          </sequence>
        </parameter>

        <!--FCS20210422_REQ_005_1_3: Añadido par_number_of_cpe_parameters-->
		<!-- JJSM 20230728 - Optimizacion - Se elimina linea de Hosts -->
        <paremeter id="par_query_parameters_CPE" type="value">
            <contents>
                <value type="value"><![CDATA["},
                {"query":  "$.extraId[schemeID='parameterNumber'].value=]]></value>
                <value type="parameter">par_number_of_cpe_parameters</value>
                <value type="value"><![CDATA["},
                {"query":  "$.characteristic[*].characteristicsValue[type = 'parameterName'].value=InternetGatewayDevice.LANDevice.1.Hosts.HostNumberOfEntries"},
                {"query":  "$.characteristic[*].characteristicsValue[type = 'parameterName'].value=InternetGatewayDevice.LANDevice.1.WLANConfiguration.1.TotalAssociations"},
                {"query":  "$.characteristic[*].characteristicsValue[type = 'parameterName'].value=InternetGatewayDevice.Time.LocalTimeZone"},
                {"query":  "$.characteristic[*].characteristicsValue[type = 'parameterName'].value=InternetGatewayDevice.DeviceInfo.UpTime"},
                {"query":  "$.characteristic[*].characteristicsValue[type = 'parameterName'].value=InternetGatewayDevice.LANDevice.1.WLANConfiguration.1.Status"},
                {"query":  "$.characteristic[*].characteristicsValue[type = 'parameterName'].value=InternetGatewayDevice.LANDevice.1.WLANConfiguration.1.SSID"},
                {"query":  "$.characteristic[*].characteristicsValue[type = 'parameterName'].value=InternetGatewayDevice.LANDevice.1.WLANConfiguration.1.AssociatedDevice."},
                {"query":  "$.characteristic[*].characteristicsValue[type = 'parameterName'].value=InternetGatewayDevice.LANDevice.1.WLANConfiguration.1.Channel"},
                {"query":  "$.characteristic[*].characteristicsValue[type = 'parameterName'].value=InternetGatewayDevice.LANDevice.1.WLANConfiguration.1.Enable"},
                {"query":  "$.characteristic[*].characteristicsValue[type = 'parameterName'].value=InternetGatewayDevice.LANDevice.1.WLANConfiguration.1.RadioEnabled"},
                {"query":  "$.characteristic[*].characteristicsValue[type = 'parameterName'].value=InternetGatewayDevice.LANDevice.1.WLANConfiguration.1.BeaconType"},
                {"query":  "$.characteristic[*].characteristicsValue[type = 'parameterName'].value=InternetGatewayDevice.LANDevice.1.WLANConfiguration.1.BSSID"},]]></value>
                <value type="parameter">par_query_wan_parameters</value>
                <value type="value"><![CDATA[
                {"query":  "$.characteristic[*].characteristicsValue[type = 'parameterName'].value=InternetGatewayDevice.Services.VoiceService.1.VoiceProfile.1.SIP.RegistrarServer"},
                {"query":  "$.characteristic[*].characteristicsValue[type = 'parameterName'].value=InternetGatewayDevice.Services.VoiceService.1.VoiceProfile.1.SIP.OutboundProxy"},
                {"query":  "$.characteristic[*].characteristicsValue[type = 'parameterName'].value=InternetGatewayDevice.Services.VoiceService.1.VoiceProfile.1.SIP.OutboundProxyPort"},
                {"query":  "$.characteristic[*].characteristicsValue[type = 'parameterName'].value=InternetGatewayDevice.Services.VoiceService.1.VoiceProfile.1.SIP.ProxyServer"},
                {"query":  "$.characteristic[*].characteristicsValue[type = 'parameterName'].value=InternetGatewayDevice.Services.VoiceService.1.VoiceProfile.1.Line.1.SIP.URI"},
                {"query":  "$.characteristic[*].characteristicsValue[type = 'parameterName'].value=InternetGatewayDevice.Services.VoiceService.1.VoiceProfile.1.Line.1.Enable"},
                {"query":  "$.characteristic[*].characteristicsValue[type = 'parameterName'].value=InternetGatewayDevice.Services.VoiceService.1.VoiceProfile.1.Line.1.Status"},
                {"query":  "$.characteristic[*].characteristicsValue[type = 'parameterName'].value=InternetGatewayDevice.Services.VoiceService.1.VoiceProfile.1.Line.1.SIP.AuthUserName"},
                {"query":  "$.characteristic[*].characteristicsValue[type = 'parameterName'].value=InternetGatewayDevice.Services.VoiceService.1.VoiceProfile.1.SIP.X_SecondaryOutboundProxy"},
                {"query":"$.resource[name='INPUT'].extraId[schemeName='ExecutionTimeoutSeconds'].value=60"},
                {"query":"$.resource[name='INPUT'].extraId[schemeName='ExpirationTimeoutSeconds'].value=60"},
                {"query":"$.resource[name='INPUT'].extraId[schemeName='Priority'].value=100"},
                {"query":"$.resource[name='INPUT'].extraId[schemeName='updateCachedDataRecord'].value=false"},
                {"query":"$.resource[name='INPUT'].extraId[schemeName='DisableCaptureConstraint'].value=true"},
                {"query":"$.resource[name='INPUT'].extraId[schemeName='FailOnConnectionRequestFailure'].value=false"},
                {"query":"$.resource[name='INPUT'].extraId[schemeName='RequestTimeout'].value=180000"}]}]]></value>
            </contents>
        </paremeter>
        <paremeter id="par_query_wifi_base" type="value">
            <contents>
                <value type="value"><![CDATA["},
                {"query":  "$.extraId[schemeID='parameterNumber'].value=7"},
                {"query":  "$.characteristic[*].characteristicsValue[type = 'parameterName'].value=InternetGatewayDevice.LANDevice.1.WLANConfiguration.1.SSID"},
                {"query":  "$.characteristic[*].characteristicsValue[type = 'parameterName'].value=InternetGatewayDevice.LANDevice.1.WLANConfiguration.1.Status"},
                {"query":  "$.characteristic[*].characteristicsValue[type = 'parameterName'].value=InternetGatewayDevice.LANDevice.1.WLANConfiguration.1.Channel"},
                {"query":  "$.characteristic[*].characteristicsValue[type = 'parameterName'].value=InternetGatewayDevice.LANDevice.1.WLANConfiguration.1.Enable"},
                {"query":  "$.characteristic[*].characteristicsValue[type = 'parameterName'].value=InternetGatewayDevice.LANDevice.1.WLANConfiguration.1.RadioEnabled"},
                {"query":  "$.characteristic[*].characteristicsValue[type = 'parameterName'].value=InternetGatewayDevice.LANDevice.1.WLANConfiguration.1.BeaconType"},
                {"query":  "$.characteristic[*].characteristicsValue[type = 'parameterName'].value=InternetGatewayDevice.LANDevice.1.WLANConfiguration.1.BSSID"},

                {"query":"$.resource[name='INPUT'].extraId[schemeName='ExecutionTimeoutSeconds'].value=60"},
                {"query":"$.resource[name='INPUT'].extraId[schemeName='ExpirationTimeoutSeconds'].value=60"},
                {"query":"$.resource[name='INPUT'].extraId[schemeName='Priority'].value=100"},
                {"query":"$.resource[name='INPUT'].extraId[schemeName='updateCachedDataRecord'].value=false"},
                {"query":"$.resource[name='INPUT'].extraId[schemeName='DisableCaptureConstraint'].value=true"},
                {"query":"$.resource[name='INPUT'].extraId[schemeName='FailOnConnectionRequestFailure'].value=false"},
                {"query":"$.resource[name='INPUT'].extraId[schemeName='RequestTimeout'].value=180000"}]}]]></value>
            </contents>

        </paremeter>
        <paremeter id="par_query_con_devices" type="value">
            <contents>
                <value type="value"><![CDATA["},
                {"query":  "$.extraId[schemeID='parameterNumber'].value=3"},
                {"query":  "$.characteristic[*].characteristicsValue[type = 'parameterName'].value=InternetGatewayDevice.LANDevice.1.Hosts."},
                {"query":  "$.characteristic[*].characteristicsValue[type = 'parameterName'].value=InternetGatewayDevice.LANDevice.1.WLANConfiguration.1.SSID"},
                {"query":  "$.characteristic[*].characteristicsValue[type = 'parameterName'].value=InternetGatewayDevice.LANDevice.1.WLANConfiguration.1.AssociatedDevice."},
                {"query":"$.resource[name='INPUT'].extraId[schemeName='ExecutionTimeoutSeconds'].value=60"},
                {"query":"$.resource[name='INPUT'].extraId[schemeName='ExpirationTimeoutSeconds'].value=60"},
                {"query":"$.resource[name='INPUT'].extraId[schemeName='Priority'].value=100"},
                {"query":"$.resource[name='INPUT'].extraId[schemeName='updateCachedDataRecord'].value=false"},
                {"query":"$.resource[name='INPUT'].extraId[schemeName='DisableCaptureConstraint'].value=true"},
                {"query":"$.resource[name='INPUT'].extraId[schemeName='FailOnConnectionRequestFailure'].value=false"},
                {"query":"$.resource[name='INPUT'].extraId[schemeName='RequestTimeout'].value=180000"}]}]]></value>
            </contents>

        </paremeter>
        <!--<paremeter id="par_query_voice_parameters" type="value">
            <contents>
                <value type="value"><![CDATA["},
                {"query":  "$.extraId[schemeID='parameterNumber'].value=9"},
                {"query":  "$.characteristic[*].characteristicsValue[type = 'parameterName'].value=InternetGatewayDevice.Services.VoiceService.1.VoiceProfile.1.SIP.RegistrarServer"},
                {"query":  "$.characteristic[*].characteristicsValue[type = 'parameterName'].value=InternetGatewayDevice.Services.VoiceService.1.VoiceProfile.1.SIP.OutboundProxy"},
                {"query":  "$.characteristic[*].characteristicsValue[type = 'parameterName'].value=InternetGatewayDevice.Services.VoiceService.1.VoiceProfile.1.SIP.OutboundProxyPort"},
                {"query":  "$.characteristic[*].characteristicsValue[type = 'parameterName'].value=InternetGatewayDevice.Services.VoiceService.1.VoiceProfile.1.SIP.ProxyServer"},
                {"query":  "$.characteristic[*].characteristicsValue[type = 'parameterName'].value=InternetGatewayDevice.Services.VoiceService.1.VoiceProfile.1.Line.1.SIP.URI"},
                {"query":  "$.characteristic[*].characteristicsValue[type = 'parameterName'].value=InternetGatewayDevice.Services.VoiceService.1.VoiceProfile.1.Line.1.Enable"},
                {"query":  "$.characteristic[*].characteristicsValue[type = 'parameterName'].value=InternetGatewayDevice.Services.VoiceService.1.VoiceProfile.1.Line.1.Status"},
                {"query":  "$.characteristic[*].characteristicsValue[type = 'parameterName'].value=InternetGatewayDevice.Services.VoiceService.1.VoiceProfile.1.Line.1.SIP.AuthUserName"},
                {"query":  "$.characteristic[*].characteristicsValue[type = 'parameterName'].value=InternetGatewayDevice.Services.VoiceService.1.VoiceProfile.1.SIP.X_SecondaryOutboundProxy"},

                {"query":"$.resource[name='INPUT'].extraId[schemeName='ExecutionTimeoutSeconds'].value=60"},
                {"query":"$.resource[name='INPUT'].extraId[schemeName='ExpirationTimeoutSeconds'].value=60"},
                {"query":"$.resource[name='INPUT'].extraId[schemeName='Priority'].value=100"},
                {"query":"$.resource[name='INPUT'].extraId[schemeName='updateCachedDataRecord'].value=false"},
                {"query":"$.resource[name='INPUT'].extraId[schemeName='DisableCaptureConstraint'].value=true"},
                {"query":"$.resource[name='INPUT'].extraId[schemeName='FailOnConnectionRequestFailure'].value=false"},
                {"query":"$.resource[name='INPUT'].extraId[schemeName='RequestTimeout'].value=180000"}]}]]></value>
            </contents>
        </paremeter>-->

        <paremeter id="par_front_access_type" type="value">
            <contents>
                <value type="parameter" role="front">par_access_type</value>
            </contents>
        </paremeter>

        <parameter id="par_root_path_wifi" type="value">
          <contents>
            <value type="value">InternetGatewayDevice.LANDevice.1.WLANConfiguration.</value>
          </contents>
        </parameter>

        <!--DCL20220217 - Zhilabs - INICIO -->
        <parameter id="par_root_actpath_wifi_enable_24" type="value">
          <contents>
            <value type="value">InternetGatewayDevice.LANDevice.1.WLANConfiguration.1.Enable</value>
          </contents>
        </parameter>

        <parameter id="par_root_actpath_radio_enable_24" type="value">
          <contents>
            <value type="value">InternetGatewayDevice.LANDevice.1.WLANConfiguration.1.RadioEnabled</value>
          </contents>
        </parameter>

        <parameter id="par_root_actpath_autochannel_24" type="value">
          <contents>
            <value type="value">InternetGatewayDevice.LANDevice.1.WLANConfiguration.1.Channel</value>
          </contents>
        </parameter>

        <parameter id="par_num_querys_act_wifi_autochannel_descssid" type="value">
          <contents>
            <value type="parameter">par_root_actpath_wifi_enable_24</value>
            <value type="value">,</value>
            <value type="parameter">par_root_actpath_radio_enable_24</value>
            <value type="value">,</value>
            <value type="parameter">par_root_actpath_autochannel_24</value>
          </contents>
          <sequence>
            <operation type="row_delimiter">
              <args><arg><value type="value">,</value></arg></args>
            </operation>
            <operation type="number_of_rows"/>
          </sequence>
        </parameter>
        <!--DCL20220217 - Zhilabs - FIN -->

        <parameter id="par_path_enable_ssid5" type="value"><!--en realidad se corresponde a la banda 2.4-->
            <contents>
                <value type="parameter">par_root_path_wifi</value>
                <value type="value">1.Enable</value>
            </contents>
        </parameter>
        <parameter id="par_path_radioenabled5" type="value"><!--en realidad se corresponde a la banda 2.4-->
            <contents>
                <value type="parameter">par_root_path_wifi</value>
                <value type="value">1.RadioEnabled</value>
            </contents>
        </parameter>
        <!--no soportado-->
        <!--<parameter id="par_path_ssid_oculto5" type="value">
            <contents>
                <value type="value">InternetGatewayDevice.LANDevice.1.WLANConfiguration.1.SSIDAdvertisementEnabled</value>
            </contents>
        </parameter>-->

            <!--no soportado-->
        <!--<parameter id="par_wifi_ssid_oculto_5" type="value" techview="never">
                <contents>
                    <value type="parameter">par_cpcpe_base_table</value>
                </contents>
                <sequence>
                    <operation type="column_index">
                        <args><arg><value type="value">1</value></arg></args>
                    </operation>
                    <operation type="column_equal">
                        <args><arg><value type="value">InternetGatewayDevice.LANDevice.1.WLANConfiguration.1.SSIDAdvertisementEnabled</value></arg></args>
                    </operation>
                    <operation type="column_selector">
                        <args><arg><value type="value">2</value></arg></args>
                    </operation>
                </sequence>
            </parameter>-->

          <parameter id="par_cpcpe_telephone_number" type="value" name="CPE_TelephoneNumber">
            <contents>
              <value type="parameter">par_cpcpe_base_table</value> <!-- AGS20220606 - se corrige parametro duplicado -->
            </contents>
            <sequence>
              <operation type="remove_pattern">
                <args><arg><value type="value">characteristic.characteristicsValue.</value></arg></args>
              </operation>
            <operation type="header_selector">
              <args><arg><value type="value">description;name;value</value></arg></args>
            </operation>
              <operation type="column_index">
                <args><arg><value type="value">1</value></arg></args>
              </operation>
              <operation type="column_equal">
                <args><arg><value type="value">value</value></arg></args>
              </operation>
              <operation type="column_index">
                <args><arg><value type="value">2</value></arg></args>
              </operation>
              <operation type="column_contain">
                <args><arg><value type="value">URI</value></arg></args>
              </operation>
              <operation type="column_selector">
                <args><arg><value type="value">3</value></arg></args>
              </operation>
            </sequence>
          </parameter>

        <parameter id="par_cpcpe_primary_ip_one" type="value" name="CPE_PrimaryOutboundProxyIP">
            <contents>
              <value type="parameter">par_cpcpe_base_table</value> <!-- AGS20220606 - se corrige parametro duplicado -->
            </contents>
            <sequence>
              <operation type="remove_pattern">
                <args><arg><value type="value">characteristic.characteristicsValue.</value></arg></args>
              </operation>
            <operation type="header_selector">
              <args><arg><value type="value">description;name;value</value></arg></args>
            </operation>
              <operation type="column_index">
                <args><arg><value type="value">1</value></arg></args>
              </operation>
              <operation type="column_equal">
                <args><arg><value type="value">value</value></arg></args>
              </operation>
              <operation type="column_index">
                <args><arg><value type="value">2</value></arg></args>
              </operation>
              <operation type="column_equal">
                <args><arg><value type="value">InternetGatewayDevice.Services.VoiceService.1.VoiceProfile.1.SIP.OutboundProxy</value></arg></args>
              </operation>
              <operation type="column_selector">
                <args><arg><value type="value">3</value></arg></args>
              </operation>
            </sequence>
          </parameter>

          <parameter id="par_cpcpe_secondary_ip_one" type="value" name="CPE_SecondaryOutboundProxyIP">
            <contents>
              <value type="parameter">par_cpcpe_base_table</value> <!-- AGS20220606 - se corrige parametro duplicado -->
            </contents>
            <sequence>
              <operation type="remove_pattern">
                <args><arg><value type="value">characteristic.characteristicsValue.</value></arg></args>
              </operation>
            <operation type="header_selector">
              <args><arg><value type="value">description;name;value</value></arg></args>
            </operation>
              <operation type="column_index">
                <args><arg><value type="value">1</value></arg></args>
              </operation>
              <operation type="column_equal">
                <args><arg><value type="value">value</value></arg></args>
              </operation>
              <operation type="column_index">
                <args><arg><value type="value">2</value></arg></args>
              </operation>
              <operation type="column_equal">
                <args><arg><value type="value">InternetGatewayDevice.Services.VoiceService.1.VoiceProfile.1.SIP.X_SecondaryOutboundProxy</value></arg></args>
              </operation>
              <operation type="column_selector">
                <args><arg><value type="value">3</value></arg></args>
              </operation>
            </sequence>
          </parameter>

          <parameter id="par_cpcpe_primary_port_one" type="value" name="CPE_PrimaryOutboundProxyPort">
            <contents>
              <value type="parameter">par_cpcpe_base_table</value> <!-- AGS20220606 - se corrige parametro duplicado -->
            </contents>
            <sequence>
              <operation type="remove_pattern">
                <args><arg><value type="value">characteristic.characteristicsValue.</value></arg></args>
              </operation>
            <operation type="header_selector">
              <args><arg><value type="value">description;name;value</value></arg></args>
            </operation>
              <operation type="column_index">
                <args><arg><value type="value">1</value></arg></args>
              </operation>
              <operation type="column_equal">
                <args><arg><value type="value">value</value></arg></args>
              </operation>
              <operation type="column_index">
                <args><arg><value type="value">2</value></arg></args>
              </operation>
              <operation type="column_equal">
                <args><arg><value type="value">InternetGatewayDevice.Services.VoiceService.1.VoiceProfile.1.SIP.OutboundProxyPort</value></arg></args>
              </operation>
              <operation type="column_selector">
                <args><arg><value type="value">3</value></arg></args>
              </operation>
            </sequence>
          </parameter>

        <parameter id="par_wifi_ssids" type="table" name="Resumen SSIDs">
            <contents>
                <value type="parameter">par_cpcpe_wifi_base_table</value>
            </contents>
            <sequence>
                <operation type="header_selector">
                    <args><arg><value type="value">key;key;value</value></arg></args>
                </operation>
                <operation type="first_row">
                    <args><arg><value type="value">2</value></arg></args>
                </operation>
                <!-- Nos quedamos con los valores que empiecen por esa raíz -->
                <operation type="column_index">
                    <args><arg><value type="value">2</value></arg></args>
                </operation>
                <operation type="column_contain">
                    <args><arg><value type="value">InternetGatewayDevice.LANDevice.1.WLANConfiguration.</value></arg></args>
                </operation>
                <operation type="column_index">
                    <args><arg><value type="value">2</value></arg></args>
                </operation>
                <operation type="replace_pattern">
                    <args><arg><value type="value">InternetGatewayDevice.LANDevice.1.WLANConfiguration.([0-9]+)\..*@to@$1</value></arg></args>
                </operation>
                <!-- Eliminamos la raíz de las claves para quedarnos con el nombre "local" -->
                <operation type="column_index">
                    <args><arg><value type="value">1</value></arg></args>
                </operation>
                <operation type="replace_pattern">
                    <args><arg><value type="value">InternetGatewayDevice.LANDevice.1.WLANConfiguration.[0-9]+\.(.*)@to@$1</value></arg></args>
                </operation>
                <!-- Le añadimos el índice a los valores para poder ordenar -->
                <operation type="add_header">
                    <args><arg><value type="value">key;index;value</value></arg></args>
                </operation>
                <operation type="column_left">
                    <args><arg><value type="value">index</value></arg></args>
                </operation>
                <operation type="column_right">
                    <args><arg><value type="value">value</value></arg></args>
                </operation>
                <operation type="merge">
                    <args><arg><value type="value">_</value></arg></args>
                </operation>
                <!-- Ordenamos por la nueva columna para tener las claves ordenadas por orden -->
                <operation type="first_row">
                    <args><arg><value type="value">2</value></arg></args>
                </operation>
                <operation type="column_index">
                    <args><arg><value type="value">2</value></arg></args>
                </operation>
                <operation type="order_lex">
                    <args><arg><value type="value">asc</value></arg></args>
                </operation>
                <!-- Convertimos la tabla clave valor en una tabla por ssid-->
                <operation type="transpose"/>
                <operation type="compact_table"/>

                <!-- Seleccionamos las cabeceras necesarias para la tabla final duplicando una de ellas como la primera para extraer el indice metido en el paso previo del merge -->
                <operation type="header_selector">
                    <args><arg><value type="value">BSSID;Status;SSID;BSSID;Channel;Channel;Channel;BeaconType</value></arg></args>
                </operation>
                <operation type="ignore_header">
                    <args><arg><value type="value">true</value></arg></args>
                </operation>

                <!-- Eliminamos la cabecera y extraemos el indice de la columan duplicada -->
                <operation type="column_index">
                    <args><arg><value type="value">1</value></arg></args>
                </operation>
                <operation type="replace_pattern">
                    <args><arg><value type="value">([0-9])_.*@to@$1</value></arg></args>
                </operation>

                <!-- Eliminamos el valor del indice del resto de campos -->
                <operation type="column_index">
                    <args><arg><value type="value">0</value></arg></args>
                </operation>
                <operation type="replace_pattern">
                    <args><arg><value type="value">[0-9]_(.*)@to@$1</value></arg></args>
                </operation>
                <!-- BAND: b24, b5 -->
                <!-- Obtenemos la banda de los posibles canales en vez del canal actual, porque cuando el ssid está apagado y el autochannel está encendido, el canal se pone en 0 -->
                <operation type="column_index">
                    <args><arg><value type="value">7</value></arg></args>
                </operation>
                <operation type="replace_pattern">
                    <args><arg><value type="value">0$@to@true</value></arg></args>
                </operation>
                <operation type="replace_pattern">
                    <args><arg><value type="value">^([1-9]|1[0-3]|1[4-9]|[2-9][0-9]|1[0-9]{2}|200)$@to@false</value></arg></args>
                </operation>
                <operation type="column_index">
                    <args><arg><value type="value">5</value></arg></args>
                </operation>
                <operation type="replace_pattern">
                    <args><arg><value type="value">^(0|[1-9]|1[0-3])$@to@b24</value></arg></args>
                </operation>
                <operation type="replace_pattern">
                    <args><arg><value type="value">^(1[4-9]|[2-9][0-9]|1[0-9]{2}|200)$@to@b5</value></arg></args>
                </operation>

                <!-- SECTYPE: open, wep64, wep128, wpapsk, wpa2psk, wpa12psk -->
                <operation type="column_index">
                    <args><arg><value type="value">8</value></arg></args>
                </operation>
                <operation type="replace_pattern">
                    <args><arg><value type="value">^None$@to@open</value></arg></args>
                </operation>
                <operation type="replace_pattern">
                    <args><arg><value type="value">^Basic$@to@wep64</value></arg></args>
                </operation>
                <operation type="replace_pattern">
                    <args><arg><value type="value">^WPA$@to@wpapsk</value></arg></args>
                </operation>
                <operation type="replace_pattern">
                    <args><arg><value type="value">^11i$@to@wpa2psk</value></arg></args>
                </operation>
                <operation type="replace_pattern">
                    <args><arg><value type="value">^WPAand11i$@to@wpa12psk</value></arg></args>
                </operation>

                <!-- ENABLED: true, false-->
                <operation type="column_index">
                    <args><arg><value type="value">2</value></arg></args>
                </operation>
                <operation type="replace_pattern">
                    <args><arg><value type="value">^(Up)$@to@true</value></arg></args>
                </operation>
                <operation type="replace_pattern">
                    <args><arg><value type="value">^(Error|Disabled)$@to@false</value></arg></args>
                </operation>

                <!-- AutoChannel: true, false -->
                <!--<operation type="column_index">
                    <args><arg><value type="value">7</value></arg></args>
                </operation>
                <operation type="replace_pattern">
                    <args><arg><value type="value">^1$@to@true</value></arg></args>
                </operation>
                <operation type="replace_pattern">
                    <args><arg><value type="value">^0$@to@false</value></arg></args>
                </operation>-->
                <!-- Dejamos las cabeceras finales -->
                <operation type="first_row">
                    <args><arg><value type="value">2</value></arg></args>
                </operation>
                <operation type="add_header">
                    <args><arg><value type="value">index;enabled;ssid;bssid;band;channel;autochannel;sectype</value></arg></args>
                </operation>
            </sequence>
        </parameter>
        <!--DCL20210721 - INC000042214120- INICIO-->
        <parameter id="par_wifi_ssids_diag" type="table" name="Resumen SSIDs">
            <contents>
                <value type="parameter">par_cpcpe_base_table</value>
            </contents>
            <sequence>
                <operation type="remove_pattern">
                  <args><arg><value type="value">characteristic.characteristicsValue.</value></arg></args>
                </operation>
                <operation type="header_selector">
                  <args><arg><value type="value">description;name;value</value></arg></args>
                </operation>
                <operation type="column_index">
                  <args><arg><value type="value">2</value></arg></args>
                </operation>
                <operation type="column_contain">
                  <args><arg><value type="value">WLANConfiguration</value></arg></args>
                </operation>
                <operation type="column_index">
                  <args><arg><value type="value">1</value></arg></args>
                </operation>
                <operation type="column_contain">
                  <args><arg><value type="value">value</value></arg></args>
                </operation>
                <operation type="column_index">
                  <args><arg><value type="value">2</value></arg></args>
                </operation>
                <operation type="order_lex">
                  <args><arg><value type="value">asc</value></arg></args>
                </operation>
                <operation type="add_header">
                  <args><arg><value type="value">#;key;value</value></arg></args>
                </operation>
                <operation type="header_selector">
                  <args><arg><value type="value">key;value</value></arg></args>
                </operation>
                <operation type="header_selector">
                    <args><arg><value type="value">key;key;value</value></arg></args>
                </operation>
                <operation type="first_row">
                    <args><arg><value type="value">2</value></arg></args>
                </operation>
                <!-- Nos quedamos con los valores que empiecen por esa raíz -->
                <operation type="column_index">
                    <args><arg><value type="value">2</value></arg></args>
                </operation>
                <operation type="column_contain">
                    <args><arg><value type="value">InternetGatewayDevice.LANDevice.1.WLANConfiguration.</value></arg></args>
                </operation>
                <operation type="column_index">
                    <args><arg><value type="value">2</value></arg></args>
                </operation>
                <operation type="replace_pattern">
                    <args><arg><value type="value">InternetGatewayDevice.LANDevice.1.WLANConfiguration.([0-9]+)\..*@to@$1</value></arg></args>
                </operation>
                <!-- Eliminamos la raíz de las claves para quedarnos con el nombre "local" -->
                <operation type="column_index">
                    <args><arg><value type="value">1</value></arg></args>
                </operation>
                <operation type="replace_pattern">
                    <args><arg><value type="value">InternetGatewayDevice.LANDevice.1.WLANConfiguration.[0-9]+\.(.*)@to@$1</value></arg></args>
                </operation>
                <!-- Le añadimos el índice a los valores para poder ordenar -->
                <operation type="add_header">
                    <args><arg><value type="value">key;index;value</value></arg></args>
                </operation>
                <operation type="column_left">
                    <args><arg><value type="value">index</value></arg></args>
                </operation>
                <operation type="column_right">
                    <args><arg><value type="value">value</value></arg></args>
                </operation>
                <operation type="merge">
                    <args><arg><value type="value">_</value></arg></args>
                </operation>
                <!-- Ordenamos por la nueva columna para tener las claves ordenadas por orden -->
                <operation type="first_row">
                    <args><arg><value type="value">2</value></arg></args>
                </operation>
                <operation type="column_index">
                    <args><arg><value type="value">2</value></arg></args>
                </operation>
                <operation type="order_lex">
                    <args><arg><value type="value">asc</value></arg></args>
                </operation>
                <!-- Convertimos la tabla clave valor en una tabla por ssid-->
                <operation type="transpose"/>
                <operation type="compact_table"/>

                <!-- Seleccionamos las cabeceras necesarias para la tabla final duplicando una de ellas como la primera para extraer el indice metido en el paso previo del merge -->
                <operation type="header_selector">
                    <args><arg><value type="value">BSSID;Status;SSID;BSSID;Channel;Channel;Channel;BeaconType</value></arg></args>
                </operation>
                <operation type="ignore_header">
                    <args><arg><value type="value">true</value></arg></args>
                </operation>

                <!-- Eliminamos la cabecera y extraemos el indice de la columan duplicada -->
                <operation type="column_index">
                    <args><arg><value type="value">1</value></arg></args>
                </operation>
                <operation type="replace_pattern">
                    <args><arg><value type="value">([0-9])_.*@to@$1</value></arg></args>
                </operation>

                <!-- Eliminamos el valor del indice del resto de campos -->
                <operation type="column_index">
                    <args><arg><value type="value">0</value></arg></args>
                </operation>
                <operation type="replace_pattern">
                    <args><arg><value type="value">[0-9]_(.*)@to@$1</value></arg></args>
                </operation>
                <!-- BAND: b24, b5 -->
                <!-- Obtenemos la banda de los posibles canales en vez del canal actual, porque cuando el ssid está apagado y el autochannel está encendido, el canal se pone en 0 -->
                <operation type="column_index">
                    <args><arg><value type="value">7</value></arg></args>
                </operation>
                <operation type="replace_pattern">
                    <args><arg><value type="value">0$@to@true</value></arg></args>
                </operation>
                <operation type="replace_pattern">
                    <args><arg><value type="value">^([1-9]|1[0-3]|1[4-9]|[2-9][0-9]|1[0-9]{2}|200)$@to@false</value></arg></args>
                </operation>
                <operation type="column_index">
                    <args><arg><value type="value">5</value></arg></args>
                </operation>
                <operation type="replace_pattern">
                    <args><arg><value type="value">^(0|[1-9]|1[0-3])$@to@b24</value></arg></args>
                </operation>
                <operation type="replace_pattern">
                    <args><arg><value type="value">^(1[4-9]|[2-9][0-9]|1[0-9]{2}|200)$@to@b5</value></arg></args>
                </operation>

                <!-- SECTYPE: open, wep64, wep128, wpapsk, wpa2psk, wpa12psk -->
                <operation type="column_index">
                    <args><arg><value type="value">8</value></arg></args>
                </operation>
                <operation type="replace_pattern">
                    <args><arg><value type="value">^None$@to@open</value></arg></args>
                </operation>
                <operation type="replace_pattern">
                    <args><arg><value type="value">^Basic$@to@wep64</value></arg></args>
                </operation>
                <operation type="replace_pattern">
                    <args><arg><value type="value">^WPA$@to@wpapsk</value></arg></args>
                </operation>
                <operation type="replace_pattern">
                    <args><arg><value type="value">^11i$@to@wpa2psk</value></arg></args>
                </operation>
                <operation type="replace_pattern">
                    <args><arg><value type="value">^WPAand11i$@to@wpa12psk</value></arg></args>
                </operation>

                <!-- ENABLED: true, false-->
                <operation type="column_index">
                    <args><arg><value type="value">2</value></arg></args>
                </operation>
                <operation type="replace_pattern">
                    <args><arg><value type="value">^(Up)$@to@true</value></arg></args>
                </operation>
                <operation type="replace_pattern">
                    <args><arg><value type="value">^(Error|Disabled)$@to@false</value></arg></args>
                </operation>

                <!-- AutoChannel: true, false -->
                <!--<operation type="column_index">
                    <args><arg><value type="value">7</value></arg></args>
                </operation>
                <operation type="replace_pattern">
                    <args><arg><value type="value">^1$@to@true</value></arg></args>
                </operation>
                <operation type="replace_pattern">
                    <args><arg><value type="value">^0$@to@false</value></arg></args>
                </operation>-->
                <!-- Dejamos las cabeceras finales -->
                <operation type="first_row">
                    <args><arg><value type="value">2</value></arg></args>
                </operation>
                <operation type="add_header">
                    <args><arg><value type="value">index;enabled;ssid;bssid;band;channel;autochannel;sectype</value></arg></args>
                </operation>
            </sequence>
        </parameter>
        <!--DCL20210721 - INC000042214120- FIN-->
        <parameter type="value" id="par_wifi_enabled_5"><!--en realidad se corresponde a la banda 2.4-->
          <contents>
            <value type="parameter">par_wifi_ssids</value>
          </contents>
          <sequence>
            <operation type="header_selector">
              <args><arg><value type="value">index;enabled</value></arg></args>
            </operation>
            <operation type="column_index">
              <args><arg><value type="value">1</value></arg></args>
            </operation>
            <operation type="column_equal">
              <args><arg><value type="value">1</value></arg></args>
            </operation>
            <operation type="column_selector">
              <args><arg><value type="value">2</value></arg></args>
            </operation>
          </sequence>
        </parameter>

        <parameter type="value" id="par_wifi_enabled_5_diag"><!--en realidad se corresponde a la banda 2.4-->
          <contents>
            <value type="parameter">par_cpcpe_base_table</value>
          </contents>
         <sequence>
            <operation type="column_index">
              <args><arg><value type="value">1</value></arg></args>
            </operation>
            <operation type="column_equal">
              <args><arg><value type="value">InternetGatewayDevice.LANDevice.1.WLANConfiguration.1.Status</value></arg></args>
            </operation>
            <operation type="column_selector">
              <args><arg><value type="value">2</value></arg></args>
            </operation>
            <operation type="replace_pattern">
              <args><arg><value type="value">^(Up|No (l|L)ink|unknown)$@to@true</value></arg></args><!-- PCA20220509 - INC000051293992 -->
            </operation>
            <operation type="replace_pattern">
              <args><arg><value type="value">^(Error|Disabled|Dormant|LowerLayerDown|Down|NotPresent)$@to@false</value></arg></args><!-- PCA20220509 - INC000051293992 -->
            </operation>
          </sequence>
        </parameter>

        <parameter type="value" id="par_cpe_wifi_number_devices_connected_5"><!--en realidad se corresponde a la banda 2.4-->
          <contents>
            <value type="parameter">par_cpcpe_base_table</value>
          </contents>
          <sequence>
            <operation type="remove_pattern">
              <args><arg><value type="value">characteristic.characteristicsValue.</value></arg></args>
            </operation>
            <operation type="header_selector">
              <args><arg><value type="value">description;name;value</value></arg></args>
            </operation>
            <operation type="column_index">
              <args><arg><value type="value">1</value></arg></args>
            </operation>
            <operation type="column_equal">
              <args><arg><value type="value">value</value></arg></args>
            </operation>
            <operation type="column_index">
              <args><arg><value type="value">2</value></arg></args>
            </operation>
            <operation type="column_contain">
              <args><arg><value type="value">1.TotalAssociations</value></arg></args>
            </operation>
            <operation type="column_selector">
              <args><arg><value type="value">3</value></arg></args>
            </operation>
          </sequence>
        </parameter>

        <parameter type="table" id="par_cpe_wifi_associated_devices_5">
          <contents>
            <value type="parameter">par_cpcpe_base_table</value><!-- JJSM 20230904 - sp3017-->
          </contents>
          <sequence>
            <operation type="column_index">
              <args><arg><value type="value">1</value></arg></args>
            </operation>
            <operation type="column_contain">
              <args><arg><value type="value">1.AssociatedDevice.</value></arg></args>
            </operation>
            <operation type="column_index">
              <args><arg><value type="value">1</value></arg></args>
            </operation>
            <operation type="remove_pattern">
              <args><arg><value type="value">InternetGatewayDevice.LANDevice.1.WLANConfiguration.1.AssociatedDevice.</value></arg></args>
            </operation>
            <operation type="column_clone"/>
            <operation type="add_header">
              <args><arg><value type="value">index;value;key</value></arg></args>
            </operation>
            <operation type="header_selector">
              <args><arg><value type="value">index;key;value</value></arg></args>
            </operation>
            <operation type="ignore_header">
              <args><arg><value type="value">true</value></arg></args>
            </operation>
            <operation type="column_index">
              <args><arg><value type="value">1</value></arg></args>
            </operation>
            <operation type="replace_pattern">
              <args><arg><value type="value">([0-9]).*@to@$1</value></arg></args>
            </operation>
            <operation type="column_index">
              <args><arg><value type="value">2</value></arg></args>
            </operation>
            <operation type="replace_pattern">
              <args><arg><value type="value">[0-9]\.@to@</value></arg></args>
            </operation>
            <!--<operation type="remove_pattern">
              <args><arg><value type="value">[0-9].</value></arg></args>
            </operation>-->
            <operation type="column_index">
              <args><arg><value type="value">2</value></arg></args>
            </operation>
            <operation type="order_lex">
              <args><arg><value type="value">asc</value></arg></args>
            </operation>
            <operation type="column_index">
              <args><arg><value type="value">1</value></arg></args>
            </operation>
            <operation type="order_num">
              <args><arg><value type="value">asc</value></arg></args>
            </operation>
            <operation type="ignore_header">
              <args><arg><value type="value">false</value></arg></args>
            </operation>
            <operation type="column_excluder">
              <args><arg><value type="value">index</value></arg></args>
            </operation>
            <operation type="row_excluder">
              <args><arg><value type="value">key</value></arg></args>
            </operation>
            <operation type="transpose"/>
            <operation type="compact_table"/><!---->
          </sequence>
        </parameter>

        <!-- Para no reescribir todos los diagnósticos de Voz para este CPE y ahorrar tiempo de ejecución, se comprobará que se realice bien la llamada general en vez de la individual de Voz, pero conservará el nombre de "voice"-->
          <parameter id="par_cpcpe_voice_http_code" type="value">
              <contents>
                <value type="infosource_value" infosource="cpe" endpointid="Consulta_parametros_CPE">_httpCode</value>
              </contents> 
          </parameter>

          <parameter id="par_cpcpe_voice_err_code">
              <contents>
                <value type="infosource_value" infosource="cpe" endpointid="Consulta_parametros_CPE">_errCode</value>
              </contents>
          </parameter>

          <parameter id="par_cpcpe_voice_err_desc">
              <contents>
                <value type="infosource_value" infosource="cpe" endpointid="Consulta_parametros_CPE">_errDesc</value>
              </contents>
          </parameter>
          <!-- POH 20211102 - Check para comprobar que tiene serviceID - INICIO -->
          <parameter id="par_grc_service_id_front" type="value">
              <contents>
                <value type="parameter" role="front">par_grc_service_id</value>
              </contents>
          </parameter>
          <!-- POH 20211102 - Check para comprobar que tiene serviceID - FIN -->

    </parameters>
    <tests>
        <test id="tst_template">
            <expr type="and">
                <reference type="check" id="chk_grc_service_id_eq_unknown" inverse="true"/> <!-- POH 20211102 - Check para comprobar que tiene serviceID -->
                <reference type="check" id="chk_grc_service_type_eq_mobile" inverse="true"/><!--TML20220617 - limitación a clientes no mobiles-->
                <reference type="check" id="chk_template"/>
            </expr>
        </test>

        <test id="tst_timezone_mal_configurado00">
            <expr type="and">
                <reference type="check" id="chk_cpcpe_timezone_neq_0000"/>
            </expr>
        </test>

        <test id="tst_timezone_mal_configurado01">
            <expr type="and">
              <reference type="check" id="chk_cpcpe_timezone_neq_0100"/>
            </expr>  
        </test>
        <!-- -->
        <test id="tst_timezone_bien_configurado00">
            <expr type="and">
                <reference type="check" id="chk_cpcpe_timezone_eq_0000"/>
            </expr>
        </test>

        <test id="tst_timezone_bien_configurado01">
          <expr type="and">
            <reference type="check" id="chk_cpcpe_timezone_eq_0100"/>
          </expr>
        </test>

      <test id="tst_cpcpe_configuracion_servicio_voz_ok">
        <expr type="and">
          <reference type="check" id="chk_telephone_number_voip_is_eq"/>
          <reference type="check" id="chk_ims_login_voip_is_eq"/>
          <!--<reference type="check" id="chk_cpcpe_primary_port_one_eq_inv_primary_port"/> DCL20210603 - INCHM_181_3-->
          <!--<reference type="check" id="chk_cpcpe_primary_port_two_eq_inv_primary_port"/>-->
          <!--<reference type="check" id="chk_cpcpe_secondary_port_one_eq_inv_second_port"/>DCL20210603 - INCHM_181_3-->
          <!--<reference type="check" id="chk_cpcpe_secondary_port_two_eq_inv_second_port"/>-->
          <!--<reference type="check" id="chk_cpcpe_primary_ip_one_eq_inv_primary_ip"/>DCL20210603 - INCHM_181_3-->
          <!--<reference type="check" id="chk_cpcpe_primary_ip_two_eq_inv_primary_ip"/>-->
          <!--<reference type="check" id="chk_cpcpe_secondary_ip_one_eq_inv_second_ip"/>-->
          <!--<reference type="check" id="chk_cpcpe_secondary_ip_two_eq_inv_second_ip"/>-->
        </expr>
      </test>

        <test id="tst_cpcpe_configuracion_servicio_voz_ko">
          <expr type="or">
          <reference type="check" id="chk_telephone_number_voip_is_neq"/>
          <reference type="check" id="chk_ims_login_voip_is_neq"/>
          <!--<reference type="check" id="chk_cpcpe_primary_port_one_neq_inv_primary_port"/>DCL20210603 - INCHM_181_3-->
          <!--<reference type="check" id="chk_cpcpe_primary_port_two_neq_inv_primary_port"/>-->
          <!--<reference type="check" id="chk_cpcpe_secondary_port_one_neq_inv_second_port"/> DCL20210603 - INCHM_181_3-->
          <!--<reference type="check" id="chk_cpcpe_secondary_port_two_neq_inv_second_port"/>-->
          <!--<reference type="check" id="chk_cpcpe_primary_ip_one_neq_inv_primary_ip"/>DCL20210603 - INCHM_181_3-->
          <!--<reference type="check" id="chk_cpcpe_primary_ip_two_neq_inv_primary_ip"/>-->
          <!--<reference type="check" id="chk_cpcpe_secondary_ip_one_neq_inv_second_ip"/>-->
          <!--<reference type="check" id="chk_cpcpe_secondary_ip_two_neq_inv_second_ip"/>-->
        </expr>
      </test>

    </tests>
    <checks>
        <check id="chk_template">
            <parameter>par_od_resource_productclass</parameter>
            <result>
                <expr type="and">
                    <operation type="contains">
                        <args><arg><value type="value">ARV7510PW22</value></arg></args>
                    </operation>
                </expr>
            </result>
        </check>
        <!-- POH 20211102 - Check para comprobar que tiene serviceID - INICIO -->
        <check id="chk_grc_service_id_eq_unknown">
            <parameter>par_grc_service_id_front</parameter>
            <result>
                <expr type="and">
                    <operation type="equal">
                        <args><arg><value type="value">unknown</value></arg></args>
                    </operation>
                </expr>
            </result>
        </check>
        <!-- POH 20211102 - Check para comprobar que tiene serviceID - FIN -->
    </checks>

    <actions>        
      <!-- JJSM 20221912 - SP2303 - Se elimina accion innecesaria -->

        <!--FCS20210524_INCHM_213_ Accion que activa el autochannel a la banda de 2.4ghz (se usa en diagnosticos)-->
        <!--JJSM 20221912 - SP2303 - inicio -->
        <action id="act_wifi_ssids_setautochannel" type="button" techview="ifused">
          <texts>
            <text type="detail">Activar el modo autochannel canal 1</text>
            <!--<text type="warning">En este modo el WiFi cambiar de canal de emision de forma automática</text>-->
            <text type="ok">El mode auto-channel ha sido activada</text>
            <text type="error">Ha habido un problema para aplicar los cambios, por favor inténtalo de nuevo pasados unos minutos</text>
          </texts>
          <sequence>
			   <step type="infosource" infosource="cpe" endpointid="act_wifi_ssid_setautochannel_generic">
				<args>
					<arg argid="arg_path_autochannel">
						<value type="parameter">par_root_actpath_autochannel_24</value>
					</arg>
					<arg argid="index">
						<value type="argument">index</value>
					</arg>
				</args>
			  </step>
          </sequence>
        </action>
        <!--JJSM 20221912 - SP2303 - fin -->
        <!--DCL20220218 - Zhilabs - INICIO -->
        <action id="act_wifi_ssids_enable_setautochannel_desocultar" type="button">
          <texts>
            <text type="detail">Activar WIFI. Activar el modo autochannel. Desocultar SSID</text>
            <text type="ok">Tu red WiFi ha sido activada. El mode auto-channel ha sido activada. Tu red WiFi ha sido desocultada</text>
            <text type="error">Ha habido un problema para aplicar los cambios, por favor inténtalo de nuevo pasados unos minutos</text>
          </texts>
          <sequence>
              <!--DCL20220218 - Zhilabs - INICIO -->
              <step type="infosource" infosource="cpe" endpointid="act_wifi_ssids_enable_setautochannel_desocultar">
                <args>
                  <arg argid="number_of_params">
                      <value type="parameter">par_num_querys_act_wifi_autochannel_descssid</value>
                  </arg>
                  <arg loopid="params" index="0" argid="query">
                      <value type="parameter">par_root_actpath_wifi_enable_24</value>
                  </arg>
                  <arg loopid="params" index="0" argid="type">
                      <value type="value">boolean</value>
                  </arg>
                  <arg loopid="params" index="0" argid="value">
                      <value type="value">1</value>
                  </arg>
                  <arg loopid="params" index="1" argid="query">
                      <value type="parameter">par_root_actpath_radio_enable_24</value>
                  </arg>
                  <arg loopid="params" index="1" argid="type">
                      <value type="value">boolean</value>
                  </arg>
                  <arg loopid="params" index="1" argid="value">
                      <value type="value">1</value>
                  </arg>
                  <arg loopid="params" index="2" argid="query">
                      <value type="parameter">par_root_actpath_autochannel_24</value>
                  </arg>
                  <arg loopid="params" index="2" argid="type">
                      <value type="value">unsignedInt</value>
                  </arg>
                  <arg loopid="params" index="2" argid="value">
                      <value type="value">0</value>
                  </arg>
                </args>
              </step>
              <!--DCL20220218 - Zhilabs - FIN -->
              <step type="wait" time="5000"/>
            </sequence>
            <messages>
              <message id="msg_wifi_ssids_enable_setautochannel_desocultar_ok" severity="info" datatype="text" storable="true">
                <body><value type="value">Se ha habilitado la red wifi. Se ha activado el autochannel. Se ha desocultado la red wifi</value></body>
                <requirement>
                  <expr type="and">      
                    <reference type="test" id="tst_endpoint_act_wifi_ssids_enable_setautochannel_desocultar_isok"/>
                  </expr>
                </requirement>
              </message>
              <message id="msg_wifi_ssids_enable_setautochannel_desocultar_ko" severity="error" datatype="text" storable="true">
                <body><value type="value">No se pudo habilitar la red wifi, activar el autochannel, desocultar la red wifi</value></body>
                <requirement>
                  <expr type="and">
                    <reference type="test" id="tst_endpoint_act_wifi_ssids_enable_setautochannel_desocultar_isok" inverse="true"/>
                  </expr>
                </requirement>
              </message>
            </messages>
            <result>
              <expr type="and">
                <reference type="test" id="tst_endpoint_act_wifi_ssids_enable_setautochannel_desocultar_isok"/>
              </expr>
            </result>
        </action>
        <!--DCL20220218 - Zhilabs - FIN -->
    </actions>
</template>
    