<?xml version='1.0' encoding='UTF-8'?>
<template role="certification" parent="role_certification" version="2.2" type="role">

    <!-- ################################################################################ -->
    <!-- ##########################   PARAMETROS ######################################## -->
    <!-- ################################################################################ -->

    <parameters>
      <parameter id="par_ip_definitiva" type="value">
        <contents>
          <value type="parameter">par_nat_ip_cliente_flujo_cert</value>
        </contents>
      </parameter>
    </parameters>
	<tests>
        <test id="tst_template">
            <expr type="and">
				<reference type="test" id="tst_cliente_hfc" inverse="true"/>
				<reference type="test" id="tst_cliente_lw" inverse="true"/>
				<reference type="test" id="tst_cliente_nateado_cert"/>
            </expr>
        </test>
	</tests>
	<checks>
	</checks>
	<actions>
	</actions>
</template>