<?xml version='1.0' encoding='UTF-8'?>
<template infosource="tvplatform" version="3.0" type="infosource">

<!-- ############################################################################################## --> 
<!-- Version 1.0                                                                                    -->
<!--  - Version de partida                                                                          -->
<!-- ############################################################################################## -->

	<connectivity>
		<troubleshoot>
			<!--DBC_INC_332_2_11062021_Se añaden datalinks para que funcionen como una sóla iteración-->
			<datalinks>

				<datalink id="Kaltura_Provision_Actualiza_Kaltura" cachemode="always">
                    <endpointreferences>
                        <endpointreference id="Kaltura_Provision"/>
                        <endpointreference id="uim_UP_kaltura"/>
                    </endpointreferences>
                </datalink>

                <datalink id="Kaltura_Provision_Boxless_Actualiza_Kaltura" cachemode="always">
                    <endpointreferences>
                        <endpointreference id="Kaltura_Provision_Boxless"/>
                        <endpointreference id="uim_UP_kaltura_boxless"/>
                    </endpointreferences>
                </datalink>

                <datalink id="Kaltura_Provision_Tivo_Actualiza_Kaltura" cachemode="always">
                    <endpointreferences>
                        <endpointreference id="Kaltura_Provision_TIVO"/>
                        <endpointreference id="uim_UP_kaltura_tivo"/>
                    </endpointreferences>
                </datalink>

				<!-- DCO20240716 - Seamless Login - INICIO -->
				<datalink id="delete_device_kalturaTotal" cachemode="never">
					<endpointreferences>
						<endpointreference id="device_list_kaltura" share="true"/>
                        <endpointreference id="delete_device_kaltura"/>
                    </endpointreferences>
                </datalink>
				<!-- DCO20240716 - Seamless Login - FIN -->

			</datalinks>

			<endpoints>

				<!--ENDPOINT CONFIGURACION_IPTV-->
				<endpoint id="Configuracion_IPTV" type="ws" verbose="true" lazy="true" connecttimeout="4000" requesttimeout="20000">
					<method>GET</method>
					<url ignoreSSL="true">{url}/ResourceInventoryREST/resourceInventory/{coGuid}?</url>
					<args>
						<arg type="path" id="url">
							<value type="parameter" parameterid="par_url_bus"/>
						</arg>
						<arg type="path" id="coGuid">
							<value type="parameter" parameterid="par_coguid"/>
						</arg>
						<arg type="header" id="Accept">
							<value type="value"><content>application/json</content></value>
						</arg>
						<arg type="header" id="X-IBM-Client-Id">
							<value type="parameter" parameterid="par_bus_clientid"/>
						</arg>
						<arg type="header" id="X-VF-API-Process">
							<value type="value"><content>Configuracion_IPTV</content></value>
						</arg>
						<arg type="header" id="X-VF-API-Debug">
							<value type="value"><content>true</content></value>
						</arg>
						<arg type="header" id="Content-Type">
							<value type="value"><content>application/json</content></value>
						</arg>
					</args>
					<response type="json"/>
				</endpoint>

				<!--ENDPOINT KALTURA_INFORMACION-->
				<endpoint id="Kaltura_Informacion" type="ws" verbose="true" lazy="true" connecttimeout="4000" requesttimeout="4000"><!--CCA20220601 - Cambio en el valor de requesttimeout--><!-- JMN20210622 - SUBIR A PRO - cambio requesttimeout -->
					<method>GET</method>
					<url ignoreSSL="true">{url}/ServiceConfigurationREST/serviceConfiguration/{coGuid}?</url>
					<args>
						<arg type="path" id="url">
							<value type="parameter" parameterid="par_url_bus"/>
						</arg>
						<arg type="path" id="coGuid">
							<value type="parameter" parameterid="par_coguid"/>
						</arg>
						<arg type="header" id="Accept">
							<value type="value"><content>application/json</content></value>
						</arg>
						<arg type="header" id="X-IBM-Client-Id">
							<value type="parameter" parameterid="par_bus_clientid"/>
						</arg>
						<!--<arg type="header" id="X-VF-API-Process">
							<value type="value"><content>Kaltura_Informacion</content></value>
						</arg>-->
						<arg type="header" id="X-VF-API-Process">
							<!-- DBC20210921_PHOENIX - Se cambia Api-Process por migracion - INICIO -->
							<value type="value"><content>InformacionSuscripcion</content></value>
							<!-- DBC20210921_PHOENIX - Se cambia Api-Process por migracion - FIN -->
						</arg>
						<arg type="header" id="Content-Type">
							<value type="value"><content>application/json</content></value>
						</arg>
					</args>
					<response type="json"/>
				</endpoint>

				<!--ENDPOINT CONSULTA CUENTA VRM-->
				<endpoint id="Consulta_cuenta_VRM" type="ws" verbose="true" lazy="true" connecttimeout="4000" requesttimeout="20000">
					<method>POST</method>
					<url ignoreSSL="true">{url}/ServiceConfigurationREST/serviceConfiguration/search</url>
					<args>
						<arg type="path" id="url">
							<value type="parameter" parameterid="par_url_bus"/>
						</arg>
						<arg type="header" id="Accept">
							<value type="value"><content>application/json</content></value>
						</arg>
						<arg type="header" id="X-IBM-Client-Id">
							<value type="parameter" parameterid="par_bus_clientid"/>
						</arg>
						<arg type="header" id="X-VF-API-Process">
							<value type="value"><content>Consulta_cuenta_VRM</content></value>
						</arg>
						<arg type="header" id="Content-Type">
							<value type="value"><content>application/json</content></value>
						</arg>
					</args>
					<body contenttype="text">
              			<text>
              				<value type="value"><content><![CDATA[{"queries":[{"query":"$.parts.service.id[schemeName='USERNAME'].value=]]></content></value>
              				<value type="parameter" parameterid="par_coguid"/>
              				<value type="value"><content><![CDATA["}]}]]></content></value>
						</text>
					</body>
					<response type="json"/>
				</endpoint>

				<!--ENDPOINT "Consultar IPTV STBs CPE para FTTH"-->
				<endpoint id="infoSTBsCPE" type="ws" verbose="true" lazy="true" connecttimeout="4000" requesttimeout="13000"><!--CCA20220601 - Cambio en el valor de requesttimeout-->
					<method>POST</method>
					<url ignoreSSL="true">{url}/ResourceInventoryREST/resourceInventory/search</url>
					<args>
						<arg type="path" id="url">
							<value type="parameter" parameterid="par_url_bus"/>
						</arg>
						<arg type="header" id="Accept">
							<value type="value"><content>application/json</content></value>
						</arg>
						<arg type="header" id="X-IBM-Client-Id">
							<value type="parameter" parameterid="par_bus_clientid"/>
						</arg>
						<arg type="header" id="X-VF-API-Process">
							<value type="value"><content>infoSTBsCPE</content></value>
						</arg>
						<arg type="header" id="Content-Type">
							<value type="value"><content>application/json</content></value>
						</arg>
					</args>
					<body contenttype="text">
              			<text>
              				<value type="value"><content><![CDATA[{
								"queries": [
									{
										"query": "$.type= CableModem"
									},
									{
										"query": "$.id[?(@.schemeName=='ipCPE')].value=]]></content></value>
			              				<value type="parameter" parameterid="par_gsip_oip_tv_ip_address_final2" role="inet"/>
			              				<value type="value"><content><![CDATA["
									}
								]
							}]]></content></value>
						</text>
					</body>
					<response type="json"/>
				</endpoint>

				<!--ENDPOINT CONSULTA_CAMBIO_CTO-->
				<endpoint id="consulta_cambio_cto" type="ws" verbose="true" lazy="true" connecttimeout="4000" requesttimeout="20000">
					<method>GET</method>
					<url ignoreSSL="true">{url}/ResourceInventoryREST/resourceInventory/{admin_num}?</url>
					<args>
						<arg type="path" id="url">
							<value type="parameter" parameterid="par_url_bus"/>
						</arg>
						<arg type="path" id="admin_num">
							<value type="parameter" parameterid="par_adminnumber"/>
						</arg>
						<arg type="header" id="Accept">
							<value type="value"><content>application/json</content></value>
						</arg>
						<arg type="header" id="X-IBM-Client-Id">
							<value type="parameter" parameterid="par_bus_clientid"/>
						</arg>
						<arg type="header" id="X-VF-API-Process">
							<value type="value"><content>Consulta_Cambio_CTO</content></value>
						</arg>
						<arg type="header" id="Content-Type">
							<value type="value"><content>application/json</content></value>
						</arg>
					</args>
					<response type="json"/>
				</endpoint>


				<!-- DCO20240716 - Seamless Login - INICIO -->
				<endpoint type="ws" id="delete_device_kaltura" verbose="true" lazy="true" cachemode="never" connecttimeout="4000" requesttimeout="3000">
					<method>PATCH</method>
					<url ignoreSSL="true">{url}p-resource-inventory-management-pprd/api/resource/{UDID}</url>
					<args>
						<arg type="path" id="url">
							<value type="parameter" parameterid="par_url_mulesoft"/>
						</arg>
						<arg type="path" id="UDID">
							<value type="argument" argumentid="arg_udid"/>
							<!-- <value type="value"><content>309711759</content></value> -->
						  </arg>
						<arg type="header" id="X-VF-Origin-System">
							<value type="value"><content>SC</content></value>
						</arg>
						<arg type="header" id="X-VF-API-Process">
							<value type="value"><content>deleteDeviceKaltura</content></value>
						</arg>
						<arg type="header" id="client_id">
							<value type="parameter" parameterid="par_mulesoft_clientid"/>
						</arg>
						<arg type="header" id="client_secret">
							<value type="parameter" parameterid="par_mulesoft_client_secret"/>
						</arg>
					</args>
					<body contenttype="text">
						<text>
							<value type="value"><content><![CDATA[
								{
								"operationalState" :enabled
								}
							]]></content></value>
						</text>
					  </body>
					<response type="json"/>
				</endpoint>

				<endpoint type="ws" id="device_list_kaltura" verbose="true" lazy="true" connecttimeout="4000" requesttimeout="3000">
					<method>GET</method>
					<url ignoreSSL="true">{url}p-resource-inventory-management-pprd/api/resource?</url>
					<args>
						<arg type="path" id="url">
							<value type="parameter" parameterid="par_url_mulesoft"/>
						</arg>
						<arg type="query" id="$.relatedParty[?(@.role==&quot;customer&quot;)].id">
							<value type="parameter" parameterid="par_client_id" role="front"/>
						</arg>
						<arg type="header" id="X-VF-Origin-System">
							<value type="value"><content>SC</content></value>
						</arg>
						<arg type="header" id="X-VF-API-Process">
							<value type="value"><content>deviceListKaltura</content></value>
						</arg>
						<arg type="header" id="client_id">
							<value type="parameter" parameterid="par_mulesoft_clientid"/>
						</arg>
						<arg type="header" id="client_secret">
							<value type="parameter" parameterid="par_mulesoft_client_secret"/>
						</arg>
					</args>
					<response type="json"/>
				</endpoint>
				<!-- DCO20240716 - Seamless Login - FIN -->
			</endpoints>
		</troubleshoot>

		<action>
			<endpoints connecttimeout="20000" requesttimeout="20000">

				<!--ENDPOINT REFRESCO CANALES TV KALTURA-->
				<endpoint id="Refresco_Canales_TV_Kaltura" type="ws" verbose="true" lazy="true" connecttimeout="4000" requesttimeout="36000"><!--CCA20220601 - Cambio en el valor de requesttimeout-->
				    <method>PATCH</method>
				    <url ignoreSSL="true">{url}/ResourceConfigurationREST/resourceConfiguration/{coGuid}</url>
				    <args>
				        <arg type="path" id="url">
				            <value type="parameter" parameterid="par_url_bus"/>
				        </arg>
				        <arg type="path" id="coGuid">
				            <value type="parameter" parameterid="par_coguid"/>
				        </arg>
				        <arg type="header" id="Accept">
				            <value type="value"><content>application/json</content></value>
				        </arg>
				        <arg type="header" id="X-IBM-Client-Id">
				            <value type="parameter" parameterid="par_bus_clientid"/>
				        </arg>
				        <arg type="header" id="X-VF-API-Process">
				            <value type="value"><content>Refresco_Canales_TV_Kaltura</content></value>
				        </arg>
				        <arg type="header" id="Content-Type">
				            <value type="value"><content>application/json</content></value>
				        </arg>
				    </args>
				    <body contenttype="text">
				        <text>
				            <value type="value"><content>[</content></value><value type="argument" argumentid="arg_subscription_id"/><value type="value"><content>]</content></value>
				        </text>
				    </body>
				    <response type="json"/>
				</endpoint>

				<!--ENDPOINT KALTURA ACTIVAR TVOD-->
				<endpoint id="Kaltura_Activar_TVoD" type="ws" verbose="true" lazy="true" connecttimeout="4000" requesttimeout="4000"><!--CCA20220601 - Cambio en el valor de requesttimeout-->
					<method>PATCH</method>
					<url ignoreSSL="true">{url}/ServiceConfigurationREST/serviceConfiguration/{coGuid}</url>
					<args>
						<arg type="path" id="url">
							<value type="parameter" parameterid="par_url_bus"/>
						</arg>
						<arg type="path" id="coGuid">
							<value type="parameter" parameterid="par_coguid"/>
						</arg>
						<arg type="header" id="Accept">
							<value type="value"><content>application/json</content></value>
						</arg>
						<arg type="header" id="X-IBM-Client-Id">
							<value type="parameter" parameterid="par_bus_clientid"/>
						</arg>
						<!--<arg type="header" id="X-VF-API-Process">
							<value type="value"><content>Kaltura_Activar_TVoD</content></value>
						</arg>-->
						<arg type="header" id="X-VF-API-Process">
							<!-- DBC20210921_PHOENIX - Se cambia Api-Process por migracion - INICIO -->
							<value type="value"><content>Activar_TVoD</content></value>
							<!-- DBC20210921_PHOENIX - Se cambia Api-Process por migracion - FIN -->
						</arg>
						<arg type="header" id="Content-Type">
							<value type="value"><content>application/json</content></value>
						</arg>
					</args>
					<response type="json"/>
				</endpoint>

				<!--ENDPOINT KALTURA CAMBIAR LOGINPIN-->
				<endpoint id="Kaltura_Cambiar_LoginPin" type="ws" verbose="true" lazy="true" connecttimeout="4000" requesttimeout="3000"><!--CCA20220601 - Cambio en el valor de requesttimeout-->
					<method>PATCH</method>
					<url ignoreSSL="true">{url}/ServiceConfigurationREST/serviceConfiguration/{coGuid}</url>
					<args>
						<arg type="path" id="url">
							<value type="parameter" parameterid="par_url_bus"/>
						</arg>
						<arg type="path" id="coGuid">
							<value type="parameter" parameterid="par_coguid"/>
						</arg>
						<arg type="header" id="Accept">
							<value type="value"><content>application/json</content></value>
						</arg>
						<arg type="header" id="X-IBM-Client-Id">
							<value type="parameter" parameterid="par_bus_clientid"/>
						</arg>
						<!--<arg type="header" id="X-VF-API-Process">
							<value type="value"><content>Kaltura_Cambiar_LoginPin</content></value>
						</arg>-->
						<arg type="header" id="X-VF-API-Process">
							<!-- DBC20210921_PHOENIX - Se cambia Api-Process por migracion - INICIO -->
							<value type="value"><content>Cambiar_LoginPin</content></value>
							<!-- DBC20210921_PHOENIX - Se cambia Api-Process por migracion - FIN -->
						</arg>
						<arg type="header" id="Content-Type">
							<value type="value"><content>application/json</content></value>
						</arg>
					</args>
					<body contenttype="text">
              			<text>
                            <value type="value"><content><![CDATA[
                            [
                              {
                                "op": "replace",
                                "path": "$.parts.service.id[schemeName='PIN'].value",
                                "value": {
                                  "value": "]]></content></value><value type="argument" argumentid="arg_loginpin"/><value type="value"><content><![CDATA["
                                }
                              }
                            ]]]></content></value>
						</text>
					</body>
					<response type="json"/>
				</endpoint>

				<!--ENDPOINT KALTURA RESETEO PIN-->
				<endpoint id="Kaltura_Reseteo_Pin" type="ws" verbose="true" lazy="true" connecttimeout="4000" requesttimeout="4000"><!--CCA20220601 - Cambio en el valor de requesttimeout-->
					<method>PATCH</method>
					<url ignoreSSL="true">{url}/ServiceConfigurationREST/serviceConfiguration/{coGuid}</url>
					<args>
						<arg type="path" id="url">
							<value type="parameter" parameterid="par_url_bus"/>
						</arg>
						<arg type="path" id="coGuid">
							<value type="parameter" parameterid="par_coguid"/>
						</arg>
						<arg type="header" id="Accept">
							<value type="value"><content>application/json</content></value>
						</arg>
						<arg type="header" id="X-IBM-Client-Id">
							<value type="parameter" parameterid="par_bus_clientid"/>
						</arg>
						<!--<arg type="header" id="X-VF-API-Process">
							<value type="value"><content>Kaltura_Reseteo_Pin</content></value>
						</arg>-->
						<arg type="header" id="X-VF-API-Process">
							<!-- DBC20210921_PHOENIX - Se cambia Api-Process por migracion - INICIO -->
							<value type="value"><content>Reseteo_Pin</content></value>
							<!-- DBC20210921_PHOENIX - Se cambia Api-Process por migracion - FIN -->
						</arg>
						<arg type="header" id="Content-Type">
							<value type="value"><content>application/json</content></value>
						</arg>
					</args>
					<response type="json"/>
				</endpoint>

				<!--ENDPOINT KALTURA REFRESCO LOCALIZACION-->
				<endpoint id="Kaltura_Refresco_Localizacion" type="ws" verbose="true" lazy="true" connecttimeout="4000" requesttimeout="12000"><!--CCA20220601 - Cambio en el valor de requesttimeout-->
					<method>PATCH</method>
					<url ignoreSSL="true">{url}/ServiceConfigurationREST/serviceConfiguration/{coGuid}</url>
					<args>
						<arg type="path" id="url">
							<value type="parameter" parameterid="par_url_bus"/>
						</arg>
						<arg type="path" id="coGuid">
							<value type="parameter" parameterid="par_coguid"/>
						</arg>
						<arg type="header" id="Accept">
							<value type="value"><content>application/json</content></value>
						</arg>
						<arg type="header" id="X-IBM-Client-Id">
							<value type="parameter" parameterid="par_bus_clientid"/>
						</arg>
						<arg type="header" id="X-VF-API-Process">
							<value type="value"><content>Kaltura_Refresco_Localizacion</content></value>
						</arg>
						<arg type="header" id="Content-Type">
							<value type="value"><content>application/json</content></value>
						</arg>
					</args>
					<body contenttype="text">
              			<text>
              				<value type="value"><content><![CDATA[
              				[
							  {
							    "op": "replace",
							    "path": "$.relatedServiceConfiguration[*].id[*].schemeName='TAX'",
							    "value": {
							      "value": "]]></content></value><value type="argument" argumentid="arg_tax"/><value type="value"><content><![CDATA["
							    }
							  },
							  {
							    "op": "replace",
							    "path": "$.relatedServiceConfiguration[*].id[*].schemeName='TimeZone'",
							    "value": {
							      "value": "]]></content></value><value type="argument" argumentid="arg_timezone"/><value type="value"><content><![CDATA["
							    }
							  },
							  {
							    "op": "replace",
							    "path": "$.relatedServiceConfiguration[*].id[*].schemeName='region_id'",
							    "value": {
							      "value": "]]></content></value><value type="argument" argumentid="arg_region_id"/><!-- CAD20230418 - Regionalizacion Canales --><value type="value"><content><![CDATA["
							    }
							  }]]></content></value>
							  <value type="argument" argumentid="arg_network_id"/><value type="value"><content><![CDATA[
							]
							]]></content></value>
						</text>
					</body>
					<response type="json"/>
				</endpoint>

				<!--ENDPOINT CAMBIO CONFIGURACION USUARIO TV-->
				<endpoint id="Cambio_Configuracion" type="ws" verbose="true" lazy="true" connecttimeout="40000" requesttimeout="40000"><!--CCA20220601 - Cambio en el valor de requesttimeout-->
					<method>PATCH</method>
					<url ignoreSSL="true">{url}/ServiceConfigurationREST/serviceConfiguration/{coGuid}</url>
					<args>
						<arg type="path" id="url">
							<value type="parameter" parameterid="par_url_bus"/>
						</arg>
						<arg type="path" id="coGuid">
							<value type="parameter" parameterid="par_coguid"/>
						</arg>
						<arg type="header" id="Accept">
							<value type="value"><content>application/json</content></value>
						</arg>
						<arg type="header" id="X-IBM-Client-Id">
							<value type="parameter" parameterid="par_bus_clientid"/>
						</arg>
						<arg type="header" id="X-VF-API-Process">
							<value type="value"><content>Cambio_Configuracion</content></value>
						</arg>
						<arg type="header" id="Content-Type">
							<value type="value"><content>application/json</content></value>
						</arg>
					</args>
					<body contenttype="text">
              			<text>
              				<value type="value"><content><![CDATA[
              				[
							  {
							    "op": "replace",
							    "path": "$.relatedServiceConfiguration[*].id[*].schemeName='TAX'",
							    "value": {
							      "value": "]]></content></value><value type="argument" argumentid="arg_tax"/><value type="value"><content><![CDATA["
							    }
							  },
							  {
							    "op": "replace",
							    "path": "$.relatedServiceConfiguration[*].id[*].schemeName='TimeZone'",
							    "value": {
							      "value": "]]></content></value><value type="argument" argumentid="arg_timezone"/><value type="value"><content><![CDATA["
							    }
							  },
							  {
							    "op": "replace",
							    "path": "$.relatedServiceConfiguration[*].id[*].schemeName='region_id'",
							    "value": {
							      "value": "]]></content></value><value type="argument" argumentid="arg_region_id"/><!-- CAD20230418 - Regionalizacion Canales --><value type="value"><content><![CDATA["
							    }
							  },]]></content></value>
							  <value type="argument" argumentid="arg_network_id"/>
							  <value type="argument" argumentid="arg_group_id"/>
							  <value type="value"><content><![CDATA[
							  {
							    "op": "replace",
							    "path": "$.relatedServiceConfiguration[*].id[*].schemeName='CustomerType'",
							    "value": {
							      "value": "]]></content></value><value type="argument" argumentid="arg_customer_type"/><value type="value"><content><![CDATA["
							    }
							  },
							  {
							    "op": "replace",
							    "path": "$.relatedServiceConfiguration[*].id[*].schemeName='EnableTVOD'",
							    "value": {
							      "value": "]]></content></value><value type="argument" argumentid="arg_enable_tvod"/><value type="value"><content><![CDATA["
							    }
							  }
							]]]></content></value>
						</text>
					</body>
					<response type="json"/>
				</endpoint>

				<!--ENDPOINT CAMBIO CONFIGURACION USUARIO TV (BOXLESS)-->
				<endpoint id="Cambio_Configuracion_Boxless" type="ws" verbose="true" lazy="true" connecttimeout="4000" requesttimeout="20000"><!--CCA20220601 - Cambio en el valor de requesttimeout-->
					<method>PATCH</method>
					<url ignoreSSL="true">{url}/ServiceConfigurationREST/serviceConfiguration/{coGuid}</url>
					<args>
						<arg type="path" id="url">
							<value type="parameter" parameterid="par_url_bus"/>
						</arg>
						<arg type="path" id="coGuid">
							<value type="parameter" parameterid="par_coguid"/>
						</arg>
						<arg type="header" id="Accept">
							<value type="value"><content>application/json</content></value>
						</arg>
						<arg type="header" id="X-IBM-Client-Id">
							<value type="parameter" parameterid="par_bus_clientid"/>
						</arg>
						<arg type="header" id="X-VF-API-Process">
							<value type="value"><content>Cambio_Configuracion</content></value>
						</arg>
						<arg type="header" id="Content-Type">
							<value type="value"><content>application/json</content></value>
						</arg>
					</args>
					<body contenttype="text">
              			<text>
              				<value type="value"><content><![CDATA[
              				[
							  {
							    "op": "replace",
							    "path": "$.relatedServiceConfiguration[*].id[*].schemeName='TAX'",
							    "value": {
							      "value": "]]></content></value><value type="argument" argumentid="arg_tax"/><value type="value"><content><![CDATA["
							    }
							  },
							  {
							    "op": "replace",
							    "path": "$.relatedServiceConfiguration[*].id[*].schemeName='TimeZone'",
							    "value": {
							      "value": "]]></content></value><value type="argument" argumentid="arg_timezone"/><value type="value"><content><![CDATA["
							    }
							  },
							  {
							    "op": "replace",
							    "path": "$.relatedServiceConfiguration[*].id[*].schemeName='region_id'",
							    "value": {
							      "value": "]]></content></value><value type="argument" argumentid="arg_region_id"/><!-- CAD20230418 - Regionalizacion Canales --><value type="value"><content><![CDATA["
							    }
							  },]]></content></value>
							  <value type="argument" argumentid="arg_network_id"/>
							  <value type="value"><content><![CDATA[
							  {
							    "op": "replace",
							    "path": "$.relatedServiceConfiguration[*].id[*].schemeName='CustomerType'",
							    "value": {
							      "value": "]]></content></value><value type="argument" argumentid="arg_customer_type"/><value type="value"><content><![CDATA["
							    }
							  },
							  {
							    "op": "replace",
							    "path": "$.relatedServiceConfiguration[*].id[*].schemeName='EnableTVOD'",
							    "value": {
							      "value": "]]></content></value><value type="argument" argumentid="arg_enable_tvod"/><value type="value"><content><![CDATA["
							    }
							  }
							]]]></content></value>
						</text>
					</body>
					<response type="json"/>
				</endpoint>

				<!--ENDPOINT RESUME DOMAIN-->
				<endpoint id="ResumeDomain" type="ws" verbose="true" lazy="true" connecttimeout="4000" requesttimeout="3000"><!--CCA20220601 - Cambio en el valor de requesttimeout-->
					<method>PATCH</method>
					<url ignoreSSL="true">{url}/ServiceConfigurationREST/serviceConfiguration/{domainID}</url>
					<args>
						<arg type="path" id="url">
							<value type="parameter" parameterid="par_url_bus"/>
						</arg>
						<arg type="path" id="domainID">
							<value type="parameter" parameterid="par_domain_id"/>
						</arg>
						<arg type="header" id="Accept">
							<value type="value"><content>application/json</content></value>
						</arg>
						<arg type="header" id="X-IBM-Client-Id">
							<value type="parameter" parameterid="par_bus_clientid"/>
						</arg>
						<!--<arg type="header" id="X-VF-API-Process">
							<value type="value"><content>ResumeDomain</content></value>
						</arg>-->
						<arg type="header" id="X-VF-API-Process">
							<!-- DBC20210921_PHOENIX - Se cambia Api-Process por migracion - INICIO -->
							<value type="value"><content>ResumeDomainSuscriptor</content></value>
							<!-- DBC20210921_PHOENIX - Se cambia Api-Process por migracion - FIN -->
						</arg>
						<arg type="header" id="Content-Type">
							<value type="value"><content>application/json</content></value>
						</arg>
					</args>
					<response type="json"/>
				</endpoint>

				<!--ENDPOINT KALTURA AÑADIR NPVR-->
				<endpoint id="Kaltura_Anadir_nPVR" type="ws" verbose="true" lazy="true" connecttimeout="4000" requesttimeout="20000">
					<method>POST</method>
					<url ignoreSSL="true">{url}/ServiceConfigurationREST/serviceConfiguration</url>
					<args>
						<arg type="path" id="url">
							<value type="parameter" parameterid="par_url_bus"/>
						</arg>
						<arg type="header" id="Accept">
							<value type="value"><content>application/json</content></value>
						</arg>
						<arg type="header" id="X-IBM-Client-Id">
							<value type="parameter" parameterid="par_bus_clientid"/>
						</arg>
						<!--<arg type="header" id="X-VF-API-Process">
							<value type="value"><content>Kaltura_Anadir_nPVR</content></value>
						</arg>-->
						<arg type="header" id="X-VF-API-Process">
							<!-- DBC20210921_PHOENIX - Se cambia Api-Process por migracion - INICIO -->
							<value type="value"><content>Anadir_nPVR</content></value>
							<!-- DBC20210921_PHOENIX - Se cambia Api-Process por migracion - FIN -->
						</arg>
						<arg type="header" id="Content-Type">
							<value type="value"><content>application/json</content></value>
						</arg>
					</args>
					<body contenttype="text">
              			<text>
              				<value type="value"><content><![CDATA[
              				{
							  "parts": {
							    "service": {
							      "id": [
							        {
							          "value": "]]></content></value><value type="argument" argumentid="arg_username"><!--<content>arg_userid</content>--></value><value type="value"><content><![CDATA[",
							          "schemeName": "userName"
							        }
							      ]
							  	}
							  }
							}
							]]></content></value>
						</text>
					</body>
					<response type="json"/>
				</endpoint>

				<!--ENDPOINT KALTURA CORREGIR DISPOSITIVOS-->
				<endpoint id="Kaltura_Corregir_Dispositivos" type="ws" verbose="true" lazy="true" connecttimeout="4000" requesttimeout="19000"><!--CCA20220601 - Cambio en el valor de requesttimeout-->
					<method>PATCH</method>
					<url ignoreSSL="true">{url}/ServiceConfigurationREST/serviceConfiguration/{coGuid}</url>
					<args>
						<arg type="path" id="url">
							<value type="parameter" parameterid="par_url_bus"/>
						</arg>
						<arg type="path" id="coGuid">
							<value type="parameter" parameterid="par_coguid"/>
						</arg>
						<arg type="header" id="Accept">
							<value type="value"><content>application/json</content></value>
						</arg>
						<arg type="header" id="X-IBM-Client-Id">
							<value type="parameter" parameterid="par_bus_clientid"/>
						</arg>
						<arg type="header" id="X-VF-API-Process">
							<value type="value"><content>Kaltura_Corregir_Dispositivos</content></value>
						</arg>
						<arg type="header" id="Content-Type">
							<value type="value"><content>application/json</content></value>
						</arg>
					</args>
					<body contenttype="text">
              			<text>
              				<!--<value type="value"><content><![CDATA[
              				[{
						        "op": "replace",
						        "path": "$.parts.service.id[schemeName='iDeviceBrandID']",
						        "value": {
						            "value": "]]></content></value><value type="argument" argumentid="arg_devicebrandid"/><value type="value"><content><![CDATA["
						        }
						    },
						    {
						        "op": "replace",
						        "path": "$.parts.service.resource[name='Devices'].id[schemeName='UDID']",
						        "value": {
						            "value": "]]></content></value><value type="argument" argumentid="arg_deviceudid"/><value type="value"><content><![CDATA["
						        }
						    },
						    {
						        "op": "replace",
						        "path": "$.parts.service.resource[name='Devices'].id[schemeName='sDeviceName']",
						        "value": {
						            "value": "]]></content></value><value type="argument" argumentid="arg_devicename"/><value type="value"><content><![CDATA["
						        }
						    }
						]
						]]></content></value>-->
						<value type="value"><content><![CDATA[
              				[
              				]]></content></value><value type="argument" argumentid="arg_body_corregir_disp"/><value type="value"><content><![CDATA[
              				]
						]]></content></value>
						</text>
					</body>
					<response type="json"/>
				</endpoint>

				<!--ENDPOINT KALTURA ACTIVACION OTG-->
				<endpoint id="Kaltura_Activacion_OTG" type="ws" verbose="true" lazy="true" connecttimeout="4000" requesttimeout="11000"><!--CCA20220601 - Cambio en el valor de requesttimeout-->
					<method>PATCH</method>
					<url ignoreSSL="true">{url}/ServiceConfigurationREST/serviceConfiguration/{coGuid}</url>
					<args>
						<arg type="path" id="url">
							<value type="parameter" parameterid="par_url_bus"/>
						</arg>
						<arg type="path" id="coGuid">
							<value type="parameter" parameterid="par_coguid"/>
						</arg>
						<arg type="header" id="Accept">
							<value type="value"><content>application/json</content></value>
						</arg>
						<arg type="header" id="X-IBM-Client-Id">
							<value type="parameter" parameterid="par_bus_clientid"/>
						</arg>
						<arg type="header" id="X-VF-API-Process">
							<value type="value"><content>Kaltura_Activacion_OTG</content></value>
						</arg>
						<arg type="header" id="Content-Type">
							<value type="value"><content>application/json</content></value>
						</arg>
					</args>
					<body contenttype="text">
              			<text>
              				<value type="value"><content><![CDATA[
              				[{
						        "op": "replace",
						        "path": "$.parts.service.id[*].schemeName='m_sUserNameField'",
						        "value": {
						            "value": "]]></content></value><value type="argument" argumentid="arg_usernamefield"/><value type="value"><content><![CDATA["
						        }
						    },
						    {
						        "op": "replace",
						        "path": "$.parts.service.id[*].schemeName='m_sEmailField'",
						        "value": {
						            "value": "]]></content></value><value type="argument" argumentid="arg_emailfield"/><value type="value"><content><![CDATA["
						        }
						    }
						]
						]]></content></value>
						</text>
					</body>
					<response type="json"/>
				</endpoint>

				<!--ENDPOINT KALTURA PROVISION-->
				<endpoint id="Kaltura_Provision" type="ws" verbose="true" lazy="true" connecttimeout="4000" requesttimeout="50000"><!--CCA20220601 - Cambio en el valor de requesttimeout-->
					<method>POST</method>
					<url ignoreSSL="true">{url}/ServiceConfigurationREST/serviceConfiguration</url>
					<args>
						<arg type="path" id="url">
							<value type="parameter" parameterid="par_url_bus"/>
						</arg>
						<arg type="header" id="Accept">
							<value type="value"><content>application/json</content></value>
						</arg>
						<arg type="header" id="X-IBM-Client-Id">
							<value type="parameter" parameterid="par_bus_clientid"/>
						</arg>
						<arg type="header" id="X-VF-API-Process">
							<value type="value"><content>Kaltura_Provision</content></value>
						</arg>
						<arg type="header" id="Content-Type">
							<value type="value"><content>application/json</content></value>
						</arg>
					</args>
					<body contenttype="text">
              			<text>
              				<value type="value"><content><![CDATA[
                                {
                                "id": {
                                    "schemeName": "coGuid",
                                    "value": "]]></content></value><value type="argument" argumentid="arg_id_tv"/><value type="value"><content><![CDATA["
                                },
                                "parts": {
                                    "service": {
                                        "id": [
                                                {
                                                    "schemeName": "m_userNameField",
                                                    "value": "]]></content></value><value type="argument" argumentid="arg_usernamefield"/><value type="value"><content><![CDATA["
                                                },
                                                {
                                                    "schemeName": "sPassword",
                                                    "value": "]]></content></value><value type="argument" argumentid="arg_emailfield"/><value type="value"><content><![CDATA["
                                                }
                                        ],
                                        "name": "]]></content></value><value type="argument" argumentid="arg_id_tv"/><value type="value"><content><![CDATA[",
                                        "desc": "]]></content></value><value type="argument" argumentid="arg_iptv_technology"/><value type="value"><content><![CDATA[",
                                        "type": "]]></content></value><value type="argument" argumentid="arg_access_type"/><value type="value"><content><![CDATA[",
                                        "resource": [
                                            ]]></content></value>
                                            <value type="argument" argumentid="arg_deviceudid_aux"/><!--CCA20230328 - Schaman Optimizacion - Se quita ',' y se añade al parametro-->
                                            <value type="argument" argumentid="arg_network_id"/>
                                            <value type="value"><content><![CDATA[
											
											{
												"name": "m_UserData",
												"desc": "]]></content></value><value type="argument" argumentid="arg_region_id"/><!-- CAD20230418 - Regionalizacion Canales --><value type="value"><content><![CDATA[",
												"type": "region_id"
											},
											{
                                                "name": "m_UserData",
                                                "desc": "]]></content></value><value type="argument" argumentid="arg_customer_type"/><value type="value"><content><![CDATA[",
                                                "type": "CustomerType"
                                            },]]></content></value>
                                            <value type="argument" argumentid="arg_group_id"/>
                                            <value type="value"><content><![CDATA[
                                            {
                                                "name": "m_UserData",
                                                "desc": "]]></content></value><value type="argument" argumentid="arg_tax"/><value type="value"><content><![CDATA[",
                                                "type": "TAX"
                                            },
                                            {
                                                "name": "m_UserData",
                                                "desc": "]]></content></value><value type="argument" argumentid="arg_timezone"/><value type="value"><content><![CDATA[",
                                                "type": "TimeZone"
                                            },
                                            {
                                                "name": "m_UserData",
                                                "desc": "0000",
                                                "type": "PurchasePIN"
                                            },
                                            {
                                                "name": "m_UserData",
                                                "desc": "1",
                                                "type": "PurchasePINEnabled"
                                            },
                                            {
                                                "name": "m_UserData",
                                                "desc": "true",
                                                "type": "EnableTVOD"
                                            },]]>
                                            </content></value><value type="argument" argumentid="arg_subscription_id"/><value type="value"><content><![CDATA[
                                        ]
                                    }
                                }
                            }
						]]></content></value>
						</text>
					</body>
					<response type="json"/>
				</endpoint>

				<!--ENDPOINT KALTURA PROVISION (BOXLESS)-->
				<endpoint id="Kaltura_Provision_Boxless" type="ws" verbose="true" lazy="true" connecttimeout="4000" requesttimeout="50000"><!--JJSM 20220306 - OPTIMIZACION SCHAMAN-->
					<method>POST</method>
					<url ignoreSSL="true">{url}/ServiceConfigurationREST/serviceConfiguration</url>
					<args>
						<arg type="path" id="url">
							<value type="parameter" parameterid="par_url_bus"/>
						</arg>
						<arg type="header" id="Accept">
							<value type="value"><content>application/json</content></value>
						</arg>
						<arg type="header" id="X-IBM-Client-Id">
							<value type="parameter" parameterid="par_bus_clientid"/>
						</arg>
						<arg type="header" id="X-VF-API-Process">
							<value type="value"><content>Kaltura_Provision</content></value>
						</arg>
						<arg type="header" id="Content-Type">
							<value type="value"><content>application/json</content></value>
						</arg>
					</args>
					<body contenttype="text">
              			<text>
              				<value type="value"><content><![CDATA[
              				{
							    "id": {
							        "schemeName": "coGuid",
							        "value": "]]></content></value><value type="argument" argumentid="arg_id_tv"/><value type="value"><content><![CDATA["
							    },
							    "parts": {
							        "service": {
							            "id": [
							                    {
							                        "schemeName": "m_userNameField",
							                        "value": "]]></content></value><value type="argument" argumentid="arg_usernamefield"/><value type="value"><content><![CDATA["
							                    },
							                    {
							                        "schemeName": "sPassword",
							                        "value": "]]></content></value><value type="argument" argumentid="arg_emailfield"/><value type="value"><content><![CDATA["
							                    }
							            ],
							            "name": "]]></content></value><value type="argument" argumentid="arg_id_tv"/><value type="value"><content><![CDATA[",
							            "desc": "]]></content></value><value type="argument" argumentid="arg_iptv_technology"/><value type="value"><content><![CDATA[",
							            "type": "]]></content></value><value type="argument" argumentid="arg_access_type"/><value type="value"><content><![CDATA[",
							            "resource": [
							                ]]></content></value>
							                <value type="argument" argumentid="arg_network_id"/>
											<value type="value"><content><![CDATA[
											{
												"name": "m_UserData",
												"desc": "]]></content></value><value type="argument" argumentid="arg_region_id"/><!-- CAD20230418 - Regionalizacion Canales --><value type="value"><content><![CDATA[",
												"type": "region_id"
											},
							                {
							                    "name": "m_UserData",
							                    "desc": "]]></content></value><value type="argument" argumentid="arg_customer_type"/><value type="value"><content><![CDATA[",
							                    "type": "CustomerType"
							                },
							                {
							                    "name": "m_UserData",
							                    "desc": "]]></content></value><value type="argument" argumentid="arg_tax"/><value type="value"><content><![CDATA[",
							                    "type": "TAX"
							                },
							                {
							                    "name": "m_UserData",
							                    "desc": "]]></content></value><value type="argument" argumentid="arg_timezone"/><value type="value"><content><![CDATA[",
							                    "type": "TimeZone"
							                },
							                {
							                    "name": "m_UserData",
							                    "desc": "0000",
							                    "type": "PurchasePIN"
							                },
							                {
							                    "name": "m_UserData",
							                    "desc": "1",
							                    "type": "PurchasePINEnabled"
							                },
							                {
							                    "name": "m_UserData",
							                    "desc": "true",
							                    "type": "EnableTVOD"
							                },]]>	
							                </content></value><value type="argument" argumentid="arg_subscription_id"/><value type="value"><content><![CDATA[
							            ]
							        }
							    }
							}
						]]></content></value>
						</text>
					</body>
					<response type="json"/>
				</endpoint>

				<!--ENDPOINT KALTURA PROVISION-->
				<endpoint id="Kaltura_Provision_TIVO" type="ws" verbose="true" lazy="true" connecttimeout="4000" requesttimeout="50000"><!--JJSM 20220306 - OPTIMIZACION SCHAMAN-->
				  <method>POST</method>
				  <url ignoreSSL="true">{url}/ServiceConfigurationREST/serviceConfiguration</url>
				  <args>
				    <arg type="path" id="url">
				      <value type="parameter" parameterid="par_url_bus"/>
				    </arg>
				    <arg type="header" id="Accept">
				      <value type="value"><content>application/json</content></value>
				    </arg>
				    <arg type="header" id="X-IBM-Client-Id">
				      <value type="parameter" parameterid="par_bus_clientid"/>
				    </arg>
				    <arg type="header" id="X-VF-API-Process">
				      <value type="value"><content>Kaltura_Provision</content></value>
				    </arg>
				    <arg type="header" id="Content-Type">
				      <value type="value"><content>application/json</content></value>
				    </arg>
				  </args>
				  <body contenttype="text">
				    <text>
				      <value type="value"><content><![CDATA[
				              {
				          "id": {
				              "schemeName": "coGuid",
				              "value": "]]></content></value><value type="argument" argumentid="arg_id_tv"/><value type="value"><content><![CDATA["
				          },
				          "parts": {
				              "service": {
				                  "id": [
				                          {
				                              "schemeName": "m_userNameField",
				                              "value": "]]></content></value><value type="argument" argumentid="arg_usernamefield"/><value type="value"><content><![CDATA["
				                          },
				                          {
				                              "schemeName": "sPassword",
				                              "value": "]]></content></value><value type="argument" argumentid="arg_emailfield"/><value type="value"><content><![CDATA["
				                          }
				                  ],
				                  "name": "]]></content></value><value type="argument" argumentid="arg_id_tv"/><value type="value"><content><![CDATA[",
				                  "desc": "]]></content></value><value type="argument" argumentid="arg_iptv_technology"/><value type="value"><content><![CDATA[",
				                  "type": "]]></content></value><value type="argument" argumentid="arg_access_type"/><value type="value"><content><![CDATA[",
				                  "resource": [
				                      ]]></content></value>
				                      <value type="argument" argumentid="arg_deviceudid"/><value type="value"><content><![CDATA[,]]></content></value>
				                      <value type="argument" argumentid="arg_group_id"/>
				                      <value type="value"><content><![CDATA[
				                      {
				                          "name": "m_UserData",
				                          "desc": "true",
				                          "type": "EnableTVOD"
				                      },]]> 
				                      </content></value><value type="argument" argumentid="arg_subscription_id"/>
				                      <value type="value"><content><![CDATA[
				                  ]
				              }
				          }
				      }
				    ]]></content></value>
				    </text>
				  </body>
				  <response type="json"/>
				</endpoint>

				<!--DBC_20210310_INC_332_2_Nuevos CR y req VF Actualizar inventario para kaltura_provision-->
		          <endpoint id="uim_UP_kaltura" verbose="true" lazy="true" type="ws" connecttimeout="30000" requesttimeout="5000"><!--CCA20220601 - Cambio en el valor de requesttimeout-->
		            <method>PATCH</method>
		            <url ignoreSSL="true">{url}ServiceConfigurationREST/serviceConfiguration/{service_id}</url>
		            <args>
		                <arg type="path" id="url">
		                    <value type="parameter" parameterid="par_url_bus"/><!-- MPF20210615 - INCB_008_2 -->
		                </arg>
		                <arg type="path" id="service_id">
		                    <value type="parameter" role="front" parameterid="par_grc_service_id"/>
		                </arg>
		                <arg type="header" id="Accept">
		                  <value type="value"><content>*/*</content></value>
		               </arg>
		               <arg type="header" id="X-IBM-Client-Id">
		                  <value type="parameter" parameterid="par_bus_clientid"/><!-- MPF20210615 - INCB_008_2 -->
		               </arg>
		               <arg type="header" id="X-VF-API-Process">
		                  <value type="value"><content>ActualizarInventario</content></value>
		               </arg>
		               <arg type="header" id="Content-Type">
		                    <value type="value"><content>application/json</content></value>
		               </arg>
		            </args>
		            <body contenttype="text">
		              <text>
		                <value type="value"><content><![CDATA[[{"op": "replace","path": "$.parts.specification.id[schemeName='requestDataID'].value","value": {"value": "]]></content></value>
		                <value type="parameter" parameterid="par_request_data_id"/><!--DBC_20201118__Revisar parametro parseado para pruebas-->
		                <value type="value"><content><![CDATA["}},{"op": "replace","path": "$.parts.specification.characteristicsValue[characteristicName='S.I. IPTV.Kaltura Domain ID'].value","value": {"value": "]]></content></value><!-- MPF20210615 - INCB_008_2 -->
		                <value type="parameter" role="tvplatform" parameterid="par_kp_m_nDomainID"/>
		                <value type="value"><content><![CDATA["}},{"op": "replace","path": "$.parts.specification.characteristicsValue[characteristicName='S.I. IPTV.Kaltura Site GUID'].value","value": {"value": "]]></content></value><!-- MPF20210615 - INCB_008_2 -->
		                <value type="parameter" role="tvplatform" parameterid="par_kp_m_UsersIDs"/><!-- MPF20210615 - Req_332_2 -->
		                <value type="value"><content><![CDATA["}}]]]></content></value>
		              </text>
		            </body>
		             <response type="json"/>
		          </endpoint>

		          <!--DBC_20210310_INC_332_2_Nuevos CR y req VF Actualizar inventario para kaltura_provision_boxless-->
		          <endpoint id="uim_UP_kaltura_boxless" verbose="true" lazy="true" type="ws" connecttimeout="30000" requesttimeout="6000"><!--CCA20220601 - Cambio en el valor de requesttimeout-->
		            <method>PATCH</method>
		            <url ignoreSSL="true">{url}ServiceConfigurationREST/serviceConfiguration/{service_id}</url>
		            <args>
		                <arg type="path" id="url">
		                    <value type="parameter" parameterid="par_url_bus"/><!-- MPF20210615 - INCB_008_2 -->
		                </arg>
		                <arg type="path" id="service_id">
		                    <value type="parameter" role="front" parameterid="par_grc_service_id"/>
		                </arg>
		                <arg type="header" id="Accept">
		                  <value type="value"><content>*/*</content></value>
		               </arg>
		               <arg type="header" id="X-IBM-Client-Id">
		                  <value type="parameter" parameterid="par_bus_clientid"/><!-- MPF20210615 - INCB_008_2 -->
		               </arg>
		               <arg type="header" id="X-VF-API-Process">
		                  <value type="value"><content>ActualizarInventario</content></value>
		               </arg>
		               <arg type="header" id="Content-Type">
		                    <value type="value"><content>application/json</content></value>
		               </arg>
		            </args>
		            <body contenttype="text">
		              <text>
		                <value type="value"><content><![CDATA[[{"op": "replace","path": "$.parts.specification.id[schemeName='requestDataID'].value","value": {"value": "]]></content></value>
		                <value type="parameter" parameterid="par_request_data_id"/><!--DBC_20201118__Revisar parametro parseado para pruebas-->
		                <value type="value"><content><![CDATA["}},{"op": "replace","path": "$.parts.specification.characteristicsValue[characteristicName='S.I. IPTV.Kaltura Domain ID'].value","value": {"value": "]]></content></value><!-- MPF20210615 - INCB_008_2 -->
		                <value type="parameter" role="tvplatform" parameterid="par_kp_boxless_m_nDomainID"/>
		                <value type="value"><content><![CDATA["}},{"op": "replace","path": "$.parts.specification.characteristicsValue[characteristicName='S.I. IPTV.Kaltura Site GUID'].value","value": {"value": "]]></content></value><!-- MPF20210615 - INCB_008_2 -->
		                <value type="parameter" role="tvplatform" parameterid="par_kp_boxless_m_UsersIDs"/><!-- MPF20210615 - Req_332_2 -->
		                <value type="value"><content><![CDATA["}}]]]></content></value>
		              </text>
		            </body>
		             <response type="json"/>
		          </endpoint>

		          <!--DBC_20210310_INC_332_2_Nuevos CR y req VF Actualizar inventario para kaltura_provision_tivo-->
		          <endpoint id="uim_UP_kaltura_tivo" verbose="true" lazy="true" type="ws" connecttimeout="30000" requesttimeout="40000">
		            <method>PATCH</method>
		            <url ignoreSSL="true">{url}ServiceConfigurationREST/serviceConfiguration/{service_id}</url>
		            <args>
		                <arg type="path" id="url">
		                    <value type="parameter" parameterid="par_url_bus"/><!-- MPF20210615 - INCB_008_2 -->
		                </arg>
		                <arg type="path" id="service_id">
		                    <value type="parameter" role="front" parameterid="par_grc_service_id"/>
		                </arg>
		                <arg type="header" id="Accept">
		                  <value type="value"><content>*/*</content></value>
		               </arg>
		               <arg type="header" id="X-IBM-Client-Id">
		                  <value type="parameter" parameterid="par_bus_clientid"/><!-- MPF20210615 - INCB_008_2 -->
		               </arg>
		               <arg type="header" id="X-VF-API-Process">
		                  <value type="value"><content>ActualizarInventario</content></value>
		               </arg>
		               <arg type="header" id="Content-Type">
		                    <value type="value"><content>application/json</content></value>
		               </arg>
		            </args>
		            <body contenttype="text">
		              <text>
		                <value type="value"><content><![CDATA[[{"op": "replace","path": "$.parts.specification.id[schemeName='requestDataID'].value","value": {"value": "]]></content></value>
		                <value type="parameter" parameterid="par_request_data_id"/><!--DBC_20201118__Revisar parametro parseado para pruebas-->
		                <value type="value"><content><![CDATA["}},{"op": "replace","path": "$.parts.specification.characteristicsValue[characteristicName='S.I. IPTV.Kaltura Domain ID'].value","value": {"value": "]]></content></value><!-- MPF20210615 - INCB_008_2 -->
		                <value type="parameter" role="tvplatform" parameterid="par_kp_tivo_m_nDomainID"/>
		                <value type="value"><content><![CDATA["}},{"op": "replace","path": "$.parts.specification.characteristicsValue[characteristicName='S.I. IPTV.Kaltura Site GUID'].value","value": {"value": "]]></content></value><!-- MPF20210615 - INCB_008_2 -->
		                <value type="parameter" role="tvplatform" parameterid="par_kp_tivo_m_UsersIDs"/><!-- MPF20210615 - Req_332_2 -->
		                <value type="value"><content><![CDATA["}}]]]></content></value>
		              </text>
		            </body>
		             <response type="json"/>
		          </endpoint>

				<!--DBC_INC_155_2_20210309_Nuevos CR y req VF Delete VRM-->
				<endpoint id="delete_vrm" type="ws" verbose="true" lazy="true" connecttimeout="4000" requesttimeout="20000">
					<method>DELETE</method>
					<url ignoreSSL="true">{url}/ServiceConfigurationREST/serviceConfiguration/{domainID}?</url>
					<args>
						<arg type="path" id="url">
							<value type="parameter" parameterid="par_url_bus"/>
						</arg>
						<!--DBC_INC_155_2_20210427_Se selecciona parametro indicado por Iñigo-->
						<arg type="path" id="domainID">
							<value type="parameter" parameterid="par_domain_id_delete"/>
						</arg>
						<arg type="header" id="Accept">
							<value type="value"><content>application/json</content></value>
						</arg>
						<arg type="header" id="X-IBM-Client-Id">
							<value type="parameter" parameterid="par_bus_clientid"/>
						</arg>
						<arg type="header" id="X-VF-API-Process">
							<value type="value"><content>DeleteVRM</content></value>
						</arg>
						<arg type="header" id="Content-Type">
							<value type="value"><content>application/json</content></value>
						</arg>
					</args>
					<response type="json"/>
				</endpoint>

				<!--ENDPOINT CAMBIO_CTO--><!--TML20210510 - se configura el endpoint que no existía-->
				<endpoint id="cambio_cto" type="ws" verbose="true" lazy="true" connecttimeout="4000" requesttimeout="20000">
					<method>PATCH</method>
					<url ignoreSSL="true">{url}/ResourceConfigurationREST/resourceConfiguration</url>
					<args>
						<arg type="path" id="url">
							<value type="parameter" parameterid="par_url_bus"/>
						</arg>
						<arg type="header" id="Accept">
							<value type="value"><content>application/json</content></value>
						</arg>
						<arg type="header" id="X-IBM-Client-Id">
							<value type="parameter" parameterid="par_bus_clientid"/>
						</arg>
						<arg type="header" id="X-VF-API-Process">
							<value type="value"><content>Cambio_CTO</content></value>
						</arg>
						<arg type="header" id="Content-Type">
							<value type="value"><content>application/json</content></value>
						</arg>
					</args>
					<body contenttype="text">
              			<text>
                            <value type="value"><content><![CDATA[
                            {
							  "relatedResourceConfiguration": [
							      {
							          "id": {
							              "schemeName": "Instalacion_acometida"
							          },
							          "extraId": [
							              {
							                  "schemeName": "CO-TIP-REG-IST",
							                  "value": "]]></content></value>
				                      <value type="argument" argumentid="arg_tipo_registro"/><value type="value"><content><![CDATA["
							              },
							              {
							                  "schemeName": "NU-PEDIDO-CMR",
							                  "value": "]]></content></value>
				                      <value type="argument" argumentid="arg_num_pedido"/><!--estaba en postman pero no la documentacion--><!--<value type="value"><content><![CDATA["
							              },
							              {
							                  "schemeName": "NU-SUBP-CMR",
							                  "value": "]]></content></value>
				                      <value type="argument" argumentid="arg_num_subpedido"/>--><value type="value"><content><![CDATA["
							              },
							              {
							                  "schemeName": "NU-ADM-SOL",
							                  "value": "]]></content></value>
				                      <value type="argument" argumentid="arg_num_admin"/><value type="value"><content><![CDATA["
							              },
							              {
							                  "schemeName": "NU-CTO",
							                  "value": "]]></content></value>
				                      <value type="argument" argumentid="arg_num_cto"/><value type="value"><content><![CDATA["
							              },
							              {
							                  "schemeName": "CO-PUR-CAJ-TMN-OPT",
							                  "value": "]]></content></value>
				                      <value type="argument" argumentid="arg_port_cto"/><value type="value"><content><![CDATA["
							              },
							              {
							                  "schemeName": "NU-CMR-IUA",
							                  "value": "]]></content></value>
				                      <value type="argument" argumentid="arg_iua_port_cto"/><value type="value"><content><![CDATA["
							              }
							          ]
							      }
							  ]
							}]]></content></value>
						</text>
					</body>
					<response type="json"/>
				</endpoint>
			</endpoints>
		</action>
	</connectivity>

	<parameters>

		<!--ENDPOINT REQUEST PARAMS-->
		<parameter id="par_url_bus" type="value">
			<contents>
				<value type="lookup">url_list</value>
			</contents>
			<sequence>
				<operation type="row_delimiter">
					<args><arg><value type="value">;</value></arg></args>
				</operation>
				<operation type="column_delimiter">
					<args><arg><value type="value">,</value></arg></args>
				</operation>
				<operation type="column_index">
					<args><arg><value type="value">1</value></arg></args>
				</operation>
				<operation type="column_equal">
					<args><arg><value type="value">url_bus</value></arg></args>
				</operation>
				<operation type="column_selector">
					<args><arg><value type="value">2</value></arg></args>
				</operation>
			</sequence>
		</parameter>

		<parameter id="par_bus_clientid" type="value">
			<contents>
				<value type="lookup">url_list</value>
			</contents>
			<sequence>
					<operation type="row_delimiter">
						<args><arg><value type="value">;</value></arg></args>
					</operation>
					<operation type="column_delimiter">
						<args><arg><value type="value">,</value></arg></args>
					</operation>
					<operation type="column_index">
						<args><arg><value type="value">1</value></arg></args>
					</operation>
					<operation type="column_equal">
						<args><arg><value type="value">url_bus</value></arg></args>
					</operation>
					<operation type="column_selector">
						<args><arg><value type="value">3</value></arg></args>
					</operation>
			</sequence>
		</parameter>

		<parameter id="par_coguid" type="value">
			<contents>
				<!--<value type="value">OP02019021015</value>-->
				<!--<value type="value">OP00102338011</value>-->
				<value type="parameter" role="front">par_id_tv</value>
			</contents>
		</parameter>

		<!--DBC_INC_155_2_Se selecciona parametro indicado por Iñigo-->
		<parameter id="par_domain_id_delete" type="value">
			<contents>
				<value type="parameter" role="tvplatform">par_ccvrm_domainid</value>
			</contents>
		</parameter>

		<parameter id="par_id" type="value">
			<contents>
				<value type="parameter" role="tvplatform">par_ki_id</value>
			</contents>
		</parameter>

		<parameter id="par_domain_id" type="value">
			<contents>
				<value type="parameter" role="tvplatform">par_ki_domainid</value>
			</contents>
		</parameter>

		<parameter id="par_adminnumber" type="value">
			<contents>
				<value type="parameter" role="front">par_generic_adminnumber</value>
			</contents>
		</parameter>

		<!-- MPF20210615 - Req_332_2 - INICIO -->
		<!--DBC_valor parseado hasta saber donde apuntar-->
            <parameter id="par_request_data_id">
              <contents>
                <value type="value">161</value>
              </contents>
            </parameter>
        <!-- MPF20210615 - Req_332_2 - FIN -->

		<!-- DCO20240716 - Seamless Login - INICIO -->
		<parameter id="par_url_mulesoft">
			<contents>
			  <value type="lookup">url_list</value>
			</contents>
			<sequence>
			  <operation type="row_delimiter">
				<args><arg><value type="value">;</value></arg></args>
			  </operation>
			  <operation type="column_delimiter">
				<args><arg><value type="value">,</value></arg></args>
			  </operation>
			  <operation type="column_index">
				<args><arg><value type="value">1</value></arg></args>
			  </operation>
			  <operation type="column_equal">
				<args><arg><value type="value">url_mulesoft</value></arg></args>
			  </operation>
			  <operation type="column_selector">
				<args><arg><value type="value">2</value></arg></args>
			  </operation>
			</sequence>
		  </parameter>

		  <parameter id="par_mulesoft_header" type="table">
			<contents>
			  <value type="lookup">auth_mulesoft</value>
			</contents>
			<sequence>
			  <operation type="row_delimiter">
				<args><arg><value type="value">;</value></arg></args>
			  </operation>
			  <operation type="column_delimiter">
				<args><arg><value type="value">,</value></arg></args>
			  </operation>
			</sequence>
		  </parameter>

		  <parameter id="par_mulesoft_clientid" type="value">
			<contents>
			  <value type="parameter">par_mulesoft_header</value>
			</contents>
			<sequence>
			  <operation type="column_selector">
				<args><arg><value type="value">1</value></arg></args>
			  </operation>
			  <operation type="first_row">
				<args><arg><value type="value">2</value></arg></args>
			  </operation>
			</sequence>
		  </parameter>

		  <parameter id="par_mulesoft_client_secret" type="value">
			<contents>
			  <value type="parameter">par_mulesoft_header</value>
			</contents>
			<sequence>
			  <operation type="column_selector">
				<args><arg><value type="value">2</value></arg></args>
			  </operation>
			  <operation type="first_row">
				<args><arg><value type="value">2</value></arg></args>
			  </operation>
			</sequence>
		  </parameter>
		  <!-- DCO20240716 - Seamless Login - FIN -->

	</parameters>

	<checks>
	</checks>

</template>
