<?xml version='1.0' encoding='UTF-8'?>
<template infosource="ocs" type="infosource" version="1.0">

    <!-- ############################################################################################## -->
    <!-- Version 1.0                                                                                    -->
    <!--  - Version de partida                                                                          -->
    <!-- ############################################################################################## -->

    <connectivity>

      <troubleshoot>

        <datalinks>
	
          <!-- DCO20230712 - Movil Partis - INICIO -->
          <datalink id="alta_etiquetas_pcrfTotal" cachemode="always">
            <endpointreferences>
              <endpointreference id="alta_etiquetas_pcrf"/>
              <endpointreference id="alta_etiquetas_pcrf_2"/>
            </endpointreferences>
          </datalink>
          <!-- DCO20230712 - Movil Partis - FIN -->

        </datalinks>

        <endpoints>

          <endpoint id="query_free_unit" verbose="true" lazy="true" type="ws" connecttimeout="30000" requesttimeout="21000">
            <method>POST</method>              
            <url ignoreSSL="true">{url}/ServiceBalanceSOAP11/GetServiceBalanceList</url>
            <args>
              <arg type="path" id="url">
                <value type="parameter" parameterid="par_url_bizbus"/>
              </arg>
              <arg type="header" id="Accept">
                <value type="value"><content>*/*</content></value>
              </arg>
              <arg type="header" id="X-IBM-Client-Id">
                <value type="parameter" parameterid="par_bizbus_clientid"/>
              </arg>
              <arg type="header" id="X-VF-API-Process">
                <value type="value"><content>ConsultaBonosDisponiblesYContratados</content></value>
              </arg>
              <arg type="header" id="Content-Type">
                <value type="value"><content>application/xml</content></value>
              </arg>
            </args>
            <body contenttype="text">
              <text>
                <value type="value"><content><![CDATA[<soap:Envelope xmlns:soap="http://www.w3.org/2003/05/soap-envelope" xmlns:v1="http://group.vodafone.com/contract/vho/header/v1" xmlns:bf="http://docs.oasis-open.org/wsrf/bf-2" xmlns:add="http://www.w3.org/2005/08/addressing" xmlns:v11="http://group.vodafone.com/contract/vfo/fault/v1" xmlns:v12="http://group.vodafone.com/schema/common/v1" xmlns:v13="http://group.vodafone.com/schema/vbm/service/service-balance/v1">
                  <soap:Header>
                     <v1:Correlation>
                        <v1:ConversationID>]]></content></value><value type="parameter" role="ocs" parameterid="par_conversation_id_query_free_unit"/><value type="value"><content><![CDATA[</v1:ConversationID>
                     </v1:Correlation>
                  </soap:Header>
                  <soap:Body>
                     <v13:GetServiceBalanceListVBMRequest>
                        <v12:Criteria>
                           <v12:QueryExpression>
                              <v12:QueryExpression LogicalOperatorCode="AND">
                                 <v12:ValueExpression QueryOperatorCode="EQUALS" Path="/ServiceBalanceVBO/RelatedParties/RelatedParty/IDs/ID">
                                    <v12:Value>]]></content></value><value type="parameter" parameterid="par_context_msisdn"/><value type="value"><content><![CDATA[</v12:Value>
                                 </v12:ValueExpression>
                              </v12:QueryExpression>
                           </v12:QueryExpression>
                        </v12:Criteria>
                        <v12:Identification>
                           <v12:Categories>
                              <v12:Category name="Process">QueryFreeUnittoOCS</v12:Category>
                           </v12:Categories>
                        </v12:Identification>
                     </v13:GetServiceBalanceListVBMRequest>
                  </soap:Body>
               </soap:Envelope>               
                ]]></content></value>
              </text>
            </body>
            <response type="xml2json1"/>
          </endpoint>

          <!-- CAD20231115 - VBTS Mejoras Movil Fase 1 - Se elimina el endpoint ConsultaSaldoComunidadOCS -->

          <endpoint id="consulta_pcrf" verbose="true" lazy="true" type="ws" connecttimeout="30000" requesttimeout="21000">
            <method>POST</method>              
            <url ignoreSSL="true">{url}/SubscriptionProfileSOAP11/GetSubscriptionProfileList</url>
            <args>
              <arg type="path" id="url">
                <value type="parameter" parameterid="par_url_bizbus"/>
              </arg>
              <arg type="header" id="Accept">
                <value type="value"><content>*/*</content></value>
              </arg>
              <arg type="header" id="X-IBM-Client-Id">
                <value type="parameter" parameterid="par_bizbus_clientid"/>
              </arg>
              <arg type="header" id="X-VF-API-Process">
                <value type="value"><content>GetSubscriberAllInftoPCRF</content></value>
              </arg>
              <arg type="header" id="Content-Type">
                <value type="value"><content>application/xml</content></value>
              </arg>
            </args>
            <body contenttype="text">
              <text>
                <value type="value"><content><![CDATA[<soap:Envelope xmlns:soap="http://www.w3.org/2003/05/soap-envelope" xmlns:v1="http://group.vodafone.com/contract/vho/header/v1" xmlns:v11="http://group.vodafone.com/schema/vbm/subscription/subscription-profile/v1" xmlns:v12="http://group.vodafone.com/schema/common/v1">
                    <soap:Body>
                      <v11:GetSubscriptionProfileListVBMRequest>
                        <v12:Criteria>
                          <v12:QueryExpression>
                            <v12:ValueExpression QueryOperatorCode="EQUALS" Path="/SubscriptionProfileVBO/Parts/Subscription/MSISDN">
                              <v12:Value>34]]></content></value><value type="parameter" parameterid="par_context_msisdn"/><value type="value"><content><![CDATA[</v12:Value>
                            </v12:ValueExpression>
                          </v12:QueryExpression>
                        </v12:Criteria>
                        <v12:Identification>
                          <v12:Categories>
                            <v12:Category name="Process">GetSubscriberAllInftoPCRF</v12:Category>
                          </v12:Categories>
                        </v12:Identification>
                      </v11:GetSubscriptionProfileListVBMRequest>
                    </soap:Body>
                  </soap:Envelope>]]></content></value>
              </text>
            </body>
            <response type="xml2json1"/>
          </endpoint>

          <!-- JTP20230119 - Gaps Butterfly Fase 2 - Inicio -->
          <endpoint id="query_customer_infoto" verbose="true" lazy="true" type="ws" connecttimeout="30000" requesttimeout="21000">
            <method>POST</method>              
            <url ignoreSSL="true">{url}/SubscriptionSOAP12/GetSubscriptionList</url>
            <args>
              <arg type="path" id="url">
                <value type="parameter" parameterid="par_url_bizbus"/>
              </arg>
              <arg type="header" id="Accept">
                <value type="value"><content>*/*</content></value>
              </arg>
              <arg type="header" id="X-IBM-Client-Id">
                <value type="parameter" parameterid="par_bizbus_clientid"/>
              </arg>
              <arg type="header" id="X-VF-API-Process">
                <value type="value"><content>QueryCustomerInfotoOCS</content></value>
              </arg>
              <arg type="header" id="Content-Type">
                <value type="value"><content>application/json</content></value>
              </arg>
            </args>
            <body contenttype="text">
              <text>
                <value type="value"><content><![CDATA[
                  <soap:Envelope xmlns:soap="http://www.w3.org/2003/05/soap-envelope" xmlns:v1="http://group.vodafone.com/contract/vho/header/v1" xmlns:v11="http://group.vodafone.com/schema/vbm/subscription/subscription/v1" xmlns:v12="http://group.vodafone.com/schema/common/v1">
                  <soap:Header>              
                      <v1:Correlation>              
                          <v1:ConversationID>]]></content></value><value type="parameter" role="ocs" parameterid="par_id_conversation_query_customer_infoto"/><value type="value"><content><![CDATA[</v1:ConversationID>              
                      </v1:Correlation>              
                  </soap:Header>              
                  <soap:Body>              
                      <v11:GetSubscriptionListVBMRequest xmlns:ns1="http://group.vodafone.com/schema/vbm/subscription/subscription/v1">              
                          <v12:StartIndex xmlns="http://group.vodafone.com/schema/common/v1">0</v12:StartIndex>              
                          <v12:IndexPerPage xmlns="http://group.vodafone.com/schema/common/v1">100</v12:IndexPerPage>              
                          <v12:Criteria xmlns="http://group.vodafone.com/schema/common/v1">              
                              <v12:QueryExpression>              
                                  <v12:QueryExpression LogicalOperatorCode="AND">              
                                      <v12:ValueExpression Path="/SubscriptionVBO/RelatedSubscriptions/RelatedSubscription/IDs/ID" QueryOperatorCode="EQUALS">              
                                          <v12:Value>]]></content></value><value type="parameter" parameterid="par_context_msisdn"/><value type="value"><content><![CDATA[</v12:Value>              
                                      </v12:ValueExpression>              
                                  </v12:QueryExpression>              
                              </v12:QueryExpression>              
                          </v12:Criteria>              
                          <v12:Identification xmlns="http://group.vodafone.com/schema/common/v1">              
                              <v12:Categories>              
                                  <v12:Category name="Process">QueryCustomerInfotoOCS</v12:Category>              
                              </v12:Categories>              
                          </v12:Identification>              
                      </v11:GetSubscriptionListVBMRequest>              
                  </soap:Body>              
              </soap:Envelope>                             
                ]]></content></value>
              </text>
            </body>
            <response type="xml2json1"/>
          </endpoint>

          <endpoint id="query_rsc_relation" verbose="true" lazy="true" type="ws" connecttimeout="30000" requesttimeout="21000">
            <method>POST</method>              
            <url ignoreSSL="true">{url}CustomerGroupSOAP11/GetCustomerGroupList</url>
            <args>
              <arg type="path" id="url">
                <value type="parameter" parameterid="par_url_bizbus"/>
              </arg>
              <arg type="header" id="Accept">
                <value type="value"><content>*/*</content></value>
              </arg>
              <arg type="header" id="X-IBM-Client-Id">
                <value type="parameter" parameterid="par_bizbus_clientid"/>
              </arg>
              <arg type="header" id="X-VF-API-Process">
                <value type="value"><content>QueryRscRelation</content></value>
              </arg>
              <arg type="header" id="Content-Type">
                <value type="value"><content>application/xml</content></value>
              </arg>
            </args>
            <body contenttype="text">
              <text>
                <value type="value"><content><![CDATA[    
                  <soap:Envelope xmlns:soap="http://www.w3.org/2003/05/soap-envelope" xmlns:v1="http://group.vodafone.com/contract/vho/header/v1" xmlns:v11="http://group.vodafone.com/schema/vbm/customer/customer-group/v1" xmlns:v12="http://group.vodafone.com/schema/common/v1">
                    <soap:Header>
                        <v1:RouteInfo>
                          <v1:Route>
                              <v1:ID>QueryRscRelation</v1:ID>
                          </v1:Route>
                        </v1:RouteInfo>
                        <v1:Correlation>
                          <v1:ConversationID>]]></content></value><value type="parameter" role="ocs" parameterid="par_id_conversation_query_rsc_relation"/><value type="value"><content><![CDATA[</v1:ConversationID>
                        </v1:Correlation>
                    </soap:Header>
                    <soap:Body>
                        <v11:GetCustomerGroupListVBMRequest>
                          <v12:Identification>
                              <v12:Categories>
                                <v12:Category name="Process">QueryRscRelationtoOCS</v12:Category>
                                <v12:Category name="RelationDestIdentity.PrimaryIdentity">]]></content></value><value type="parameter" parameterid="par_context_msisdn"/><value type="value"><content><![CDATA[</v12:Category>
                              </v12:Categories>
                          </v12:Identification>
                        </v11:GetCustomerGroupListVBMRequest>
                    </soap:Body>
                </soap:Envelope>                 
                ]]></content></value>
              </text>
            </body>
            <response type="xml2json1"/>
          </endpoint>

          <endpoint id="create_group" verbose="true" lazy="true" type="ws" connecttimeout="30000" requesttimeout="21000">
            <method>POST</method>              
            <url ignoreSSL="true">{url}/CustomerGroupSOAP11/CreateCustomerGroup</url>
            <args>
              <arg type="path" id="url">
                <value type="parameter" parameterid="par_url_bizbus"/>
              </arg>
              <arg type="header" id="Accept">
                <value type="value"><content>*/*</content></value>
              </arg>
              <arg type="header" id="X-IBM-Client-Id">
                <value type="parameter" parameterid="par_bizbus_clientid"/>
              </arg>
              <arg type="header" id="X-VF-API-Process">
                <value type="value"><content>CreateGroup</content></value>
              </arg>
              <arg type="header" id="Content-Type">
                <value type="value"><content>application/xml</content></value>
              </arg>
            </args>
            <body contenttype="text">
              <text>
                <value type="value"><content><![CDATA[
                  <soap:Envelope xmlns:soap="http://www.w3.org/2003/05/soap-envelope" xmlns:v1="http://group.vodafone.com/contract/vho/header/v1" xmlns:v11="http://group.vodafone.com/schema/vbm/customer/customer-group/v1" xmlns:v12="http://group.vodafone.com/schema/common/v1" xmlns:v13="http://group.vodafone.com/schema/vbo/customer/customer-group/v1">
                      <soap:Header>
                          <v1:RouteInfo>
                              <v1:Route>
                                  <v1:ID>]]></content></value><value type="parameter" role="ocs" parameterid="par_id_conversation_create_group"/><value type="value"><content><!-- DCO20240320 - INC000086459594 --><![CDATA[</v1:ID>
                                  <v1:Keys>
                                      <v1:Key name="ValidMode">4050000</v1:Key>
                                  </v1:Keys>
                              </v1:Route>
                          </v1:RouteInfo>
                      </soap:Header>
                      <soap:Body>
                          <v11:CreateCustomerGroupVBMRequest>
                              <v11:CustomerGroupVBO actionCode="ADD">
                                  <v12:IDs>
                                      <v12:ID>]]></content></value><value type="parameter" role="front" parameterid="par_numero_cuenta"/><!-- CAD20230510 - Movil Partis --><value type="value"><content><![CDATA[</v12:ID>
                                  </v12:IDs>
                                  <v12:Type>2</v12:Type>
                                  <v12:Categories>
                                      <v12:Category name="Process">CreateGroup</v12:Category>
                                      <v12:Category name="C_QUOTA_AMOUNT">0</v12:Category>
                                      <v12:Category name="C_N_SG_MIGRATION_STATUS">0</v12:Category>
                                  </v12:Categories>
                                  <v13:Parts>
                                      <v13:Members>
                                          <v13:Member actionCode="ADD">
                                              <v12:Type name="ParentGroupNumber">0</v12:Type>
                                          </v13:Member>
                                      </v13:Members>
                                      <v13:BillingAccounts>
                                          <v13:BillingAccount actionCode="ADD">
                                              <v12:Type name="BillcycleType">]]></content></value><value type="parameter" role="front" parameterid="par_ciclo_facturacion"/><!-- CAD20230510 - Movil Partis --><value type="value"><content><![CDATA[</v12:Type>
                                              <v12:Categories>
                                                  <v12:Category name="HierarchyProduct">]]></content></value><value type="parameter" role="front" parameterid="par_offering_code_action_parameter_final"/><value type="value"><content><!-- DCO20240320 - INC000086459594 --><![CDATA[</v12:Category>
                                              </v12:Categories>
                                          </v13:BillingAccount>
                                      </v13:BillingAccounts>
                                  </v13:Parts>
                              </v11:CustomerGroupVBO>
                          </v11:CreateCustomerGroupVBMRequest>
                      </soap:Body>
                  </soap:Envelope>
                ]]></content></value>
              </text>
            </body>
            <response type="xml2json1"/>
          </endpoint>

          <endpoint id="query_group_member_list" verbose="true" lazy="true" type="ws" connecttimeout="30000" requesttimeout="21000">
            <method>POST</method>              
            <url ignoreSSL="true">{url}CustomerGroupSOAP11/GetCustomerGroupList</url>
            <args>
              <arg type="path" id="url">
                <value type="parameter" parameterid="par_url_bizbus"/>
              </arg>
              <arg type="header" id="Accept">
                <value type="value"><content>*/*</content></value>
              </arg>
              <arg type="header" id="X-IBM-Client-Id">
                <value type="parameter" parameterid="par_bizbus_clientid"/>
              </arg>
              <arg type="header" id="X-VF-API-Process">
                <value type="value"><content>QueryGroupMemberList</content></value>
              </arg>
              <arg type="header" id="Content-Type">
                <value type="value"><content>application/xml</content></value>
              </arg>
            </args>
            <body contenttype="text">
              <text>
                <value type="value"><content><![CDATA[
                  <soap:Envelope xmlns:soap="http://www.w3.org/2003/05/soap-envelope" xmlns:v1="http://group.vodafone.com/contract/vho/header/v1" xmlns:v11="http://group.vodafone.com/schema/vbm/customer/customer-group/v1" xmlns:v12="http://group.vodafone.com/schema/common/v1">
                    <soap:Header>
                        <v1:RouteInfo>
                          <v1:Route>
                              <v1:ID>QueryGroupMemberList</v1:ID>
                          </v1:Route>
                        </v1:RouteInfo>
                        <v1:Correlation>
                          <v1:ConversationID>]]></content></value><value type="parameter" role="ocs" parameterid="par_id_conversation_query_group_member_list"/><value type="value"><content><![CDATA[</v1:ConversationID>
                        </v1:Correlation>
                    </soap:Header>
                    <soap:Body>
                        <v11:GetCustomerGroupListVBMRequest>
                          <v12:StartIndex>0</v12:StartIndex>
                          <v12:IndexPerPage format="1000">0</v12:IndexPerPage>
                          <v12:Criteria>
                              <v12:QueryExpression>
                                <v12:ValueExpression Path="SubGroupKey">
                                    <v12:Value>]]></content></value><value type="parameter" role="front" parameterid="par_numero_cuenta"/><!-- CAD20230510 - Movil Partis --><value type="value"><content><![CDATA[</v12:Value>
                                </v12:ValueExpression>
                              </v12:QueryExpression>
                          </v12:Criteria>
                          <v12:Identification>
                              <v12:Categories>
                                <v12:Category name="Process">QueryGroupMemberListtoOCS</v12:Category>
                              </v12:Categories>
                          </v12:Identification>
                        </v11:GetCustomerGroupListVBMRequest>
                    </soap:Body>
                  </soap:Envelope>                        
                ]]></content></value>
              </text>
            </body>
            <response type="xml2json1"/>
          </endpoint>

          <!-- DCO20240513 - Cosmos Nokia - INICIO -->
          <endpoint id="alta_etiquetas_pcrf" verbose="true" lazy="true" type="ws" connecttimeout="30000" requesttimeout="21000">
            <method>POST</method>              
            <url ignoreSSL="true">{url}p-resource-function-activation-management/api/resourceFunction/service/{id}</url>
            <args>
              <arg type="path" id="url">
                <value type="parameter" parameterid="par_url_mulesoft"/>
              </arg>
              <arg type="header" id="id">
                <value type="parameter" parameterid="par_context_msisdn"/>
              </arg>
              <arg type="header" id="X-VF-API-Process">
                <value type="value"><content>subscribeServicetoPCRF</content></value>
              </arg>
              <!-- DVA20240531 - Migracion V18 - Content Blank - <arg type="header" id="X-VF-Origin-System">
                <value type="value"><content></content></value>
              </arg> -->
              <arg type="header" id="client_id">
                <value type="parameter" parameterid="par_mulesoft_clientid"/>
              </arg>
              <arg type="header" id="client_secret">
                <value type="parameter" parameterid="par_mulesoft_client_secret"/>
              </arg>
            </args>
            <body contenttype="text">
              <text>
                <value type="value"><content><![CDATA[
                  {
                    "resourceCharacteristic": [
                     {
                        "name": "Custom1_Sy",
                        "valueType": "subscriber",
                        "value": "dummy"
                      }
                    ]
                  }                                                  
                ]]></content></value>
              </text>
            </body>
            <response type="xml2json1"/>
          </endpoint>

          <!-- <endpoint id="alta_etiquetas_pcrf" verbose="true" lazy="true" type="ws" connecttimeout="30000" requesttimeout="21000">
            <method>POST</method>              
            <url ignoreSSL="true">{url}/SubscriptionProfileSOAP11/UpdateSubscriptionProfile</url>
            <args>
              <arg type="path" id="url">
                <value type="parameter" parameterid="par_url_bizbus"/>
              </arg>
              <arg type="header" id="Accept">
                <value type="value"><content>*/*</content></value>
              </arg>
              <arg type="header" id="X-IBM-Client-Id">
                <value type="parameter" parameterid="par_bizbus_clientid"/>
              </arg>
              <arg type="header" id="X-VF-API-Process">
                <value type="value"><content>SubscribeService</content></value>
              </arg>
              <arg type="header" id="Content-Type">
                <value type="value"><content>application/xml</content></value>
              </arg>
            </args>
            <body contenttype="text">
              <text>
                <value type="value"><content><![CDATA[
                  <soap:Envelope xmlns:soap="http://www.w3.org/2003/05/soap-envelope" xmlns:v1="http://group.vodafone.com/contract/vho/header/v1" xmlns:v11="http://group.vodafone.com/schema/vbm/subscription/subscription-profile/v1" xmlns:v12="http://group.vodafone.com/schema/common/v1" xmlns:urn="urn:un:unece:uncefact:documentation:standard:CoreComponentType:2" xmlns:v13="http://group.vodafone.com/schema/vbo/subscription/subscription-profile/v1" xmlns:v14="http://group.vodafone.com/schema/extension/vbo/subscription/subscription-profile/v1">
                  <soap:Header>
                      <v1:Source>
                        <v1:System>SCHAMAN</v1:System>
                      </v1:Source>
                      <v1:RouteInfo>
                        <v1:Route>
                            <v1:Keys>
                              <v1:Key>123</v1:Key>
                            </v1:Keys>
                        </v1:Route>
                      </v1:RouteInfo>
                      <v1:Correlation>
                        <v1:ConversationID>]]></content></value><value type="parameter" role="ocs" parameterid="par_id_conversation_alta_etiquetas_pcrf"/><value type="value"><content><![CDATA[</v1:ConversationID>
                      </v1:Correlation>
                      <v1:Cache>
                        <v1:UseCache>no</v1:UseCache>
                      </v1:Cache>
                  </soap:Header>
                  <soap:Body>
                      <v11:UpdateSubscriptionProfileVBMRequest>
                        <v11:SubscriptionProfileVBO>
                            <v12:Categories>
                            <v12:Category name="Process">subscribeServicetoPCRF</v12:Category>
                            </v12:Categories>
                            <v12:Status>OK</v12:Status>
                            <v13:Parts>
                              <v13:ContentAccessProfileGroup>
                                  <v13:AllowedContentAccessProfiles>
                                    <v13:ContentAccessProfile>
                                      <v13:NoAccessNotification>]]></content></value><value type="parameter" role="ocs" parameterid="par_current_content_access_profile_action_parameter"/><value type="value"><content><![CDATA[</v13:NoAccessNotification>
                                    </v13:ContentAccessProfile>
                                  </v13:AllowedContentAccessProfiles>
                              </v13:ContentAccessProfileGroup>
                              <v13:Subscription>
                                  <v12:IDs>
                                    <v12:ID>34]]></content></value><value type="parameter" parameterid="par_context_msisdn"/><value type="value"><content><![CDATA[</v12:ID>
                                  </v12:IDs>
                              <v13:MSISDN schemeName="usrIdentifier">34]]></content></value><value type="parameter" parameterid="par_context_msisdn"/><value type="value"><content><![CDATA[</v13:MSISDN>
                              </v13:Subscription>
                              <v13:Specification>
                                  <v12:CharacteristicsValue characteristicName="srvName">
                                    <v12:Value>]]></content></value><value type="argument" argumentid="arg_alta_etiquetas"/><value type="value"><content><![CDATA[</v12:Value>
                                  </v12:CharacteristicsValue>
                              </v13:Specification>
                            </v13:Parts>
                        </v11:SubscriptionProfileVBO>
                      </v11:UpdateSubscriptionProfileVBMRequest>
                  </soap:Body>
                </soap:Envelope>                                  
                ]]></content></value>
              </text>
            </body>
            <response type="xml2json1"/>
          </endpoint> -->

          <!-- DCO20240513 - Cosmos Nokia - FIN -->

          <!-- DCO20230712 - Movil Partis - INICIO -->
          <endpoint id="alta_etiquetas_pcrf_2" verbose="true" lazy="true" type="ws" connecttimeout="30000" requesttimeout="21000">
            <method>POST</method>              
            <url ignoreSSL="true">{url}/SubscriptionProfileSOAP11/UpdateSubscriptionProfile</url>
            <args>
              <arg type="path" id="url">
                <value type="parameter" parameterid="par_url_bizbus"/>
              </arg>
              <arg type="header" id="Accept">
                <value type="value"><content>*/*</content></value>
              </arg>
              <arg type="header" id="X-IBM-Client-Id">
                <value type="parameter" parameterid="par_bizbus_clientid"/>
              </arg>
              <arg type="header" id="X-VF-API-Process">
                <value type="value"><content>SubscribeService</content></value>
              </arg>
              <arg type="header" id="Content-Type">
                <value type="value"><content>application/xml</content></value>
              </arg>
            </args>
            <body contenttype="text">
              <text>
                <value type="value"><content><![CDATA[
                  <soap:Envelope xmlns:soap="http://www.w3.org/2003/05/soap-envelope" xmlns:v1="http://group.vodafone.com/contract/vho/header/v1" xmlns:v11="http://group.vodafone.com/schema/vbm/subscription/subscription-profile/v1" xmlns:v12="http://group.vodafone.com/schema/common/v1" xmlns:urn="urn:un:unece:uncefact:documentation:standard:CoreComponentType:2" xmlns:v13="http://group.vodafone.com/schema/vbo/subscription/subscription-profile/v1" xmlns:v14="http://group.vodafone.com/schema/extension/vbo/subscription/subscription-profile/v1">
                  <soap:Header>
                      <v1:Source>
                        <v1:System>SCHAMAN</v1:System>
                      </v1:Source>
                      <v1:RouteInfo>
                        <v1:Route>
                            <v1:Keys>
                              <v1:Key>123</v1:Key>
                            </v1:Keys>
                        </v1:Route>
                      </v1:RouteInfo>
                      <v1:Correlation>
                        <v1:ConversationID>]]></content></value><value type="parameter" role="ocs" parameterid="par_id_conversation_alta_etiquetas_pcrf_2"/><value type="value"><content><![CDATA[</v1:ConversationID>
                      </v1:Correlation>
                      <v1:Cache>
                        <v1:UseCache>no</v1:UseCache>
                      </v1:Cache>
                  </soap:Header>
                  <soap:Body>
                      <v11:UpdateSubscriptionProfileVBMRequest>
                        <v11:SubscriptionProfileVBO>
                            <v12:Categories>
                            <v12:Category name="Process">subscribeServicetoPCRF</v12:Category>
                            </v12:Categories>
                            <v12:Status>OK</v12:Status>
                            <v13:Parts>
                              <v13:ContentAccessProfileGroup>
                                  <v13:AllowedContentAccessProfiles>
                                    <v13:ContentAccessProfile>
                                      <v13:NoAccessNotification>]]></content></value><value type="parameter" role="ocs" parameterid="par_current_content_access_profile_action_parameter"/><value type="value"><content><![CDATA[</v13:NoAccessNotification>
                                    </v13:ContentAccessProfile>
                                  </v13:AllowedContentAccessProfiles>
                              </v13:ContentAccessProfileGroup>
                              <v13:Subscription>
                                  <v12:IDs>
                                    <v12:ID>34]]></content></value><value type="parameter" parameterid="par_context_msisdn"/><value type="value"><content><![CDATA[</v12:ID>
                                  </v12:IDs>
                              <v13:MSISDN schemeName="usrIdentifier">34]]></content></value><value type="parameter" parameterid="par_context_msisdn"/><value type="value"><content><![CDATA[</v13:MSISDN>
                              </v13:Subscription>
                              <v13:Specification>
                                  <v12:CharacteristicsValue characteristicName="srvName">
                                    <v12:Value>]]></content></value><value type="argument" argumentid="arg_alta_etiquetas_2"/><value type="value"><content><![CDATA[</v12:Value>
                                  </v12:CharacteristicsValue>
                              </v13:Specification>
                            </v13:Parts>
                        </v11:SubscriptionProfileVBO>
                      </v11:UpdateSubscriptionProfileVBMRequest>
                  </soap:Body>
                </soap:Envelope>                                  
                ]]></content></value>
              </text>
            </body>
            <response type="xml2json1"/>
          </endpoint>
          <!-- DCO20230712 - Movil Partis - FIN -->

          <!-- DCO20240301 - Cosmos Nokia - INICIO -->
          <endpoint id="crear_msisdn_pcrf" verbose="true" lazy="true" type="ws" connecttimeout="30000" requesttimeout="21000">
            <method>POST</method>              
            <url ignoreSSL="true">{url}p-resource-function-activation-management/api/resourceFunction</url>
            <args>
              <arg type="path" id="url">
                <value type="parameter" parameterid="par_url_mulesoft"/>
              </arg>
              <arg type="header" id="X-VF-API-Process">
                <value type="value"><content>addSubscribertoPCRF</content></value>
              </arg>
              <!-- DVA20240531 - Migracion V18 - Content Blank - <arg type="header" id="X-VF-Origin-System">
                <value type="value"><content></content></value>
              </arg> -->
              <arg type="header" id="client_id">
                <value type="parameter" parameterid="par_mulesoft_clientid"/>
              </arg>
              <arg type="header" id="client_secret">
                <value type="parameter" parameterid="par_mulesoft_client_secret"/>
              </arg>
            </args>
            <body contenttype="text">
              <text>
                <value type="value"><content><![CDATA[
                {
                  "name": "",
                  "resourceSpecification": {
                      "id": ""
                  },
                  "resourceCharacteristic": [
                    {
                      "name": "msisdn",
                      "valueType": "subscriber",
                      "value": "]]></content></value><value type="parameter" parameterid="par_context_msisdn"/><value type="value"><content><![CDATA["
                    },
                    {
                      "name": "imsi",
                      "valueType": "subscriber",
                      "value": "]]></content></value><value type="parameter" role="front" parameterid="par_imsi"/><value type="value"><content><![CDATA["
                    }
                  ]
                }
                                                                 
                ]]></content></value>
              </text>
            </body>
            <response type="xml2json1"/>
          </endpoint>
          <!-- DCO20240301 - Cosmos Nokia - FIN -->

          <endpoint id="change_offering_property" verbose="true" lazy="true" type="ws" connecttimeout="30000" requesttimeout="21000">
            <method>POST</method>              
            <url ignoreSSL="true">{url}/ServiceOrderSOAP11/serviceOrder</url>
            <args>
              <arg type="path" id="url">
                <value type="parameter" parameterid="par_url_bizbus"/>
              </arg>
              <arg type="header" id="Accept">
                <value type="value"><content>*/*</content></value>
              </arg>
              <arg type="header" id="X-IBM-Client-Id">
                <value type="parameter" parameterid="par_bizbus_clientid"/>
              </arg>
              <arg type="header" id="X-VF-API-Process">
                <value type="value"><content>ChangeOfferingProperty</content></value>
              </arg>
              <arg type="header" id="Content-Type">
                <value type="value"><content>application/xml</content></value>
              </arg>
            </args>
            <body contenttype="text">
              <text>
                <!-- DCO20230817 - INC000073183040 - INICIO -->
                <value type="value"><content><![CDATA[
                  <soap:Envelope xmlns:soap="http://www.w3.org/2003/05/soap-envelope" xmlns:v1="http://group.vodafone.com/contract/vho/header/v1" xmlns:v11="http://group.vodafone.com/schema/vbm/order/service-order/v1" xmlns:v12="http://group.vodafone.com/schema/common/v1" xmlns:urn="urn:un:unece:uncefact:documentation:standard:CoreComponentType:2" xmlns:v13="http://group.vodafone.com/schema/vbo/order/service-order/v1" xmlns:v14="http://group.vodafone.com/schema/extension/vbo/order/service-order/v1"> 
                    <soap:Header>
                      <v1:Correlation>
                        <v1:ConversationID>]]></content></value><value type="parameter" parameterid="par_id_conversation_change_offering_property" role="ocs"/><value type="value"><content><![CDATA[</v1:ConversationID>
                        </v1:Correlation>
                      </soap:Header>
                      <soap:Body>
                        <v11:CreateServiceOrderVBMRequest>
                          <v11:ServiceOrderVBO>
                            <v12:Categories>
                              <v12:Category name="Process">ChangeOfferingPropertytoOCS</v12:Category>
                            </v12:Categories>
                            <v13:Parts>
                              <v13:LineItems>
                                <v13:LineItem>
                                      <v12:IDs>
                                          <v12:ID schemeName="SubGroupAccessCode.SubGroupCode">]]></content></value><value type="parameter" parameterid="par_numero_cuenta" role="front"/><value type="value"><content><![CDATA[</v12:ID>
                                          <v12:ID schemeName="OfferingCode">]]></content></value><value type="parameter" role="front" parameterid="par_offering_code_action_parameter_final"/><value type="value"><content><!-- DCO20240320 - INC000086459594 --><![CDATA[</v12:ID>
                                      </v12:IDs>
                                        <v13:ServiceSpecifications>
                                          <v13:ServiceSpecification actionCode="ADD">
                                            <v12:IDs>
                                                <v12:ID schemeName="InstProperty.PropCode">C_DIY_DATA_AMOUNT</v12:ID>
                                            </v12:IDs>
                                            <v12:Name>ProductInst</v12:Name>
                                            <v12:Type>1</v12:Type>
                                            <v12:Categories>
                                              <v12:Category name="Value">]]></content></value><value type="parameter" parameterid="par_mb_msisdn_mas_comunidad_action_parameter" role="ocs"/><value type="value"><content><![CDATA[</v12:Category>
                                                <v12:Category name="EffectiveTime.Mode">I</v12:Category>
                                              </v12:Categories>
                                            </v13:ServiceSpecification>
                                            ]]></content></value><value type="parameter" parameterid="par_delete_change_offering_property_action_parameter" role="ocs"/><value type="value"><content><![CDATA[
                                      </v13:ServiceSpecifications>
                                    </v13:LineItem>
                                </v13:LineItems>
                              </v13:Parts>
                          </v11:ServiceOrderVBO>
                        </v11:CreateServiceOrderVBMRequest>
                    </soap:Body>
                  </soap:Envelope>                           
                  ]]></content></value>
                  <!-- DCO20230817 - INC000073183040 - FIN -->
                </text>
            </body>
            <response type="xml2json1"/>
          </endpoint>

          <endpoint id="add_group_member" verbose="true" lazy="true" type="ws" connecttimeout="30000" requesttimeout="21000">
            <method>POST</method>              
            <url ignoreSSL="true">{url}/CustomerGroupSOAP11/GetCustomerGroupList</url>
            <args>
              <arg type="path" id="url">
                <value type="parameter" parameterid="par_url_bizbus"/>
              </arg>
              <arg type="header" id="Accept">
                <value type="value"><content>*/*</content></value>
              </arg>
              <arg type="header" id="X-IBM-Client-Id">
                <value type="parameter" parameterid="par_bizbus_clientid"/>
              </arg>
              <arg type="header" id="X-VF-API-Process">
                <value type="value"><content>AddGroupMembertoOCS</content></value>
              </arg>
              <arg type="header" id="Content-Type">
                <value type="value"><content>application/xml</content></value>
              </arg>
            </args>
            <body contenttype="text">
              <text>
                <value type="value"><content><![CDATA[
                  <soap:Envelope
                    xmlns:soap="http://www.w3.org/2003/05/soap-envelope"
                    xmlns:v1="http://group.vodafone.com/contract/vho/header/v1"
                    xmlns:v11="http://group.vodafone.com/schema/vbm/customer/customer-group/v1"
                    xmlns:v12="http://group.vodafone.com/schema/common/v1"
                    xmlns:v13="http://group.vodafone.com/schema/vbo/customer/customer-group/v1">
                    <soap:Header>
                        <v1:RouteInfo>
                            <v1:Route>
                                <v1:ID>AddGroupMembertoOCS</v1:ID>
                            </v1:Route>
                        </v1:RouteInfo>
                        <v1:Correlation>
                            <v1:ConversationID>]]></content></value><value type="parameter" role="ocs" parameterid="par_id_conversation_change_group_offering"/><value type="value"><content><![CDATA[</v1:ConversationID>
                        </v1:Correlation>
                    </soap:Header>
                    <soap:Body>
                        <v11:UpdateCustomerGroupVBMRequest>
                            <v11:CustomerGroupVBO>
                                <v12:Categories>
                                    <v12:Category name="Process">AddGroupMembertoOCS</v12:Category>
                                    <v12:Category name="SubGroupAccessCode.SubGroupCode">]]></content></value><value type="parameter" role="front" parameterid="par_numero_cuenta"/><value type="value"><content><![CDATA[</v12:Category>
                                </v12:Categories>
                                <v12:Version>I</v12:Version>
                            <v13:RelatedCustomerGroups>
                              <v13:RelatedCustomerGroupType>
                                    <v12:Type>S</v12:Type>
                                    <v12:Categories>
                                    <v12:Category listName="OfferingCode">]]></content></value><value type="parameter" role="front" parameterid="par_offering_code_action_parameter_final"/><value type="value"><content><!-- DCO20240320 - INC000086459594 --><![CDATA[</v12:Category>
                                    ]]></content></value><value type="argument" argumentid="arg_share_rule"/><value type="value"><content><![CDATA[
                                    <v12:Category listName="ShareLimit.LimitCycleType">B</v12:Category>
                                    <v12:Category listName="ShareLimit.LimitValue">]]></content></value><value type="parameter" role="ocs" parameterid="par_mb_categoria_comunidad"/><value type="value"><content><![CDATA[</v12:Category>
                                    <v12:Category listName="ShareLimit.MeasureUnit">1106</v12:Category>
                                  </v12:Categories>                
                            </v13:RelatedCustomerGroupType>
                            </v13:RelatedCustomerGroups>
                                <v13:Parts>
                                    <v13:Members>
                                        <v13:Member>
                                            <v12:Type>1</v12:Type>
                                            <v12:IDs>
                                                <v12:ID schemeName="PrimaryIdentity">]]></content></value><value type="parameter" parameterid="par_context_msisdn"/><value type="value"><content><![CDATA[</v12:ID>
                                            </v12:IDs>
                                        </v13:Member>
                                    </v13:Members>
                                </v13:Parts>
                            </v11:CustomerGroupVBO>
                        </v11:UpdateCustomerGroupVBMRequest>
                    </soap:Body>
                </soap:Envelope>                                   
                ]]></content></value>
              </text>
            </body>
            <response type="xml2json1"/>
          </endpoint>

          <endpoint type="ws" id="change_group_offering" verbose="true" lazy="true" connecttimeout="5000" requesttimeout="40000">
            <method>POST</method>
            <url ignoreSSL="true">{url}ServiceOrder/ServiceOrderService.svc</url>
            <args>
                <arg type="path" id="url">
                    <value type="parameter" parameterid="par_url_biztalk"/>
                </arg>
                <arg type="header" id="Content-Type">
                    <value type="value"><content>application/soap+xml;charset=UTF-8;action="http://group.vodafone.com/contract/vbs/service/service-order/v1/create"</content></value>
                </arg>
            </args>
            <body contenttype="text">
              <text>
                  <value type="value"><content>
                  <![CDATA[
                  <soap:Envelope xmlns:soap="http://www.w3.org/2003/05/soap-envelope" xmlns:v1="http://group.vodafone.com/contract/vho/header/v1" xmlns:v11="http://group.vodafone.com/schema/vbm/order/service-order/v1" xmlns:v12="http://group.vodafone.com/schema/common/v1" xmlns:urn="urn:un:unece:uncefact:documentation:standard:CoreComponentType:2" xmlns:v13="http://group.vodafone.com/schema/vbo/order/service-order/v1" xmlns:v14="http://group.vodafone.com/schema/extension/vbo/order/service-order/v1">
                    <soap:Header>
                        <v1:Correlation>
                          <v1:ConversationID>]]></content></value><value type="parameter" role="ocs" parameterid="par_id_conversation_change_group_offering"/><value type="value"><content><![CDATA[</v1:ConversationID>
                        </v1:Correlation>
                    </soap:Header>
                    <soap:Body>
                        <v11:CreateServiceOrderVBMRequest>
                          <v11:ServiceOrderVBO>
                              <v12:Categories>
                                <v12:Category name="Process">ChangeSubOffering</v12:Category>
                              </v12:Categories>
                              <v13:RelatedServiceOrders>
                                <v13:RelatedServiceOrder>
                                    <v12:IDs>
                                      <v12:ID>]]></content></value><value type="parameter" parameterid="par_context_msisdn"/><value type="value"><content><![CDATA[</v12:ID>
                                    </v12:IDs>
                                </v13:RelatedServiceOrder>
                              </v13:RelatedServiceOrders>
                              <v13:Parts>
                                <v13:LineItems>
                                    <v13:LineItem>
                                      <v12:Name>SupplementaryOffering</v12:Name>
                                      <v13:ServiceSpecifications>
                                          <v13:ServiceSpecification actionCode="DELETE">
                                            <v12:Name>OfferingKey</v12:Name>
                                            <v12:Categories>
                                                <v12:Category name="OfferingCode">]]></content></value><value type="parameter" role="ocs" parameterid="par_offering_code_final"/><!-- CAD20231113 - VBTS Mejoras Movil Fase 1 --><value type="value"><content><![CDATA[</v12:Category>
                                            </v12:Categories>
                                          </v13:ServiceSpecification>
                                          <v13:ServiceSpecification actionCode="DELETE">
                                            <v12:Name>EffectiveTime</v12:Name>
                                            <v12:Categories>
                                                <v12:Category name="Mode">I</v12:Category>
                                            </v12:Categories>
                                          </v13:ServiceSpecification>
                                      </v13:ServiceSpecifications>
                                    </v13:LineItem>
                                    <v13:LineItem>
                                      <v12:Name>SupplementaryOffering</v12:Name>
                                      <v13:ServiceSpecifications>
                                          <v13:ServiceSpecification actionCode="ADD">
                                            <v12:Name>OfferingKey</v12:Name>
                                            <v12:Categories>
                                                <v12:Category name="OfferingCode">]]></content></value><value type="parameter" role="front" parameterid="par_plan_precios_datos"/><!-- CAD20230510 - Movil Partis --><value type="value"><content><![CDATA[</v12:Category>
                                            </v12:Categories>
                                          </v13:ServiceSpecification>
                                          <v13:ServiceSpecification actionCode="ADD">
                                            <v12:Name>EffectiveTime</v12:Name>
                                            <v12:Categories>
                                                <v12:Category name="Mode">I</v12:Category>
                                            </v12:Categories>
                                          </v13:ServiceSpecification>
                                      </v13:ServiceSpecifications>
                                    </v13:LineItem>
                                </v13:LineItems>
                              </v13:Parts>
                          </v11:ServiceOrderVBO>
                        </v11:CreateServiceOrderVBMRequest>
                    </soap:Body>
                  </soap:Envelope>
                  ]]></content></value>           
              </text>
            </body>
            <response type="xml2json1"/>
          </endpoint>

          <endpoint id="adjust_group_account_to_ocs" verbose="true" lazy="true" type="ws" connecttimeout="30000" requesttimeout="21000">
            <method>POST</method>              
            <url ignoreSSL="true">{url}/ServiceAccountAdjustmentSOAP11/CreateServiceAccountAdjustment</url>
            <args>
              <arg type="path" id="url">
                <value type="parameter" parameterid="par_url_bizbus"/>
              </arg>
              <arg type="header" id="Accept">
                <value type="value"><content>*/*</content></value>
              </arg>
              <arg type="header" id="X-IBM-Client-Id">
                <value type="parameter" parameterid="par_bizbus_clientid"/>
              </arg>
              <arg type="header" id="X-VF-API-Process">
                <value type="value"><content>AdjustGroupAccounttoOCS</content></value>
              </arg>
              <arg type="header" id="Content-Type">
                <value type="value"><content>application/xml</content></value>
              </arg>
            </args>
            <body contenttype="text">
              <text>
                <value type="value"><content><![CDATA[
                  <soap:Envelope xmlns:v13="http://group.vodafone.com/schema/vbo/service/service-account-adjustment/v1" xmlns:urn="urn:un:unece:uncefact:documentation:standard:CoreComponentType:2" xmlns:v12="http://group.vodafone.com/schema/common/v1" xmlns:v11="http://group.vodafone.com/schema/vbm/service/service-account-adjustment/v1" xmlns:v1="http://group.vodafone.com/contract/vho/header/v1" xmlns:soap="http://www.w3.org/2003/05/soap-envelope">
                    <soap:Header>
                        <v1:Source>
                            <v1:LanguageCode>2002</v1:LanguageCode>
                        </v1:Source>
                        <v1:RouteInfo>
                            <v1:Route>
                                <v1:ID>AdjustGroupAccountRequest</v1:ID>
                            </v1:Route>
                        </v1:RouteInfo>
                        <v1:Correlation>
                            <v1:ConversationID>]]></content></value><value type="parameter" role="ocs" parameterid="par_id_conversation_adjust_group_account_to_ocs"/><value type="value"><content><![CDATA[</v1:ConversationID>
                        </v1:Correlation>
                    </soap:Header>
                    <soap:Body>
                        <v11:CreateServiceAccountAdjustmentVBMRequest>
                            <v11:ServiceAccountAdjustmentVBO>
                                <v12:Type>1</v12:Type>
                                <v12:Categories>
                                    <v12:Category name="Process">AdjustAccountRequest</v12:Category>
                                </v12:Categories>
                                <v13:RelatedServiceAccountAdjustments>
                                    <v13:RelatedServiceAccountAdjustment>
                                        <v12:IDs>
                                          <v12:ID schemeID="SubGroupKey">]]></content></value><value type="parameter" role="front" parameterid="par_numero_cuenta"/><!-- CAD20230510 - Movil Partis --><value type="value"><content><![CDATA[</v12:ID>
                                        </v12:IDs>
                                        <v12:Desc>SubGroupAccessCode</v12:Desc>
                                    </v13:RelatedServiceAccountAdjustment>
                                </v13:RelatedServiceAccountAdjustments>
                                <v13:Parts>
                                    <v13:ServiceBalances>
                                        <v13:ServiceBalance>
                                            <v12:Name>]]></content></value><value type="parameter" role="front" parameterid="par_free_unit_type"/><value type="value"><content><!-- DCO20240320 - INC000086459594 --><![CDATA[</v12:Name>
                                            <v12:Desc>FreeUnitAdjusmentInfo</v12:Desc>
                                            <v12:Type>1</v12:Type>
                                            <v13:AdjustmentAmount>]]></content></value><value type="parameter" role="ocs" parameterid="par_mb_msisdn_mas_comunidad_action_parameter"/><value type="value"><content><!-- DCO20240320 - INC000086459594 --><![CDATA[</v13:AdjustmentAmount>
                                        </v13:ServiceBalance>
                                    </v13:ServiceBalances>
                                </v13:Parts>
                            </v11:ServiceAccountAdjustmentVBO>
                        </v11:CreateServiceAccountAdjustmentVBMRequest>
                    </soap:Body>
                </soap:Envelope>                             
                ]]></content></value>
              </text>
            </body>
            <response type="xml2json1"/>
          </endpoint>

          <endpoint id="consulta_tarifa_datos" verbose="true" lazy="true" type="ws" connecttimeout="30000" requesttimeout="21000">
            <method>POST</method>              
            <url ignoreSSL="true">{url}/CustomerAccountSOAP11/GetCustomerAccountList</url>
            <args>
              <arg type="path" id="url">
                <value type="parameter" parameterid="par_url_bizbus"/>
              </arg>
              <arg type="header" id="Accept">
                <value type="value"><content>*/*</content></value>
              </arg>
              <arg type="header" id="X-IBM-Client-Id">
                <value type="parameter" parameterid="par_bizbus_clientid"/>
              </arg>
              <arg type="header" id="X-VF-API-Process">
                <value type="value"><content>ConsultaTarifaDatos</content></value>
              </arg>
              <arg type="header" id="Content-Type">
                <value type="value"><content>application/xml</content></value>
              </arg>
            </args>
            <body contenttype="text">
              <text>
                <!-- DCO20231102 - INC000073183040 - INICIO -->
                <value type="value"><content><![CDATA[
                  <soap:Envelope xmlns:soap="http://www.w3.org/2003/05/soap-envelope" xmlns:v1="http://group.vodafone.com/contract/vho/header/v1" xmlns:v11="http://group.vodafone.com/schema/vbm/customer/customer-account/v1" xmlns:v12="http://group.vodafone.com/schema/common/v1">
                  <soap:Header>
                          <ns0:Correlation xmlns:ns0="http://group.vodafone.com/contract/vho/header/v1">
                          <ns0:ConversationID>]]></content></value><value type="parameter" role="ocs" parameterid="par_id_conversation_consulta_tarifa_datos"/><value type="value"><content><![CDATA[</ns0:ConversationID>
                          </ns0:Correlation>
                          <ns0:RouteInfo xmlns:ns0="http://group.vodafone.com/contract/vho/header/v1">
                              <ns0:Route>
                                <ns0:ID>QueryGroupBasicInfo</ns0:ID>
                                  <ns0:Keys />
                              </ns0:Route>
                          </ns0:RouteInfo>
                          <ns0:Source xmlns:ns0="http://group.vodafone.com/contract/vho/header/v1">
                              <ns0:System>SCHAMAN</ns0:System>
                          </ns0:Source>
                      </soap:Header>
                      <soap:Body>
                          <ns0:GetCustomerAccountListVBMRequest xmlns:ns0="http://group.vodafone.com/schema/vbm/customer/customer-account/v1">
                              <ns1:Identification xmlns:ns1="http://group.vodafone.com/schema/common/v1">
                                  <ns1:Categories>
                                      <ns1:Category name="Process">QueryCustomerInfotoOCS</ns1:Category>
                                  </ns1:Categories>
                              </ns1:Identification>
                              <ns1:Criteria xmlns:ns1="http://group.vodafone.com/schema/common/v1">
                                  <ns1:QueryExpression>
                                      <ns1:QueryExpression LogicalOperatorCode="AND">
                                          <ns1:ValueExpression Path="/CustomerAccountVBO/Parts/CustomerGroups/CustomerGroup/IDs/ID[@schemeName='SubGroupCode']" QueryOperatorCode="EQUALS">
                                          <ns1:Value>]]></content></value><value type="parameter" parameterid="par_numero_cuenta"/><value type="value"><content><![CDATA[</ns1:Value>
                                          </ns1:ValueExpression>
                                      </ns1:QueryExpression>
                                    </ns1:QueryExpression>
                                  </ns1:Criteria>
                                </ns0:GetCustomerAccountListVBMRequest>
                              </soap:Body>
                  </soap:Envelope>
                ]]></content></value>
                <!-- DCO20231102 - INC000073183040 - FIN -->
              </text>
            </body>
            <response type="xml2json1"/>
          </endpoint>

          <endpoint id="query_free_unit_cuenta" verbose="true" lazy="true" type="ws" connecttimeout="30000" requesttimeout="21000">
            <method>POST</method>              
            <url ignoreSSL="true">{url}/ServiceBalanceSOAP11/GetServiceBalanceList</url>
            <args>
              <arg type="path" id="url">
                <value type="parameter" parameterid="par_url_bizbus"/>
              </arg>
              <arg type="header" id="Accept">
                <value type="value"><content>*/*</content></value>
              </arg>
              <arg type="header" id="X-IBM-Client-Id">
                <value type="parameter" parameterid="par_bizbus_clientid"/>
              </arg>
              <arg type="header" id="X-VF-API-Process">
                <value type="value"><content>ConsultaBonosDisponiblesYContratados</content></value>
              </arg>
              <arg type="header" id="Content-Type">
                <value type="value"><content>application/xml</content></value>
              </arg>
            </args>
            <body contenttype="text">
              <text>
                <value type="value"><content><![CDATA[
                  <soap:Envelope xmlns:soap="http://www.w3.org/2003/05/soap-envelope" xmlns:v1="http://group.vodafone.com/contract/vho/header/v1" xmlns:bf="http://docs.oasis-open.org/wsrf/bf-2" xmlns:add="http://www.w3.org/2005/08/addressing" xmlns:v11="http://group.vodafone.com/contract/vfo/fault/v1" xmlns:v12="http://group.vodafone.com/schema/common/v1" xmlns:v13="http://group.vodafone.com/schema/vbm/service/service-balance/v1">			
                  <soap:Header>			
                      <v1:Correlation>			
                        <v1:ConversationID>]]></content></value><value type="parameter" role="ocs" parameterid="par_id_conversation_query_free_unit_cuenta"/><value type="value"><content><![CDATA[</v1:ConversationID>			
                      </v1:Correlation>			
                  </soap:Header>			
                  <soap:Body>			
                      <v13:GetServiceBalanceListVBMRequest>			
                        <v12:Criteria>			
                            <v12:QueryExpression>			
                              <v12:QueryExpression LogicalOperatorCode="AND">			
                                  <v12:ValueExpression QueryOperatorCode="EQUALS" Path="/ServiceBalanceVBO/Parts/CustomerFacingService/Desc">			
                                    <v12:Value>]]></content></value><value type="parameter" role="front" parameterid="par_numero_cuenta"/><!-- CAD20230510 - Movil Partis --><value type="value"><content><![CDATA[</v12:Value>			
                                  </v12:ValueExpression>			
                              </v12:QueryExpression>			
                            </v12:QueryExpression>			
                        </v12:Criteria>			
                        <v12:Identification>			
                            <v12:Categories>			
                              <v12:Category name="Process">QueryFreeUnittoOCS</v12:Category>			
                            </v12:Categories>			
                        </v12:Identification>			
                      </v13:GetServiceBalanceListVBMRequest>			
                  </soap:Body>			
                </soap:Envelope>
                ]]></content></value>
              </text>
            </body>
            <response type="xml2json1"/>
          </endpoint>

          <endpoint id="query_consumption_limit" verbose="true" lazy="true" type="ws" connecttimeout="30000" requesttimeout="21000">
            <method>POST</method>              
            <url ignoreSSL="true">{url}/CustomerServiceUsageSOAP11/GetCustomerServiceUsageList</url>
            <args>
              <arg type="path" id="url">
                <value type="parameter" parameterid="par_url_bizbus"/>
              </arg>
              <arg type="header" id="Accept">
                <value type="value"><content>*/*</content></value>
              </arg>
              <arg type="header" id="X-IBM-Client-Id">
                <value type="parameter" parameterid="par_bizbus_clientid"/>
              </arg>
              <arg type="header" id="X-VF-API-Process">
                <value type="value"><content>QueryConsumptionLimitUsagetoOCS</content></value>
              </arg>
              <arg type="header" id="Content-Type">
                <value type="value"><content>application/xml</content></value>
              </arg>
            </args>
            <body contenttype="text">
              <text>
                <value type="value"><content><![CDATA[
                  <soap:Envelope
                      xmlns:soap="http://www.w3.org/2003/05/soap-envelope"
                      xmlns:v1="http://group.vodafone.com/contract/vho/header/v1"
                      xmlns:v11="http://group.vodafone.com/schema/vbm/customer/customer-service-usage/v1"
                      xmlns:v12="http://group.vodafone.com/schema/common/v1">
                      <soap:Header>
                          <v1:Correlation>
                              <v1:ConversationID>]]></content></value><value type="parameter" role="ocs" parameterid="par_id_conversation_query_consumption_limit"/><value type="value"><content><![CDATA[</v1:ConversationID>
                          </v1:Correlation>
                      </soap:Header>
                      <soap:Body>
                          <v11:GetCustomerServiceUsageListVBMRequest>
                              <v12:Identification>
                                  <v12:Type>C_DATA_ROAM_CONSUMPTION_LIMIT</v12:Type>
                                  <v12:Categories>
                                      <v12:Category name="Process">QueryConsumptionLimitUsagetoOCS</v12:Category>
                                  </v12:Categories>
                              </v12:Identification>
                              <v12:Criteria>
                                  <v12:QueryExpression>
                                      <v12:QueryExpression>
                                          <v12:ValueExpression QueryOperatorCode="EQUALS" Path="/CustomerServiceUsageVBO/Parts/Service/IDs/ID">
                                              <v12:Value>]]></content></value><value type="parameter" parameterid="par_context_msisdn"/><value type="value"><content><![CDATA[</v12:Value>
                                          </v12:ValueExpression>
                                      </v12:QueryExpression>
                                  </v12:QueryExpression>
                              </v12:Criteria>
                          </v11:GetCustomerServiceUsageListVBMRequest>
                      </soap:Body>
                  </soap:Envelope>                               
                ]]></content></value>
              </text>
            </body>
            <response type="xml2json1"/>
          </endpoint>
          <!-- JTP20230119 - Gaps Butterfly Fase 2 - Fin -->
        </endpoints>
      </troubleshoot>
      <!-- CAD20230922 - VBTS Mejoras Movil Fase 1 - VBTS_Schaman_001 - INICIO -->
      <action>
        <endpoints>
          <endpoint id="delete_group_member" verbose="true" lazy="true" type="ws" connecttimeout="30000" requesttimeout="21000">
            <method>PATCH</method>              
            <url ignoreSSL="true">{url}p-privacy-management-pprd/api/partyPrivacyProfile/{id}</url>
            <args>
              <arg type="path" id="url">
                <value type="parameter" parameterid="par_url_mulesoft"/>
              </arg>
              <arg type="path" id="id">
                <value type="parameter" parameterid="par_context_msisdn"/>
              </arg>
              <arg type="header" id="Accept">
                <value type="value"><content>*/*</content></value>
              </arg>
              <arg type="header" id="client_id">
                <value type="parameter" parameterid="par_mulesoft_clientid"/>
              </arg>
              <arg type="header" id="client_secret">
                <value type="parameter" parameterid="par_mulesoft_client_secret"/>
              </arg>
              <arg type="header" id="X-VF-Origin-System">
                <value type="value"><content>SC</content></value>
              </arg>
              <arg type="header" id="X-VF-API-Process">
                <value type="value"><content>deleteGroupMember</content></value>
              </arg>
              <arg type="header" id="Content-Type">
                <value type="value"><content>application/json</content></value>
              </arg>
            </args>
            <body contenttype="text">
              <text>
                <value type="value"><content><![CDATA[
                  {
                    "partyPrivacyProfileCharacteristic": [
                    {
                    "name": "version",
                    "value": "1"
                    },
                    {
                      "name": "messageSeq",
                      "value": "DelGroupMember00001"
                    },                     
                    {
                    "name": "loginSystemCode",
                    "value": "102"
                    },
                    {
                    "name": "password",
                    "value": "42ybTlktz8BIUWBA29LrIbLQt4rXMVJ"
                    },
                    {
                    "name": "subgroupCode",
                    "value": "]]></content></value><value type="parameter" role="ocs" parameterid="par_qrr_pay_obj_code"/><value type="value"><content><![CDATA["
                    }
                    ],
                    "agreedByParty": {
                    "@referredType": "individual",
                    "id": "]]></content></value><value type="parameter" role="ocs" parameterid="par_qrr_pay_obj_code"/><value type="value"><content><![CDATA["
                    },
                    "validFor": {
                    "id": "S",
                    "startDateTime": "2023-09-12T15:33:18.832Z",
                    "endDateTime": "2023-09-12T15:33:18.832Z"
                    }
                   }
                  ]]></content>
                </value>
              </text>
            </body>
            <response type="json"/>
          </endpoint>
        </endpoints>
      </action>
      <!-- CAD20230922 - VBTS Mejoras Movil Fase 1 - VBTS_Schaman_001 - FIN -->
    </connectivity>
    <parameters>

      <!-- ENDPOINT REQUEST PARAMETERS -->

      <parameter id="par_url_bizbus">
        <contents>
          <value type="lookup">url_list</value>
        </contents>
        <sequence>
          <operation type="row_delimiter">
            <args><arg><value type="value">;</value></arg></args>
          </operation>
          <operation type="column_delimiter">
            <args><arg><value type="value">,</value></arg></args>
          </operation>
          <operation type="column_index">
            <args><arg><value type="value">1</value></arg></args>
          </operation>
          <operation type="column_equal">
            <args><arg><value type="value">url_bizbus</value></arg></args>
          </operation>
          <operation type="column_selector">
            <args><arg><value type="value">2</value></arg></args>
          </operation>
        </sequence>
      </parameter>

      <!-- CAD20231006 - VBTS Mejoras Movil Fase 1 - INICIO -->
      <parameter id="par_url_mulesoft">
        <contents>
          <value type="lookup">url_list</value>
        </contents>
        <sequence>
          <operation type="row_delimiter">
            <args><arg><value type="value">;</value></arg></args>
          </operation>
          <operation type="column_delimiter">
            <args><arg><value type="value">,</value></arg></args>
          </operation>
          <operation type="column_index">
            <args><arg><value type="value">1</value></arg></args>
          </operation>
          <operation type="column_equal">
            <args><arg><value type="value">url_mulesoft</value></arg></args>
          </operation>
          <operation type="column_selector">
            <args><arg><value type="value">2</value></arg></args>
          </operation>
        </sequence>
    </parameter>
      <!-- CAD20231006 - VBTS Mejoras Movil Fase 1 - FIN -->
      
      <parameter id="par_bizbus_clientid">
          <contents>
            <value type="lookup">url_list</value>
          </contents>
          <sequence>
            <operation type="row_delimiter">
              <args><arg><value type="value">;</value></arg></args>
            </operation>
            <operation type="column_delimiter">
              <args><arg><value type="value">,</value></arg></args>
            </operation>
            <operation type="column_index">
              <args><arg><value type="value">1</value></arg></args>
            </operation>
            <operation type="column_equal">
              <args><arg><value type="value">url_bizbus</value></arg></args>
            </operation>
            <operation type="column_selector">
              <args><arg><value type="value">3</value></arg></args>
            </operation>
          </sequence>
      </parameter>

      <!-- ENDPOINT REQUEST PARAMS -->
      <parameter id="par_url_bus" techview="never">
        <contents>
            <value type="lookup">url_list</value>
        </contents>
        <sequence>
          <operation type="row_delimiter">
            <args><arg><value type="value">;</value></arg></args>
          </operation>
          <operation type="column_delimiter">
            <args><arg><value type="value">,</value></arg></args>
          </operation>
          <operation type="column_index">
            <args><arg><value type="value">1</value></arg></args>
          </operation>
          <operation type="column_equal">
            <args><arg><value type="value">url_bus</value></arg></args>
          </operation>
          <operation type="column_selector">
            <args><arg><value type="value">2</value></arg></args>
          </operation>
        </sequence>
      </parameter>

      <parameter id="par_url_schaman" type="value" techview="never"><!-- -->
        <contents>
            <value type="lookup">url_list</value>
        </contents>
        <sequence>
          <operation type="row_delimiter">
              <args><arg><value type="value">;</value></arg></args>
          </operation>
          <operation type="column_delimiter">
              <args><arg><value type="value">,</value></arg></args>
          </operation>
          <operation type="column_index">
              <args><arg><value type="value">1</value></arg></args>
          </operation>
          <operation type="column_equal">
              <args><arg><value type="value">url_schaman_mailbox</value></arg></args>
          </operation>
          <operation type="column_selector">
              <args><arg><value type="value">2</value></arg></args>
          </operation>
        </sequence>
      </parameter>

      <parameter id="par_schaman_authorization" type="value" techview="never"><!-- -->
        <contents>
            <value type="lookup">url_list</value>
        </contents>
        <sequence>
          <operation type="row_delimiter">
              <args><arg><value type="value">;</value></arg></args>
          </operation>
          <operation type="column_delimiter">
              <args><arg><value type="value">,</value></arg></args>
          </operation>
          <operation type="column_index">
              <args><arg><value type="value">1</value></arg></args>
          </operation>
          <operation type="column_equal">
              <args><arg><value type="value">url_schaman_mailbox</value></arg></args>
          </operation>
          <operation type="column_selector">
              <args><arg><value type="value">3</value></arg></args>
          </operation>
        </sequence>
      </parameter>

      <parameter id="par_bus_clientid" techview="never">
        <contents>
            <value type="lookup">url_list</value>
        </contents>
        <sequence>
          <operation type="row_delimiter">
            <args><arg><value type="value">;</value></arg></args>
          </operation>
          <operation type="column_delimiter">
            <args><arg><value type="value">,</value></arg></args>
          </operation>
          <operation type="column_index">
            <args><arg><value type="value">1</value></arg></args>
          </operation>
          <operation type="column_equal">
            <args><arg><value type="value">url_bus</value></arg></args>
          </operation>
          <operation type="column_selector">
            <args><arg><value type="value">3</value></arg></args>
          </operation>
        </sequence>
      </parameter>

      <parameter id="par_cm_ip" type="value" name="IP CM">
        <contents>
          <value type="parameter" role="inet">par_gsip_oip_cm_ip_address</value>
        </contents>
      </parameter>

      <!--DBC_Revisar si se usa-->
      <parameter id="par_td_version" type="value" techview="never">
        <contents>
          <value type="value">1</value>
        </contents>
      </parameter>

      <!-- Valor del MSISDN del cliente -->
      <parameter id="par_context_msisdn" type="value" name="MSISDN">
        <contents>
          <value type="context">ipt_service_id</value> <!-- Pendiente definir el valor correcto a recuperar -->
        </contents>
      </parameter>

      <!-- DCO20221116 - Gaps Butterfly Fase 2 - INICIO -->
      <parameter id="par_url_biztalk">
        <contents>
            <value type="lookup">url_list</value>
        </contents>
        <sequence>
            <operation type="row_delimiter">
            <args><arg><value type="value">;</value></arg></args>
            </operation>
            <operation type="column_delimiter">
            <args><arg><value type="value">,</value></arg></args>
            </operation>
            <operation type="column_index">
            <args><arg><value type="value">1</value></arg></args>
            </operation>
            <operation type="column_equal">
            <args><arg><value type="value">url_biztalk</value></arg></args>
            </operation>
            <operation type="column_selector">
            <args><arg><value type="value">2</value></arg></args>
            </operation>
        </sequence>
      </parameter>
      <!-- DCO20221116 - Gaps Butterfly Fase 2 - FIN -->
      
      <!-- CAD20231006 - VBTS Mejoras Movil Fase 1 - INICIO -->
      <parameter id="par_mulesoft_header" type="table">
        <contents>
          <value type="lookup">auth_mulesoft</value>
        </contents>
        <sequence>
          <operation type="row_delimiter">
            <args><arg><value type="value">;</value></arg></args>
          </operation>
          <operation type="column_delimiter">
            <args><arg><value type="value">,</value></arg></args>
          </operation>
        </sequence>
      </parameter>
      <parameter id="par_mulesoft_clientid" type="value">
        <contents>
          <value type="parameter">par_mulesoft_header</value>
        </contents>
        <sequence>
          <operation type="column_selector">
            <args><arg><value type="value">1</value></arg></args>
          </operation>
          <operation type="first_row">
            <args><arg><value type="value">2</value></arg></args>
          </operation>
        </sequence>
      </parameter>
      <parameter id="par_mulesoft_client_secret" type="value">
        <contents>
          <value type="parameter">par_mulesoft_header</value>
        </contents>
        <sequence>
          <operation type="column_selector">
            <args><arg><value type="value">2</value></arg></args>
          </operation>
          <operation type="first_row">
            <args><arg><value type="value">2</value></arg></args>
          </operation>
        </sequence>
      </parameter>
      <parameter id="par_numero_cuenta" type="value">
        <contents>
          <value type="parameter" role="front">par_numero_cuenta</value>
        </contents>
      </parameter>
      <!-- CAD20231006 - VBTS Mejoras Movil Fase 1 - FIN -->
    </parameters>

    <checks>
    </checks>

</template>
