<?xml version='1.0' encoding='UTF-8'?>
<template infosource="cobertura" version="1.0" type="infosource">

<!-- ############################################################################################## --> 
<!-- Version 1.0                                                                					-->
<!--  - Version de partida                                                                          -->
<!-- ############################################################################################## -->

<connectivity>
    <troubleshoot>
        <endpoints>   

        <!--ID Ejemplo: 064109915 | 460429272-->
        <!--API : ConsultaSCD5G-->
        <endpoint type="ws" id="ConsultaSCD5G" verbose="true" lazy="true" connecttimeout="5000" requesttimeout="40000">
            <method>POST</method>
            <url ignoreSSL="true">{url}CheckServiceFeasibility/ServiceFeasibility.svc</url>
            <args>
                <arg type="path" id="url">
                    <value type="parameter" parameterid="par_url_biztalk"/>
                </arg>
                <arg type="header" id="Content-Type">
                    <value type="value"><content>application/soap+xml;charset=UTF-8;action="http://group.vodafone.com/contract/vbs/service/check-service-feasibility/v1/check"</content></value>
                </arg>
            </args>
            <body contenttype="text">
                        <text>
                            <value type="value"><content>
                            <![CDATA[
                            <soap:Envelope xmlns:soap="http://www.w3.org/2003/05/soap-envelope" xmlns:v1="http://group.vodafone.com/contract/vho/header/v1" xmlns:v11="http://group.vodafone.com/schema/vbm/service/service-feasibility/v1" xmlns:v12="http://group.vodafone.com/schema/common/v1" xmlns:urn="urn:un:unece:uncefact:documentation:standard:CoreComponentType:2" xmlns:v13="http://group.vodafone.com/schema/vbo/service/service-feasibility/v1" xmlns:v14="http://group.vodafone.com/schema/extension/vbo/service/service-feasibility/v1">
                                <soap:Header>
                                    <v1:Source>
                                        <v1:System>BIZTALK</v1:System>
                                    </v1:Source>
                                </soap:Header>
                                <soap:Body>
                                    <v11:CheckServiceFeasibilityVBMRequest>
                                        <v11:ServiceFeasibilityVBO>
                                            <v12:Categories>
                                                <v12:Category name="Process">ConsultaSCD5G</v12:Category>
                                            </v12:Categories>
                                            <v13:Roles>
                                                <v13:Requestor>
                                                    <v12:ContactPeople>
                                                        <v12:ContactPerson>
                                                            <v12:IDs>
                                                                <v12:ID>]]></content></value>
                                                                <value type="parameter" parameterid="par_client_id"/>
                                                                <value type="value"><content><![CDATA[</v12:ID>
                                                            </v12:IDs>
                                                        </v12:ContactPerson>
                                                    </v12:ContactPeople>
                                                </v13:Requestor>
                                            </v13:Roles>
                                        </v11:ServiceFeasibilityVBO>
                                    </v11:CheckServiceFeasibilityVBMRequest>
                                </soap:Body>
                            </soap:Envelope>
                                ]]>
                    </content></value>           
                        </text>
                    </body>
            <response type="xml2json1"/>
        </endpoint>

        <!--API : ConsultaSCD5G_accion-->
        <endpoint type="ws" id="ConsultaSCD5G_accion" verbose="true" lazy="true" connecttimeout="5000" requesttimeout="40000">
            <method>POST</method>
            <url ignoreSSL="true">{url}CheckServiceFeasibility/ServiceFeasibility.svc</url>
            <args>
                <arg type="path" id="url">
                    <value type="parameter" parameterid="par_url_biztalk"/>
                </arg>
                <arg type="header" id="Content-Type">
                    <value type="value"><content>application/soap+xml;charset=UTF-8;action="http://group.vodafone.com/contract/vbs/service/check-service-feasibility/v1/check"</content></value>
                </arg>
            </args>
            <body contenttype="text">
                        <text>
                        <value type="value"><content>
                            <![CDATA[
                            <soap:Envelope xmlns:soap="http://www.w3.org/2003/05/soap-envelope" xmlns:v1="http://group.vodafone.com/contract/vho/header/v1" xmlns:v11="http://group.vodafone.com/schema/vbm/service/service-feasibility/v1" xmlns:v12="http://group.vodafone.com/schema/common/v1" xmlns:urn="urn:un:unece:uncefact:documentation:standard:CoreComponentType:2" xmlns:v13="http://group.vodafone.com/schema/vbo/service/service-feasibility/v1" xmlns:v14="http://group.vodafone.com/schema/extension/vbo/service/service-feasibility/v1">
                                <soap:Header>
                                    <v1:Source>
                                        <v1:System>BIZTALK</v1:System>
                                    </v1:Source>
                                </soap:Header>
                                <soap:Body>
                                    <v11:CheckServiceFeasibilityVBMRequest>
                                        <v11:ServiceFeasibilityVBO>
                                            <v12:Categories>
                                            <v12:Category name="Process">ConsultaSCD5G</v12:Category>
                                            </v12:Categories>
                                            <v13:Roles>
                                                <v13:Requestor>
                                                    <v12:ContactPeople>
                                                        <v12:ContactPerson>
                                                            <v12:IDs>
                                                                <v12:ID>]]></content></value>
                                                                <value type="parameter" parameterid="par_client_id"/>
                                                                <value type="value"><content><![CDATA[</v12:ID>
                                                            </v12:IDs>
                                                        </v12:ContactPerson>
                                                    </v12:ContactPeople>
                                                </v13:Requestor>
                                            </v13:Roles>
                                            <v13:Parts>
                                                <v13:Location>
                                                    <v12:IDs>
                                                        <v12:ID schemeName="VerticalId">]]></content></value><value type="argument" argumentid="arg_vertical"/><value type="value"><content><![CDATA[</v12:ID>
                                                        <v12:ID schemeName="HorizontalId">]]></content></value><value type="argument" argumentid="arg_horizontal"/><value type="value"><content><![CDATA[</v12:ID>
                                                    </v12:IDs>
                                                </v13:Location>
                                            </v13:Parts>
                                        </v11:ServiceFeasibilityVBO>
                                    </v11:CheckServiceFeasibilityVBMRequest>
                                </soap:Body>
                                </soap:Envelope>
                                ]]>
                    </content></value>  
                        </text>
                    </body>
            <response type="xml2json1"/>
        </endpoint>

        <!--API : ConsultaSCD-->
        <endpoint type="ws" id="ConsultaSCD" verbose="true" lazy="true" connecttimeout="5000" requesttimeout="40000">
            <method>POST</method>
            <url ignoreSSL="true">{url}CheckServiceFeasibility/ServiceFeasibility.svc</url>
            <args>
                <arg type="path" id="url">
                    <value type="parameter" parameterid="par_url_biztalk"/>
                </arg>
                <arg type="header" id="Content-Type">
                    <value type="value"><content>application/soap+xml;charset=UTF-8;action="http://group.vodafone.com/contract/vbs/service/check-service-feasibility/v1/check"</content></value>
                </arg>
            </args>
            <body contenttype="text">
                        <text>
                            <value type="value"><content><![CDATA[
                            <soap:Envelope xmlns:soap="http://www.w3.org/2003/05/soap-envelope" xmlns:v1="http://group.vodafone.com/contract/vho/header/v1" xmlns:v11="http://group.vodafone.com/schema/vbm/service/service-feasibility/v1" xmlns:v12="http://group.vodafone.com/schema/common/v1" xmlns:urn="urn:un:unece:uncefact:documentation:standard:CoreComponentType:2" xmlns:v13="http://group.vodafone.com/schema/vbo/service/service-feasibility/v1" xmlns:v14="http://group.vodafone.com/schema/extension/vbo/service/service-feasibility/v1">
                                <soap:Header>
                                    <v1:Source>
                                        <v1:System>BIZTALK</v1:System>
                                    </v1:Source>
                                </soap:Header>
                                <soap:Body>
                                    <v11:CheckServiceFeasibilityVBMRequest>
                                        <v11:ServiceFeasibilityVBO>
                                            <v12:Categories>
                                                <v12:Category name="Process">ConsultaSCD</v12:Category>
                                            </v12:Categories>
                                            <v13:Roles>
                                                <v13:Requestor>
                                                    <v12:ContactPeople>
                                                        <v12:ContactPerson>
                                                            <v12:IDs>
                                                                <v12:ID>]]></content></value>
                                                                <value type="parameter" parameterid="par_client_id"/>
                                                                <value type="value"><content><![CDATA[</v12:ID>
                                                            </v12:IDs>
                                                        </v12:ContactPerson>
                                                    </v12:ContactPeople>
                                                </v13:Requestor>
                                            </v13:Roles>
                                        </v11:ServiceFeasibilityVBO>
                                    </v11:CheckServiceFeasibilityVBMRequest>
                                </soap:Body>
                            </soap:Envelope>
                    ]]></content></value>           
                        </text>
                    </body>
            <response type="xml2json1"/>
        </endpoint>

        <!--API : ConsultaSCD_accion-->
        <endpoint type="ws" id="ConsultaSCD_accion" verbose="true" lazy="true" connecttimeout="5000" requesttimeout="40000">
            <method>POST</method>
            <url ignoreSSL="true">{url}CheckServiceFeasibility/ServiceFeasibility.svc</url>
            <args>
                <arg type="path" id="url">
                    <value type="parameter" parameterid="par_url_biztalk"/>
                </arg>
                <arg type="header" id="Content-Type">
                    <value type="value"><content>application/soap+xml;charset=UTF-8;action="http://group.vodafone.com/contract/vbs/service/check-service-feasibility/v1/check"</content></value>
                </arg>
            </args>
            <body contenttype="text">
                <text>
                    <value type="value"><content><![CDATA[
                    <soap:Envelope xmlns:soap="http://www.w3.org/2003/05/soap-envelope" xmlns:v1="http://group.vodafone.com/contract/vho/header/v1" xmlns:v11="http://group.vodafone.com/schema/vbm/service/service-feasibility/v1" xmlns:v12="http://group.vodafone.com/schema/common/v1" xmlns:urn="urn:un:unece:uncefact:documentation:standard:CoreComponentType:2" xmlns:v13="http://group.vodafone.com/schema/vbo/service/service-feasibility/v1" xmlns:v14="http://group.vodafone.com/schema/extension/vbo/service/service-feasibility/v1">
                                <soap:Header>
                                    <v1:Source>
                                        <v1:System>BIZTALK</v1:System>
                                    </v1:Source>
                                </soap:Header>
                                <soap:Body>
                                    <v11:CheckServiceFeasibilityVBMRequest>
                                        <v11:ServiceFeasibilityVBO>
                                            <v12:Categories>
                                            <v12:Category name="Process">ConsultaSCD</v12:Category>
                                            </v12:Categories>
                                                <v13:Roles>
                                                    <v13:Requestor>
                                                        <v12:ContactPeople>
                                                            <v12:ContactPerson>
                                                                <v12:IDs>
                                                                    <v12:ID>]]></content></value>
                                                                    <value type="parameter" parameterid="par_client_id"/>
                                                                    <value type="value"><content><![CDATA[</v12:ID>
                                                                </v12:IDs>
                                                            </v12:ContactPerson>
                                                        </v12:ContactPeople>
                                                    </v13:Requestor>
                                                </v13:Roles>
                                                <v13:Parts>
                                                    <v13:Location>
                                                        <v12:IDs>
                                                            <v12:ID schemeName="VerticalId">]]></content></value><value type="argument" argumentid="arg_vertical"/><value type="value"><content><![CDATA[</v12:ID>
                                                            <v12:ID schemeName="HorizontalId">]]></content></value><value type="argument" argumentid="arg_horizontal"/><value type="value"><content><![CDATA[</v12:ID>
                                                        </v12:IDs>
                                                    </v13:Location>
                                                </v13:Parts>
                                        </v11:ServiceFeasibilityVBO>
                                    </v11:CheckServiceFeasibilityVBMRequest>
                                </soap:Body>
                                </soap:Envelope>
                    ]]></content></value>
                </text>
            </body>
            <response type="xml2json1"/>
        </endpoint>

        <!--API : ConsultaServiciabilidad-->
        <endpoint type="ws" id="ConsultaServiciabilidad" verbose="true" lazy="true" connecttimeout="5000" requesttimeout="40000">
            <method>POST</method>
            <url ignoreSSL="true">{url}CheckServiceFeasibility/ServiceFeasibility.svc</url>
            <args>
                <arg type="path" id="url">
                    <value type="parameter" parameterid="par_url_biztalk"/>
                </arg>
                <arg type="header" id="Content-Type">
                    <value type="value"><content>application/soap+xml;charset=UTF-8;action="http://group.vodafone.com/contract/vbs/service/check-service-feasibility/v1/check"</content></value>
                </arg>
            </args>
            <body contenttype="text">
                        <text>
                            <value type="value"><content><![CDATA[
                                <soap:Envelope xmlns:soap="http://www.w3.org/2003/05/soap-envelope" xmlns:v1="http://group.vodafone.com/contract/vho/header/v1" xmlns:v11="http://group.vodafone.com/schema/vbm/service/service-feasibility/v1" xmlns:v12="http://group.vodafone.com/schema/common/v1" xmlns:urn="urn:un:unece:uncefact:documentation:standard:CoreComponentType:2" xmlns:v13="http://group.vodafone.com/schema/vbo/service/service-feasibility/v1" xmlns:v14="http://group.vodafone.com/schema/extension/vbo/service/service-feasibility/v1">
                                <soap:Header>
                                    <v1:Source>
                                        <v1:System>BIZTALK</v1:System>
                                    </v1:Source>
                                </soap:Header>
                                <soap:Body>
                                    <v11:CheckServiceFeasibilityVBMRequest>
                                        <v11:ServiceFeasibilityVBO>
                                            <v12:Categories>
                                                <v12:Category name="Process">ConsultaServiciabilidad</v12:Category>
                                            </v12:Categories>
                                            <v13:Roles>
                                                <v13:Requestor>
                                                    <v12:ContactPeople>
                                                        <v12:ContactPerson>
                                                            <v12:IDs>
                                                                <v12:ID>]]></content></value>
                                                                <value type="parameter" parameterid="par_client_id"/>
                                                                <value type="value"><content><![CDATA[</v12:ID>
                                                            </v12:IDs>
                                                        </v12:ContactPerson>
                                                    </v12:ContactPeople>
                                                </v13:Requestor>
                                            </v13:Roles>
                                        </v11:ServiceFeasibilityVBO>
                                    </v11:CheckServiceFeasibilityVBMRequest>
                                </soap:Body>
                            </soap:Envelope>
                            ]]></content></value>           
                        </text>
                    </body>
            <response type="xml2json1"/>
        </endpoint>

        <!--API : ConsultaServiciabilidad_accion-->
        <endpoint type="ws" id="ConsultaServiciabilidad_accion" verbose="true" lazy="true" connecttimeout="5000" requesttimeout="40000">
            <method>POST</method>
            <url ignoreSSL="true">{url}CheckServiceFeasibility/ServiceFeasibility.svc</url>
            <args>
                <arg type="path" id="url">
                    <value type="parameter" parameterid="par_url_biztalk"/>
                </arg>
                <arg type="header" id="Content-Type">
                    <value type="value"><content>application/soap+xml;charset=UTF-8;action="http://group.vodafone.com/contract/vbs/service/check-service-feasibility/v1/check"</content></value>
                </arg>
            </args>
            <body contenttype="text">
                        <text>
                            <value type="value"><content><![CDATA[
                                <soap:Envelope xmlns:soap="http://www.w3.org/2003/05/soap-envelope" xmlns:v1="http://group.vodafone.com/contract/vho/header/v1" xmlns:v11="http://group.vodafone.com/schema/vbm/service/service-feasibility/v1" xmlns:v12="http://group.vodafone.com/schema/common/v1" xmlns:urn="urn:un:unece:uncefact:documentation:standard:CoreComponentType:2" xmlns:v13="http://group.vodafone.com/schema/vbo/service/service-feasibility/v1" xmlns:v14="http://group.vodafone.com/schema/extension/vbo/service/service-feasibility/v1">
                                <soap:Header>
                                    <v1:Source>
                                        <v1:System>BIZTALK</v1:System>
                                    </v1:Source>
                                </soap:Header>
                                <soap:Body>
                                    <v11:CheckServiceFeasibilityVBMRequest>
                                        <v11:ServiceFeasibilityVBO>
                                            <v12:Categories>
                                            <v12:Category name="Process">ConsultaServiciabilidad</v12:Category>
                                            </v12:Categories>
                                                <v13:Roles>
                                                    <v13:Requestor>
                                                        <v12:ContactPeople>
                                                            <v12:ContactPerson>
                                                                <v12:IDs>
                                                                    <v12:ID>]]></content></value>
                                                                    <value type="parameter" parameterid="par_client_id"/>
                                                                    <value type="value"><content><![CDATA[</v12:ID>
                                                                </v12:IDs>
                                                            </v12:ContactPerson>
                                                        </v12:ContactPeople>
                                                    </v13:Requestor>
                                                </v13:Roles>
                                                <v13:Parts>
                                                    <v13:Location>
                                                        <v12:IDs>
                                                            <v12:ID schemeName="VerticalId">]]></content></value><value type="argument" argumentid="arg_vertical"/><value type="value"><content>
                                                            <![CDATA[</v12:ID>
                                                            <v12:ID schemeName="HorizontalId">]]></content></value><value type="argument" argumentid="arg_horizontal"/><value type="value"><content>
                                                            <![CDATA[</v12:ID>
                                                        </v12:IDs>
                                                    </v13:Location>
                                                </v13:Parts>
                                        </v11:ServiceFeasibilityVBO>
                                    </v11:CheckServiceFeasibilityVBMRequest>
                                </soap:Body>
                                </soap:Envelope>
                            ]]></content></value> 
                        </text>
                    </body>
            <response type="xml2json1"/>
        </endpoint>

        <!--API : ConsultaCobertura-->
        <endpoint type="ws" id="ConsultaCobertura" verbose="true" lazy="true" connecttimeout="5000" requesttimeout="40000">
            <method>POST</method>
            <url ignoreSSL="true">{url}CheckServiceFeasibility/ServiceFeasibility.svc</url>
            <args>
                <arg type="path" id="url">
                    <value type="parameter" parameterid="par_url_biztalk"/>
                </arg>
                <arg type="header" id="Content-Type">
                    <value type="value"><content>application/soap+xml;charset=UTF-8;action="http://group.vodafone.com/contract/vbs/service/check-service-feasibility/v1/check"</content></value>
                </arg>
            </args>
            <body contenttype="text">
                        <text>
                            <value type="value"><content><![CDATA[
                            <soap:Envelope xmlns:soap="http://www.w3.org/2003/05/soap-envelope" xmlns:v1="http://group.vodafone.com/contract/vho/header/v1" xmlns:v11="http://group.vodafone.com/schema/vbm/service/service-feasibility/v1" xmlns:v12="http://group.vodafone.com/schema/common/v1" xmlns:urn="urn:un:unece:uncefact:documentation:standard:CoreComponentType:2" xmlns:v13="http://group.vodafone.com/schema/vbo/service/service-feasibility/v1" xmlns:v14="http://group.vodafone.com/schema/extension/vbo/service/service-feasibility/v1">
                                <soap:Header>
                                    <v1:Source>
                                        <v1:System>BIZTALK</v1:System>
                                    </v1:Source>
                                </soap:Header>
                                <soap:Body>
                                    <v11:CheckServiceFeasibilityVBMRequest>
                                        <v11:ServiceFeasibilityVBO>
                                            <v12:Categories>
                                            <v12:Category name="Process">ConsultaCobertura</v12:Category>
                                            <v12:Category name="Operation">5</v12:Category>
                                            </v12:Categories>
                                            <v13:Parts>
                                                <v13:Location>
                                                    <v12:IDs>
                                                        <v12:ID schemeName="Home_Id">]]></content></value>
                                                        <value type="parameter" parameterid="par_client_id"/>
                                                        <value type="value"><content><![CDATA[</v12:ID>
                                                    </v12:IDs>
                                                </v13:Location>
                                            </v13:Parts>
                                        </v11:ServiceFeasibilityVBO>
                                    </v11:CheckServiceFeasibilityVBMRequest>
                                </soap:Body>
                                </soap:Envelope>
                            ]]></content></value> 
                        </text>
                    </body>
            <response type="xml2json1"/>
        </endpoint>

        <!--API : ConsultaCobertura_accion-->
        <endpoint type="ws" id="ConsultaCobertura_accion" verbose="true" lazy="true" connecttimeout="5000" requesttimeout="40000">
            <method>POST</method>
            <url ignoreSSL="true">{url}CheckServiceFeasibility/ServiceFeasibility.svc</url>
            <args>
                <arg type="path" id="url">
                    <value type="parameter" parameterid="par_url_biztalk"/>
                </arg>
                <arg type="header" id="Content-Type">
                    <value type="value"><content>application/soap+xml;charset=UTF-8;action="http://group.vodafone.com/contract/vbs/service/check-service-feasibility/v1/check"</content></value>
                </arg>
            </args>
            <body contenttype="text">
                        <text>
                            <value type="value"><content><![CDATA[
                            <soap:Envelope xmlns:soap="http://www.w3.org/2003/05/soap-envelope" xmlns:v1="http://group.vodafone.com/contract/vho/header/v1" xmlns:v11="http://group.vodafone.com/schema/vbm/service/service-feasibility/v1" xmlns:v12="http://group.vodafone.com/schema/common/v1" xmlns:urn="urn:un:unece:uncefact:documentation:standard:CoreComponentType:2" xmlns:v13="http://group.vodafone.com/schema/vbo/service/service-feasibility/v1" xmlns:v14="http://group.vodafone.com/schema/extension/vbo/service/service-feasibility/v1">
                                <soap:Header>
                                    <v1:Source>
                                        <v1:System>BIZTALK</v1:System>
                                    </v1:Source>
                                </soap:Header>
                                <soap:Body>
                                    <v11:CheckServiceFeasibilityVBMRequest>
                                        <v11:ServiceFeasibilityVBO>
                                            <v12:Categories>
                                            <v12:Category name="Process">ConsultaCobertura</v12:Category>
                                            <v12:Category name="Operation">]]></content></value>
                                            <value type="argument" argumentid="arg_item"/>
                                            <value type="value"><content><![CDATA[</v12:Category>
                                            </v12:Categories>
                                            <v13:Parts>
                                                <v13:Location>
                                                    <v12:IDs>
                                                        <v12:ID schemeName="Home_Id">]]></content></value>
                                                        <value type="parameter" parameterid="par_client_id"/>
                                                        <value type="value"><content><![CDATA[</v12:ID>
                                                        <v12:ID schemeName="VerticalId">]]></content></value><value type="argument" argumentid="arg_vertical"/><value type="value"><content>
                                                        <![CDATA[</v12:ID>
                                                        <v12:ID schemeName="HorizontalId">]]></content></value><value type="argument" argumentid="arg_horizontal"/><value type="value"><content>
                                                        <![CDATA[</v12:ID>
                                                    </v12:IDs>
                                                </v13:Location>
                                            </v13:Parts>
                                        </v11:ServiceFeasibilityVBO>
                                    </v11:CheckServiceFeasibilityVBMRequest>
                                </soap:Body>
                                </soap:Envelope>
                            ]]></content></value>
                        </text>
                    </body>
            <response type="xml2json1"/>
        </endpoint>

        <!--API : ConsultaCobertura_accion_op-->
        <endpoint type="ws" id="ConsultaCobertura_accion_op" verbose="true" lazy="true" connecttimeout="5000" requesttimeout="40000">
            <method>POST</method>
            <url ignoreSSL="true">{url}CheckServiceFeasibility/ServiceFeasibility.svc</url>
            <args>
                <arg type="path" id="url">
                    <value type="parameter" parameterid="par_url_biztalk"/>
                </arg>
                <arg type="header" id="Content-Type">
                    <value type="value"><content>application/soap+xml;charset=UTF-8;action="http://group.vodafone.com/contract/vbs/service/check-service-feasibility/v1/check"</content></value>
                </arg>
            </args>
            <body contenttype="text">
                        <text>
                            <value type="value"><content><![CDATA[
                            <soap:Envelope xmlns:soap="http://www.w3.org/2003/05/soap-envelope" xmlns:v1="http://group.vodafone.com/contract/vho/header/v1" xmlns:v11="http://group.vodafone.com/schema/vbm/service/service-feasibility/v1" xmlns:v12="http://group.vodafone.com/schema/common/v1" xmlns:urn="urn:un:unece:uncefact:documentation:standard:CoreComponentType:2" xmlns:v13="http://group.vodafone.com/schema/vbo/service/service-feasibility/v1" xmlns:v14="http://group.vodafone.com/schema/extension/vbo/service/service-feasibility/v1">
                                <soap:Header>
                                    <v1:Source>
                                        <v1:System>BIZTALK</v1:System>
                                    </v1:Source>
                                </soap:Header>
                                <soap:Body>
                                    <v11:CheckServiceFeasibilityVBMRequest>
                                        <v11:ServiceFeasibilityVBO>
                                            <v12:Categories>
                                            <v12:Category name="Process">ConsultaCobertura</v12:Category>
                                            <v12:Category name="Operation">]]></content></value>
                                            <value type="argument" argumentid="arg_item"/>
                                            <value type="value"><content><![CDATA[
                                            </v12:Category>
                                            </v12:Categories>
                                            <v13:Parts>
                                            <v13:Location>
                                                <v12:IDs>
                                                    <v12:ID schemeName="Home_Id">]]></content></value>
                                                <value type="parameter" parameterid="par_client_id"/>
                                                <value type="value"><content><![CDATA[</v12:ID>
                                                </v12:IDs>
                                            </v13:Location>
                                            </v13:Parts>
                                        </v11:ServiceFeasibilityVBO>
                                    </v11:CheckServiceFeasibilityVBMRequest>
                                </soap:Body>
                                </soap:Envelope>
                            ]]></content></value>
                        </text>
                    </body>
            <response type="xml2json1"/>
        </endpoint>

        </endpoints>
    </troubleshoot>
    <action>    
        <endpoints connecttimeout="300000" requesttimeout="20000">
        </endpoints>             	
    </action>
</connectivity>

<parameters>
    <parameter id="par_url_bus" techview="never">
            <contents>
                <value type="lookup">url_list</value>
            </contents>
            <sequence>
                <operation type="row_delimiter">
                <args><arg><value type="value">;</value></arg></args>
                </operation>
                <operation type="column_delimiter">
                <args><arg><value type="value">,</value></arg></args>
                </operation>
                <operation type="column_index">
                <args><arg><value type="value">1</value></arg></args>
                </operation>
                <operation type="column_equal">
                <args><arg><value type="value">url_bus</value></arg></args>
                </operation>
                <operation type="column_selector">
                <args><arg><value type="value">2</value></arg></args>
                </operation>
            </sequence>
        </parameter>

        <parameter id="par_url_biztalk">
            <contents>
                <value type="lookup">url_list</value>
            </contents>
            <sequence>
                <operation type="row_delimiter">
                <args><arg><value type="value">;</value></arg></args>
                </operation>
                <operation type="column_delimiter">
                <args><arg><value type="value">,</value></arg></args>
                </operation>
                <operation type="column_index">
                <args><arg><value type="value">1</value></arg></args>
                </operation>
                <operation type="column_equal">
                <args><arg><value type="value">url_biztalk</value></arg></args>
                </operation>
                <operation type="column_selector">
                <args><arg><value type="value">2</value></arg></args>
                </operation>
            </sequence>
        </parameter>

        <parameter id="par_bizbus_clientid">
                <contents>
                  <value type="lookup">url_list</value>
                </contents>
                <sequence>
                  <operation type="row_delimiter">
                    <args><arg><value type="value">;</value></arg></args>
                  </operation>
                  <operation type="column_delimiter">
                    <args><arg><value type="value">,</value></arg></args>
                  </operation>
                  <operation type="column_index">
                    <args><arg><value type="value">1</value></arg></args>
                  </operation>
                  <operation type="column_equal">
                    <args><arg><value type="value">url_bizbus</value></arg></args>
                  </operation>
                  <operation type="column_selector">
                    <args><arg><value type="value">3</value></arg></args>
                  </operation>
                </sequence>
            </parameter>

        <parameter id="par_bus_clientid" techview="never">
            <contents>
                <value type="lookup">url_list</value>
            </contents>
            <sequence>
                <operation type="row_delimiter">
                <args><arg><value type="value">;</value></arg></args>
                </operation>
                <operation type="column_delimiter">
                <args><arg><value type="value">,</value></arg></args>
                </operation>
                <operation type="column_index">
                <args><arg><value type="value">1</value></arg></args>
                </operation>
                <operation type="column_equal">
                <args><arg><value type="value">url_bus</value></arg></args>
                </operation>
                <operation type="column_selector">
                <args><arg><value type="value">3</value></arg></args>
                </operation>
            </sequence>
        </parameter>

        <parameter id="par_client_id" type="value" name="ID Cliente">
            <contents>
                <value type="parameter" role="front">par_customer_crmid</value>
            </contents>
        </parameter>
            
    </parameters>
    <checks>
    </checks>
    
</template>