<?xml version='1.0' encoding='UTF-8'?>
<template role="enlaces" version="2.0" type="role">

  <!-- ############################################################################################## -->
  <!-- Version 1.0                                                                                    -->
  <!--  - Version de partida                                                                          -->
  <!--  - Utilizado para lanzar enlaces ubicados en VT y enlazados con fichero de lookup              -->
  <!-- ############################################################################################## -->

  <parameters>
    <!-- Enlaces VT-->
        <parameter id="par_lookup_citrix_vodafone_caas" type="value">
        <contents>
          <value type="lookup">Tools_URLs</value>
        </contents>
          <sequence>
            <operation type="row_delimiter">
              <args><arg><value type="value">;</value></arg></args>
            </operation>
            <operation type="column_delimiter">
              <args><arg><value type="value">,</value></arg></args>
            </operation>
            <operation type="column_contain">
              <args><arg><value type="value">Citrix Vodafone CaaS</value></arg></args>
            </operation>
            <operation type="column_selector">
              <args><arg><value type="value">2</value></arg></args>
            </operation>
          </sequence>
        </parameter>

        <parameter id="par_lookup_citrix_ono" type="value">
        <contents>
          <value type="lookup">Tools_URLs</value>
        </contents>
          <sequence>
            <operation type="row_delimiter">
              <args><arg><value type="value">;</value></arg></args>
            </operation>
            <operation type="column_delimiter">
              <args><arg><value type="value">,</value></arg></args>
            </operation>
            <operation type="column_contain">
              <args><arg><value type="value">Citrix ONO</value></arg></args>
            </operation>
            <operation type="column_selector">
              <args><arg><value type="value">2</value></arg></args>
            </operation>
          </sequence>
        </parameter>

        <parameter id="par_lookup_mi_vodafone" type="value">
        <contents>
          <value type="lookup">Tools_URLs</value>
        </contents>
          <sequence>
            <operation type="row_delimiter">
              <args><arg><value type="value">;</value></arg></args>
            </operation>
            <operation type="column_delimiter">
              <args><arg><value type="value">,</value></arg></args>
            </operation>
            <operation type="column_contain">
              <args><arg><value type="value">Mi Vodafone (Impersonation)</value></arg></args>
            </operation>
            <operation type="column_selector">
              <args><arg><value type="value">2</value></arg></args>
            </operation>
          </sequence>
        </parameter>

        <parameter id="par_lookup_redplanet" type="value">
        <contents>
          <value type="lookup">Tools_URLs</value>
        </contents>
          <sequence>
            <operation type="row_delimiter">
              <args><arg><value type="value">;</value></arg></args>
            </operation>
            <operation type="column_delimiter">
              <args><arg><value type="value">,</value></arg></args>
            </operation>
            <operation type="column_contain">
              <args><arg><value type="value">Red Planet</value></arg></args>
            </operation>
            <operation type="column_selector">
              <args><arg><value type="value">2</value></arg></args>
            </operation>
          </sequence>
        </parameter>

        <parameter id="par_lookup_ains_spa" type="value">
        <contents>
          <value type="lookup">Tools_URLs</value>
        </contents>
          <sequence>
            <operation type="row_delimiter">
              <args><arg><value type="value">;</value></arg></args>
            </operation>
            <operation type="column_delimiter">
              <args><arg><value type="value">,</value></arg></args>
            </operation>
            <operation type="column_contain">
              <args><arg><value type="value">AIN (SPA)</value></arg></args>
            </operation>
            <operation type="column_selector">
              <args><arg><value type="value">2</value></arg></args>
            </operation>
          </sequence>
        </parameter>

        <parameter id="par_lookup_consola_csc" type="value">
        <contents>
          <value type="lookup">Tools_URLs</value>
        </contents>
          <sequence>
            <operation type="row_delimiter">
              <args><arg><value type="value">;</value></arg></args>
            </operation>
            <operation type="column_delimiter">
              <args><arg><value type="value">,</value></arg></args>
            </operation>
            <operation type="column_contain">
              <args><arg><value type="value">Consola CSC</value></arg></args>
            </operation>
            <operation type="column_selector">
              <args><arg><value type="value">2</value></arg></args>
            </operation>
          </sequence>
        </parameter>

        <parameter id="par_lookup_er_customer_care" type="value">
        <contents>
          <value type="lookup">Tools_URLs</value>
        </contents>
          <sequence>
            <operation type="row_delimiter">
              <args><arg><value type="value">;</value></arg></args>
            </operation>
            <operation type="column_delimiter">
              <args><arg><value type="value">,</value></arg></args>
            </operation>
            <operation type="column_contain">
              <args><arg><value type="value">ER Customer Care</value></arg></args>
            </operation>
            <operation type="column_selector">
              <args><arg><value type="value">2</value></arg></args>
            </operation>
          </sequence>
        </parameter>
        <parameter id="par_lookup_hdm" type="value">
        <contents>
          <value type="lookup">Tools_URLs</value>
        </contents>
          <sequence>
            <operation type="row_delimiter">
              <args><arg><value type="value">;</value></arg></args>
            </operation>
            <operation type="column_delimiter">
              <args><arg><value type="value">,</value></arg></args>
            </operation>
            <operation type="column_contain">
              <args><arg><value type="value">HDM</value></arg></args>
            </operation>
            <operation type="column_selector">
              <args><arg><value type="value">2</value></arg></args>
            </operation>
          </sequence>
        </parameter>
        <parameter id="par_lookup_hpsa" type="value">
        <contents>
          <value type="lookup">Tools_URLs</value>
        </contents>
          <sequence>
            <operation type="row_delimiter">
              <args><arg><value type="value">;</value></arg></args>
            </operation>
            <operation type="column_delimiter">
              <args><arg><value type="value">,</value></arg></args>
            </operation>
            <operation type="column_contain">
              <args><arg><value type="value">HPSA</value></arg></args>
            </operation>
            <operation type="column_selector">
              <args><arg><value type="value">2</value></arg></args>
            </operation>
          </sequence>
        </parameter>
        <parameter id="par_lookup_mini_leia" type="value">
        <contents>
          <value type="lookup">Tools_URLs</value>
        </contents>
          <sequence>
            <operation type="row_delimiter">
              <args><arg><value type="value">;</value></arg></args>
            </operation>
            <operation type="column_delimiter">
              <args><arg><value type="value">,</value></arg></args>
            </operation>
            <operation type="column_contain">
              <args><arg><value type="value">Mini-Leia</value></arg></args>
            </operation>
            <operation type="column_selector">
              <args><arg><value type="value">2</value></arg></args>
            </operation>
          </sequence>
        </parameter>

        <parameter id="par_lookup_nubia" type="value">
        <contents>
          <value type="lookup">Tools_URLs</value>
        </contents>
          <sequence>
            <operation type="row_delimiter">
              <args><arg><value type="value">;</value></arg></args>
            </operation>
            <operation type="column_delimiter">
              <args><arg><value type="value">,</value></arg></args>
            </operation>
            <operation type="column_contain">
              <args><arg><value type="value">NUBIA</value></arg></args>
            </operation>
            <operation type="column_selector">
              <args><arg><value type="value">2</value></arg></args>
            </operation>
          </sequence>
        </parameter>

      <parameter id="par_lookup_one_net_portal" type="value">
        <contents>
          <value type="lookup">Tools_URLs</value>
        </contents>
          <sequence>
            <operation type="row_delimiter">
              <args><arg><value type="value">;</value></arg></args>
            </operation>
            <operation type="column_delimiter">
              <args><arg><value type="value">,</value></arg></args>
            </operation>
            <operation type="column_contain">
              <args><arg><value type="value">One Net Portal (GRE)</value></arg></args>
            </operation>
            <operation type="column_selector">
              <args><arg><value type="value">2</value></arg></args>
            </operation>
          </sequence>
        </parameter>

        <parameter id="par_lookup_qt_basico" type="value">
        <contents>
          <value type="lookup">Tools_URLs</value>
        </contents>
          <sequence>
            <operation type="row_delimiter">
              <args><arg><value type="value">;</value></arg></args>
            </operation>
            <operation type="column_delimiter">
              <args><arg><value type="value">,</value></arg></args>
            </operation>
            <operation type="column_contain">
              <args><arg><value type="value">QT Basico</value></arg></args>
            </operation>
            <operation type="column_selector">
              <args><arg><value type="value">2</value></arg></args>
            </operation>
          </sequence>
        </parameter>

      <parameter id="par_lookup_rubicon" type="value">
        <contents>
          <value type="lookup">Tools_URLs</value>
        </contents>
          <sequence>
            <operation type="row_delimiter">
              <args><arg><value type="value">;</value></arg></args>
            </operation>
            <operation type="column_delimiter">
              <args><arg><value type="value">,</value></arg></args>
            </operation>
            <operation type="column_contain">
              <args><arg><value type="value">Rubicon</value></arg></args>
            </operation>
            <operation type="column_selector">
              <args><arg><value type="value">2</value></arg></args>
            </operation>
          </sequence>
        </parameter>

      <parameter id="par_lookup_secure_net_convergente" type="value">
        <contents>
          <value type="lookup">Tools_URLs</value>
        </contents>
          <sequence>
            <operation type="row_delimiter">
              <args><arg><value type="value">;</value></arg></args>
            </operation>
            <operation type="column_delimiter">
              <args><arg><value type="value">,</value></arg></args>
            </operation>
            <operation type="column_contain">
              <args><arg><value type="value">Secure Net Convergente</value></arg></args>
            </operation>
            <operation type="column_selector">
              <args><arg><value type="value">2</value></arg></args>
            </operation>
          </sequence>
        </parameter>
		<!-- JJSM 20211129 - Consolas 2.0 - CON_020 - INICIO -->
      <parameter id="par_lookup_super_wifi_frontline_tier_1" type="value">
        <contents>
          <value type="lookup">Tools_URLs</value>
        </contents>
          <sequence>
            <operation type="row_delimiter">
              <args><arg><value type="value">;</value></arg></args>
            </operation>
            <operation type="column_delimiter">
              <args><arg><value type="value">,</value></arg></args>
            </operation>
            <operation type="column_contain">
              <args><arg><value type="value">Super WiFi 5 - Frontline Tier 1</value></arg></args>
            </operation>
            <operation type="column_selector">
              <args><arg><value type="value">2</value></arg></args>
            </operation>
          </sequence>
        </parameter>
		
      <parameter id="par_lookup_super_wifi_frontline_tier_2_y_3" type="value">
        <contents>
          <value type="lookup">Tools_URLs</value>
        </contents>
          <sequence>
            <operation type="row_delimiter">
              <args><arg><value type="value">;</value></arg></args>
            </operation>
            <operation type="column_delimiter">
              <args><arg><value type="value">,</value></arg></args>
            </operation>
            <operation type="column_contain">
              <args><arg><value type="value">Super WiFi 5 - Frontline Tier 2 y 3</value></arg></args>
            </operation>
            <operation type="column_selector">
              <args><arg><value type="value">2</value></arg></args>
            </operation>
          </sequence>
        </parameter>
		<!-- JJSM 20211129 - Consolas 2.0 - CON_020 - FIN -->
      <parameter id="par_lookup_toa_amdocs" type="value">
        <contents>
          <value type="lookup">Tools_URLs</value>
        </contents>
          <sequence>
            <operation type="row_delimiter">
              <args><arg><value type="value">;</value></arg></args>
            </operation>
            <operation type="column_delimiter">
              <args><arg><value type="value">,</value></arg></args>
            </operation>
            <operation type="column_contain">
              <args><arg><value type="value">TOA Amdocs</value></arg></args>
            </operation>
            <operation type="column_selector">
              <args><arg><value type="value">2</value></arg></args>
            </operation>
          </sequence>
        </parameter>

      <!-- PCA20210310 - INC_UNKNOWN - INICIO -->
      <parameter id="par_lookup_toa_oracle" type="value">
        <contents>
          <value type="lookup">Tools_URLs</value>
        </contents>
          <sequence>
            <operation type="row_delimiter">
              <args><arg><value type="value">;</value></arg></args>
            </operation>
            <operation type="column_delimiter">
              <args><arg><value type="value">,</value></arg></args>
            </operation>
            <operation type="column_contain">
              <args><arg><value type="value">TOA Oracle</value></arg></args>
            </operation>
            <operation type="column_selector">
              <args><arg><value type="value">2</value></arg></args>
            </operation>
          </sequence>
        </parameter>
      <!-- PCA20210310 - INC_UNKNOWN - FIN -->

      <parameter id="par_lookup_unigis" type="value">
        <contents>
          <value type="lookup">Tools_URLs</value>
        </contents>
          <sequence>
            <operation type="row_delimiter">
              <args><arg><value type="value">;</value></arg></args>
            </operation>
            <operation type="column_delimiter">
              <args><arg><value type="value">,</value></arg></args>
            </operation>
            <operation type="column_contain">
              <args><arg><value type="value">UniGIS</value></arg></args>
            </operation>
            <operation type="column_selector">
              <args><arg><value type="value">2</value></arg></args>
            </operation>
          </sequence>
        </parameter>

      <parameter id="par_lookup_wifi_negocio" type="value">
        <contents>
          <value type="lookup">Tools_URLs</value>
        </contents>
          <sequence>
            <operation type="row_delimiter">
              <args><arg><value type="value">;</value></arg></args>
            </operation>
            <operation type="column_delimiter">
              <args><arg><value type="value">,</value></arg></args>
            </operation>
            <operation type="column_contain">
              <args><arg><value type="value">WiFi para tu Negocio</value></arg></args>
            </operation>
            <operation type="column_selector">
              <args><arg><value type="value">2</value></arg></args>
            </operation>
          </sequence>
        </parameter>
      
      <parameter id="par_lookup_zhilabs" type="value">
        <contents>
          <value type="lookup">Tools_URLs</value>
        </contents>
          <sequence>
            <operation type="row_delimiter">
              <args><arg><value type="value">;</value></arg></args>
            </operation>
            <operation type="column_delimiter">
              <args><arg><value type="value">,</value></arg></args>
            </operation>
            <operation type="column_contain">
              <args><arg><value type="value">Zhilabs</value></arg></args>
            </operation>
            <operation type="column_selector">
              <args><arg><value type="value">2</value></arg></args>
            </operation>
          </sequence>
        </parameter>

      <parameter id="par_lookup_nds_gui" type="value">
        <contents>
          <value type="lookup">Tools_URLs</value>
        </contents>
          <sequence>
            <operation type="row_delimiter">
              <args><arg><value type="value">;</value></arg></args>
            </operation>
            <operation type="column_delimiter">
              <args><arg><value type="value">,</value></arg></args>
            </operation>
            <operation type="column_contain">
              <args><arg><value type="value">NDS GUI</value></arg></args>
            </operation>
            <operation type="column_selector">
              <args><arg><value type="value">2</value></arg></args>
            </operation>
          </sequence>
        </parameter>

      <parameter id="par_lookup_nemo" type="value">
        <contents>
          <value type="lookup">Tools_URLs</value>
        </contents>
          <sequence>
            <operation type="row_delimiter">
              <args><arg><value type="value">;</value></arg></args>
            </operation>
            <operation type="column_delimiter">
              <args><arg><value type="value">,</value></arg></args>
            </operation>
            <operation type="column_contain">
              <args><arg><value type="value">NEMO</value></arg></args>
            </operation>
            <operation type="column_selector">
              <args><arg><value type="value">2</value></arg></args>
            </operation>
          </sequence>
        </parameter>

      <parameter id="par_lookup_registro_numeracion" type="value">
        <contents>
          <value type="lookup">Tools_URLs</value>
        </contents>
          <sequence>
            <operation type="row_delimiter">
              <args><arg><value type="value">;</value></arg></args>
            </operation>
            <operation type="column_delimiter">
              <args><arg><value type="value">,</value></arg></args>
            </operation>
            <operation type="column_contain">
              <args><arg><value type="value">Registro de Numeracion (CNMC)</value></arg></args>
            </operation>
            <operation type="column_selector">
              <args><arg><value type="value">2</value></arg></args>
            </operation>
          </sequence>
        </parameter>

        <parameter id="par_lookup_pru_movistar" type="value">
        <contents>
          <value type="lookup">Tools_URLs</value>
        </contents>
          <sequence>
            <operation type="row_delimiter">
              <args><arg><value type="value">;</value></arg></args>
            </operation>
            <operation type="column_delimiter">
              <args><arg><value type="value">,</value></arg></args>
            </operation>
            <operation type="column_contain">
              <args><arg><value type="value">PRU (Movistar)</value></arg></args>
            </operation>
            <operation type="column_selector">
              <args><arg><value type="value">2</value></arg></args>
            </operation>
          </sequence>
        </parameter>

      <parameter id="par_lookup_sgi" type="value">
        <contents>
          <value type="lookup">Tools_URLs</value>
        </contents>
          <sequence>
            <operation type="row_delimiter">
              <args><arg><value type="value">;</value></arg></args>
            </operation>
            <operation type="column_delimiter">
              <args><arg><value type="value">,</value></arg></args>
            </operation>
            <operation type="column_contain">
              <args><arg><value type="value">SGI</value></arg></args>
            </operation>
            <operation type="column_selector">
              <args><arg><value type="value">2</value></arg></args>
            </operation>
          </sequence>
        </parameter>

        <parameter id="par_lookup_sgp_portabilidad_fija" type="value">
        <contents>
          <value type="lookup">Tools_URLs</value>
        </contents>
          <sequence>
            <operation type="row_delimiter">
              <args><arg><value type="value">;</value></arg></args>
            </operation>
            <operation type="column_delimiter">
              <args><arg><value type="value">,</value></arg></args>
            </operation>
            <operation type="column_contain">
              <args><arg><value type="value">SGP - Portabilidad fija</value></arg></args>
            </operation>
            <operation type="column_selector">
              <args><arg><value type="value">2</value></arg></args>
            </operation>
          </sequence>
        </parameter>

      <parameter id="par_lookup_guias_dispositivos" type="value">
        <contents>
          <value type="lookup">Tools_URLs</value>
        </contents>
          <sequence>
            <operation type="row_delimiter">
              <args><arg><value type="value">;</value></arg></args>
            </operation>
            <operation type="column_delimiter">
              <args><arg><value type="value">,</value></arg></args>
            </operation>
            <operation type="column_contain">
              <args><arg><value type="value">Guias de dispositivos</value></arg></args>
            </operation>
            <operation type="column_selector">
              <args><arg><value type="value">2</value></arg></args>
            </operation>
          </sequence>
        </parameter>

        <parameter id="par_lookup_guias_dispositivos_sp_agents" type="value">
        <contents>
          <value type="lookup">Tools_URLs</value>
        </contents>
          <sequence>
            <operation type="row_delimiter">
              <args><arg><value type="value">;</value></arg></args>
            </operation>
            <operation type="column_delimiter">
              <args><arg><value type="value">,</value></arg></args>
            </operation>
            <operation type="column_contain">
              <args><arg><value type="value">Guias de dispositivos (SP-Agents)</value></arg></args>
            </operation>
            <operation type="column_selector">
              <args><arg><value type="value">2</value></arg></args>
            </operation>
          </sequence>
        </parameter>

      <parameter id="par_lookup_lowi_refresh_neba" type="value">
        <contents>
          <value type="lookup">Tools_URLs</value>
        </contents>
          <sequence>
            <operation type="row_delimiter">
              <args><arg><value type="value">;</value></arg></args>
            </operation>
            <operation type="column_delimiter">
              <args><arg><value type="value">,</value></arg></args>
            </operation>
            <operation type="column_contain">
              <args><arg><value type="value">Lowi – Refresh Neba</value></arg></args>
            </operation>
            <operation type="column_selector">
              <args><arg><value type="value">2</value></arg></args>
            </operation>
          </sequence>
        </parameter>

        <!--DBC_20210318_REQ_008_02_Nuevas URL para nuevos req y CR VF-->

        <parameter id="par_lookup_thot" type="value">
        <contents>
          <value type="lookup">Tools_URLs</value>
        </contents>
          <sequence>
            <operation type="row_delimiter">
              <args><arg><value type="value">;</value></arg></args>
            </operation>
            <operation type="column_delimiter">
              <args><arg><value type="value">,</value></arg></args>
            </operation>
            <operation type="column_contain">
              <args><arg><value type="value">THOT</value></arg></args>
            </operation>
            <operation type="column_selector">
              <args><arg><value type="value">2</value></arg></args>
            </operation>
          </sequence>
        </parameter>

        <parameter id="par_lookup_webtools" type="value">
        <contents>
          <value type="lookup">Tools_URLs</value>
        </contents>
          <sequence>
            <operation type="row_delimiter">
              <args><arg><value type="value">;</value></arg></args>
            </operation>
            <operation type="column_delimiter">
              <args><arg><value type="value">,</value></arg></args>
            </operation>
            <operation type="column_contain">
              <args><arg><value type="value">WebTools</value></arg></args>
            </operation>
            <operation type="column_selector">
              <args><arg><value type="value">2</value></arg></args>
            </operation>
          </sequence>
        </parameter>

        <parameter id="par_lookup_webtools_cnr" type="value">
        <contents>
          <value type="lookup">Tools_URLs</value>
        </contents>
          <sequence>
            <operation type="row_delimiter">
              <args><arg><value type="value">;</value></arg></args>
            </operation>
            <operation type="column_delimiter">
              <args><arg><value type="value">,</value></arg></args>
            </operation>
            <operation type="column_contain">
              <args><arg><value type="value">WebTools CNR</value></arg></args>
            </operation>
            <operation type="column_selector">
              <args><arg><value type="value">2</value></arg></args>
            </operation>
          </sequence>
        </parameter>

        <parameter id="par_lookup_b2b_gateway" type="value">
        <contents>
          <value type="lookup">Tools_URLs</value>
        </contents>
          <sequence>
            <operation type="row_delimiter">
              <args><arg><value type="value">;</value></arg></args>
            </operation>
            <operation type="column_delimiter">
              <args><arg><value type="value">,</value></arg></args>
            </operation>
            <operation type="column_contain">
              <args><arg><value type="value">B2B Gateway</value></arg></args>
            </operation>
            <operation type="column_selector">
              <args><arg><value type="value">2</value></arg></args>
            </operation>
          </sequence>
        </parameter>

        <parameter id="par_lookup_ana" type="value">
        <contents>
          <value type="lookup">Tools_URLs</value>
        </contents>
          <sequence>
            <operation type="row_delimiter">
              <args><arg><value type="value">;</value></arg></args>
            </operation>
            <operation type="column_delimiter">
              <args><arg><value type="value">,</value></arg></args>
            </operation>
            <operation type="column_contain">
              <args><arg><value type="value">ANA</value></arg></args>
            </operation>
            <operation type="column_selector">
              <args><arg><value type="value">2</value></arg></args>
            </operation>
          </sequence>
        </parameter>

        <parameter id="par_lookup_btr" type="value">
        <contents>
          <value type="lookup">Tools_URLs</value>
        </contents>
          <sequence>
            <operation type="row_delimiter">
              <args><arg><value type="value">;</value></arg></args>
            </operation>
            <operation type="column_delimiter">
              <args><arg><value type="value">,</value></arg></args>
            </operation>
            <operation type="column_contain">
              <args><arg><value type="value">BTR (Bloqueo de Terminal)</value></arg></args>
            </operation>
            <operation type="column_selector">
              <args><arg><value type="value">2</value></arg></args>
            </operation>
          </sequence>
        </parameter>

        <parameter id="par_lookup_ccsm_customer_care" type="value">
        <contents>
          <value type="lookup">Tools_URLs</value>
        </contents>
          <sequence>
            <operation type="row_delimiter">
              <args><arg><value type="value">;</value></arg></args>
            </operation>
            <operation type="column_delimiter">
              <args><arg><value type="value">,</value></arg></args>
            </operation>
            <operation type="column_contain">
              <args><arg><value type="value">CCSM Customer Care</value></arg></args>
            </operation>
            <operation type="column_selector">
              <args><arg><value type="value">2</value></arg></args>
            </operation>
          </sequence>
        </parameter>

        <parameter id="par_lookup_consulta_cobertura" type="value">
        <contents>
          <value type="lookup">Tools_URLs</value>
        </contents>
          <sequence>
            <operation type="row_delimiter">
              <args><arg><value type="value">;</value></arg></args>
            </operation>
            <operation type="column_delimiter">
              <args><arg><value type="value">,</value></arg></args>
            </operation>
            <operation type="column_contain">
              <args><arg><value type="value">Consulta de cobertura</value></arg></args>
            </operation>
            <operation type="column_selector">
              <args><arg><value type="value">2</value></arg></args>
            </operation>
          </sequence>
        </parameter>

        <parameter id="par_lookup_gis" type="value">
        <contents>
          <value type="lookup">Tools_URLs</value>
        </contents>
          <sequence>
            <operation type="row_delimiter">
              <args><arg><value type="value">;</value></arg></args>
            </operation>
            <operation type="column_delimiter">
              <args><arg><value type="value">,</value></arg></args>
            </operation>
            <operation type="column_contain">
              <args><arg><value type="value">GIS</value></arg></args>
            </operation>
            <operation type="column_selector">
              <args><arg><value type="value">2</value></arg></args>
            </operation>
          </sequence>
        </parameter>

        <parameter id="par_lookup_nikon" type="value">
        <contents>
          <value type="lookup">Tools_URLs</value>
        </contents>
          <sequence>
            <operation type="row_delimiter">
              <args><arg><value type="value">;</value></arg></args>
            </operation>
            <operation type="column_delimiter">
              <args><arg><value type="value">,</value></arg></args>
            </operation>
            <operation type="column_contain">
              <args><arg><value type="value">Nikon</value></arg></args>
            </operation>
            <operation type="column_selector">
              <args><arg><value type="value">2</value></arg></args>
            </operation>
          </sequence>
        </parameter>

        <parameter id="par_lookup_ota" type="value">
        <contents>
          <value type="lookup">Tools_URLs</value>
        </contents>
          <sequence>
            <operation type="row_delimiter">
              <args><arg><value type="value">;</value></arg></args>
            </operation>
            <operation type="column_delimiter">
              <args><arg><value type="value">,</value></arg></args>
            </operation>
            <operation type="column_contain">
              <args><arg><value type="value">OTA Device Configuration</value></arg></args>
            </operation>
            <operation type="column_selector">
              <args><arg><value type="value">2</value></arg></args>
            </operation>
          </sequence>
        </parameter>

        <parameter id="par_lookup_rubicon" type="value">
        <contents>
          <value type="lookup">Tools_URLs</value>
        </contents>
          <sequence>
            <operation type="row_delimiter">
              <args><arg><value type="value">;</value></arg></args>
            </operation>
            <operation type="column_delimiter">
              <args><arg><value type="value">,</value></arg></args>
            </operation>
            <operation type="column_contain">
              <args><arg><value type="value">Rubicon</value></arg></args>
            </operation>
            <operation type="column_selector">
              <args><arg><value type="value">2</value></arg></args>
            </operation>
          </sequence>
        </parameter>

        <parameter id="par_lookup_secure_net_movil" type="value">
        <contents>
          <value type="lookup">Tools_URLs</value>
        </contents>
          <sequence>
            <operation type="row_delimiter">
              <args><arg><value type="value">;</value></arg></args>
            </operation>
            <operation type="column_delimiter">
              <args><arg><value type="value">,</value></arg></args>
            </operation>
            <operation type="column_contain">
              <args><arg><value type="value">Secure Net Móvil</value></arg></args>
            </operation>
            <operation type="column_selector">
              <args><arg><value type="value">2</value></arg></args>
            </operation>
          </sequence>
        </parameter>

        <parameter id="par_lookup_portanet" type="value">
        <contents>
          <value type="lookup">Tools_URLs</value>
        </contents>
          <sequence>
            <operation type="row_delimiter">
              <args><arg><value type="value">;</value></arg></args>
            </operation>
            <operation type="column_delimiter">
              <args><arg><value type="value">,</value></arg></args>
            </operation>
            <operation type="column_contain">
              <args><arg><value type="value">Portanet</value></arg></args>
            </operation>
            <operation type="column_selector">
              <args><arg><value type="value">2</value></arg></args>
            </operation>
          </sequence>
        </parameter>
		<!-- JJSM 20210603 - Contigencia verano - INICIO -->
        <parameter id="par_lookup_wifi_doctor" type="value">
        <contents>
          <value type="lookup">Tools_URLs</value>
        </contents>
          <sequence>
            <operation type="row_delimiter">
              <args><arg><value type="value">;</value></arg></args>
            </operation>
            <operation type="column_delimiter">
              <args><arg><value type="value">,</value></arg></args>
            </operation>
            <operation type="column_contain">
              <args><arg><value type="value">WiFi Doctor</value></arg></args>
            </operation>
            <operation type="column_selector">
              <args><arg><value type="value">2</value></arg></args>
            </operation>
          </sequence>
        </parameter>
		<!-- JJSM 20210603 - Contigencia verano - FIN -->
        <!-- AGS20220504 - Enlaces Corporate movil - INICIO -->
        <parameter id="par_lookup_web_cobertura" type="value">
        <contents>
          <value type="lookup">Tools_URLs</value>
        </contents>
          <sequence>
            <operation type="row_delimiter">
              <args><arg><value type="value">;</value></arg></args>
            </operation>
            <operation type="column_delimiter">
              <args><arg><value type="value">,</value></arg></args>
            </operation>
            <operation type="column_index">
              <args><arg><value type="value">1</value></arg></args>
            </operation>
            <operation type="column_equal">
              <args><arg><value type="value">Web de Cobertura</value></arg></args>
            </operation>
            <operation type="column_selector">
              <args><arg><value type="value">2</value></arg></args>
            </operation>
          </sequence>
        </parameter>

        <parameter id="par_lookup_redplanet_corporate" type="value">
        <contents>
          <value type="lookup">Tools_URLs</value>
        </contents>
          <sequence>
            <operation type="row_delimiter">
              <args><arg><value type="value">;</value></arg></args>
            </operation>
            <operation type="column_delimiter">
              <args><arg><value type="value">,</value></arg></args>
            </operation>
            <operation type="column_index">
              <args><arg><value type="value">1</value></arg></args>
            </operation>
            <operation type="column_equal">
              <args><arg><value type="value">Red Planet Corporate</value></arg></args>
            </operation>
            <operation type="column_selector">
              <args><arg><value type="value">2</value></arg></args>
            </operation>
          </sequence>
        </parameter>

        <parameter id="par_lookup_incidencias_redplanet" type="value">
        <contents>
          <value type="lookup">Tools_URLs</value>
        </contents>
          <sequence>
            <operation type="row_delimiter">
              <args><arg><value type="value">;</value></arg></args>
            </operation>
            <operation type="column_delimiter">
              <args><arg><value type="value">,</value></arg></args>
            </operation>
            <operation type="column_index">
              <args><arg><value type="value">1</value></arg></args>
            </operation>
            <operation type="column_equal">
              <args><arg><value type="value">Incidencias Red Planet Corporate</value></arg></args>
            </operation>
            <operation type="column_selector">
              <args><arg><value type="value">2</value></arg></args>
            </operation>
          </sequence>
        </parameter>

        <parameter id="par_lookup_mordor" type="value">
        <contents>
          <value type="lookup">Tools_URLs</value>
        </contents>
          <sequence>
            <operation type="row_delimiter">
              <args><arg><value type="value">;</value></arg></args>
            </operation>
            <operation type="column_delimiter">
              <args><arg><value type="value">,</value></arg></args>
            </operation>
            <operation type="column_index">
              <args><arg><value type="value">1</value></arg></args>
            </operation>
            <operation type="column_equal">
              <args><arg><value type="value">Mordor</value></arg></args>
            </operation>
            <operation type="column_selector">
              <args><arg><value type="value">2</value></arg></args>
            </operation>
          </sequence>
        </parameter>

        <parameter id="par_lookup_web_ana" type="value">
        <contents>
          <value type="lookup">Tools_URLs</value>
        </contents>
          <sequence>
            <operation type="row_delimiter">
              <args><arg><value type="value">;</value></arg></args>
            </operation>
            <operation type="column_delimiter">
              <args><arg><value type="value">,</value></arg></args>
            </operation>
            <operation type="column_index">
              <args><arg><value type="value">1</value></arg></args>
            </operation>
            <operation type="column_equal">
              <args><arg><value type="value">Web A.N.A.</value></arg></args>
            </operation>
            <operation type="column_selector">
              <args><arg><value type="value">2</value></arg></args>
            </operation>
          </sequence>
        </parameter>

        <parameter id="par_lookup_nikon_corporate" type="value">
        <contents>
          <value type="lookup">Tools_URLs</value>
        </contents>
          <sequence>
            <operation type="row_delimiter">
              <args><arg><value type="value">;</value></arg></args>
            </operation>
            <operation type="column_delimiter">
              <args><arg><value type="value">,</value></arg></args>
            </operation>
            <operation type="column_index">
              <args><arg><value type="value">1</value></arg></args>
            </operation>
            <operation type="column_equal">
              <args><arg><value type="value">Nikon Corporate</value></arg></args>
            </operation>
            <operation type="column_selector">
              <args><arg><value type="value">2</value></arg></args>
            </operation>
          </sequence>
        </parameter>

        <parameter id="par_lookup_gis_corporate" type="value">
        <contents>
          <value type="lookup">Tools_URLs</value>
        </contents>
          <sequence>
            <operation type="row_delimiter">
              <args><arg><value type="value">;</value></arg></args>
            </operation>
            <operation type="column_delimiter">
              <args><arg><value type="value">,</value></arg></args>
            </operation>
            <operation type="column_index">
              <args><arg><value type="value">1</value></arg></args>
            </operation>
            <operation type="column_equal">
              <args><arg><value type="value">GIS Corporate</value></arg></args>
            </operation>
            <operation type="column_selector">
              <args><arg><value type="value">2</value></arg></args>
            </operation>
          </sequence>
        </parameter>

        <parameter id="par_lookup_web_sdb" type="value">
        <contents>
          <value type="lookup">Tools_URLs</value>
        </contents>
          <sequence>
            <operation type="row_delimiter">
              <args><arg><value type="value">;</value></arg></args>
            </operation>
            <operation type="column_delimiter">
              <args><arg><value type="value">,</value></arg></args>
            </operation>
            <operation type="column_index">
              <args><arg><value type="value">1</value></arg></args>
            </operation>
            <operation type="column_equal">
              <args><arg><value type="value">Web SDB</value></arg></args>
            </operation>
            <operation type="column_selector">
              <args><arg><value type="value">2</value></arg></args>
            </operation>
          </sequence>
        </parameter>

        <parameter id="par_lookup_pmt" type="value">
        <contents>
          <value type="lookup">Tools_URLs</value>
        </contents>
          <sequence>
            <operation type="row_delimiter">
              <args><arg><value type="value">;</value></arg></args>
            </operation>
            <operation type="column_delimiter">
              <args><arg><value type="value">,</value></arg></args>
            </operation>
            <operation type="column_index">
              <args><arg><value type="value">1</value></arg></args>
            </operation>
            <operation type="column_equal">
              <args><arg><value type="value">PMT</value></arg></args>
            </operation>
            <operation type="column_selector">
              <args><arg><value type="value">2</value></arg></args>
            </operation>
          </sequence>
        </parameter>

        <parameter id="par_lookup_oca_uno" type="value">
        <contents>
          <value type="lookup">Tools_URLs</value>
        </contents>
          <sequence>
            <operation type="row_delimiter">
              <args><arg><value type="value">;</value></arg></args>
            </operation>
            <operation type="column_delimiter">
              <args><arg><value type="value">,</value></arg></args>
            </operation>
            <operation type="column_index">
              <args><arg><value type="value">1</value></arg></args>
            </operation>
            <operation type="column_equal">
              <args><arg><value type="value">Oca 1</value></arg></args>
            </operation>
            <operation type="column_selector">
              <args><arg><value type="value">2</value></arg></args>
            </operation>
          </sequence>
        </parameter>

        <parameter id="par_lookup_oca_dos" type="value">
        <contents>
          <value type="lookup">Tools_URLs</value>
        </contents>
          <sequence>
            <operation type="row_delimiter">
              <args><arg><value type="value">;</value></arg></args>
            </operation>
            <operation type="column_delimiter">
              <args><arg><value type="value">,</value></arg></args>
            </operation>
            <operation type="column_index">
              <args><arg><value type="value">1</value></arg></args>
            </operation>
            <operation type="column_equal">
              <args><arg><value type="value">Oca 2</value></arg></args>
            </operation>
            <operation type="column_selector">
              <args><arg><value type="value">2</value></arg></args>
            </operation>
          </sequence>
        </parameter>

        <parameter id="par_lookup_oca_tres" type="value">
        <contents>
          <value type="lookup">Tools_URLs</value>
        </contents>
          <sequence>
            <operation type="row_delimiter">
              <args><arg><value type="value">;</value></arg></args>
            </operation>
            <operation type="column_delimiter">
              <args><arg><value type="value">,</value></arg></args>
            </operation>
            <operation type="column_index">
              <args><arg><value type="value">1</value></arg></args>
            </operation>
            <operation type="column_equal">
              <args><arg><value type="value">Oca 3</value></arg></args>
            </operation>
            <operation type="column_selector">
              <args><arg><value type="value">2</value></arg></args>
            </operation>
          </sequence>
        </parameter>

        <parameter id="par_lookup_oca_cuatro" type="value">
        <contents>
          <value type="lookup">Tools_URLs</value>
        </contents>
          <sequence>
            <operation type="row_delimiter">
              <args><arg><value type="value">;</value></arg></args>
            </operation>
            <operation type="column_delimiter">
              <args><arg><value type="value">,</value></arg></args>
            </operation>
            <operation type="column_index">
              <args><arg><value type="value">1</value></arg></args>
            </operation>
            <operation type="column_equal">
              <args><arg><value type="value">Oca 4</value></arg></args>
            </operation>
            <operation type="column_selector">
              <args><arg><value type="value">2</value></arg></args>
            </operation>
          </sequence>
        </parameter>

        <parameter id="par_lookup_oca_cinco" type="value">
        <contents>
          <value type="lookup">Tools_URLs</value>
        </contents>
          <sequence>
            <operation type="row_delimiter">
              <args><arg><value type="value">;</value></arg></args>
            </operation>
            <operation type="column_delimiter">
              <args><arg><value type="value">,</value></arg></args>
            </operation>
            <operation type="column_index">
              <args><arg><value type="value">1</value></arg></args>
            </operation>
            <operation type="column_equal">
              <args><arg><value type="value">Oca 5</value></arg></args>
            </operation>
            <operation type="column_selector">
              <args><arg><value type="value">2</value></arg></args>
            </operation>
          </sequence>
        </parameter>

        <parameter id="par_lookup_nodo_central" type="value">
        <contents>
          <value type="lookup">Tools_URLs</value>
        </contents>
          <sequence>
            <operation type="row_delimiter">
              <args><arg><value type="value">;</value></arg></args>
            </operation>
            <operation type="column_delimiter">
              <args><arg><value type="value">,</value></arg></args>
            </operation>
            <operation type="column_index">
              <args><arg><value type="value">1</value></arg></args>
            </operation>
            <operation type="column_equal">
              <args><arg><value type="value">Nodo Central</value></arg></args>
            </operation>
            <operation type="column_selector">
              <args><arg><value type="value">2</value></arg></args>
            </operation>
          </sequence>
        </parameter>
		<!-- AGS20220504 - Enlaces Corporate movil - FIN -->
  </parameters>
   <tests>

    <!--TESTS OBLIGATORIOS FUNCIONAMIENTO-->
      <test id="tst_template">
        <expr type="and" result="true"/>
      </test>
    </tests>
  <actions>

    <action id="act_url_access_citrix_vodafone_caas" type="url" icon="modem">
        <texts>
          <text type="detail">Acceso a Citrix Vodafone Caas</text>
          <text type="warning">¿Quieres acceder a Citrix Vodafone Caas ?</text>
        </texts>
        <url>
          <value type="parameter" role="enlaces">par_lookup_citrix_vodafone_caas</value>
        </url>
      </action>

      <action id="act_url_access_citrix_ono" type="url" icon="modem">
        <texts>
          <text type="detail">Acceso a Citrix ONO</text>
          <text type="warning">¿Quieres acceder a Citrix ONO ?</text>
        </texts>
        <url>
          <value type="parameter" role="enlaces">par_lookup_citrix_ono</value>
        </url>
      </action>

      <action id="act_url_access_mi_vodafone" type="url" icon="modem">
        <texts>
          <text type="detail">Acceso a datos Mi Vodafone</text>
          <text type="warning">¿Quieres acceder a los datos de Mi Vodafone ?</text>
        </texts>
        <url>
          <value type="parameter" role="enlaces">par_lookup_mi_vodafone</value>
        </url>
      </action>

      <action id="act_url_access_redplanet" type="url" icon="modem">
        <texts>
          <text type="detail">Acceso a datos Red Planet</text>
          <text type="warning">¿Quieres acceder a los datos de la web Red Planet ?</text>
        </texts>
        <url>
          <value type="parameter" role="enlaces">par_lookup_redplanet</value>
        </url>
      </action>

    <action id="act_url_access_ains_spa" type="url" icon="modem">
      <texts>
        <text type="detail">Acceso a datos AIN (SPA)</text>
        <text type="warning">¿Quieres acceder a los datos de AIN (SPA) ?</text>
      </texts>
      <url>
        <value type="parameter" role="enlaces">par_lookup_ains_spa</value>
      </url>
    </action>

    <action id="act_url_access_consola_csc" type="url" icon="modem">
      <texts>
        <text type="detail">Acceso a Consola CSC</text>
        <text type="warning">¿Quieres acceder a los datos de Consola CSC ?</text>
      </texts>
      <url>
        <value type="parameter" role="enlaces">par_lookup_consola_csc</value>
      </url>
    </action>

    <action id="act_url_access_er_customer_care" type="url" icon="modem">
      <texts>
        <text type="detail">Acceso a datos de ER Customer Care</text>
        <text type="warning">¿Quieres acceder a los datos de ER Customer Care ?</text>
      </texts>
      <url>
        <value type="parameter" role="enlaces">par_lookup_er_customer_care</value>
      </url>
    </action>

    <action id="act_url_access_hdm" type="url" icon="modem">
      <texts>
        <text type="detail">Acceso a datos HDM</text>
        <text type="warning">¿Quieres acceder a los datos de la web HDM ?</text>
      </texts>
      <url>
        <value type="parameter" role="enlaces">par_lookup_hdm</value>
      </url>
    </action>

    <action id="act_url_access_hpsa" type="url" icon="modem">
      <texts>
        <text type="detail">Acceso a HPSA</text>
        <text type="warning">¿Quieres acceder a los datos de HPSA ?</text>
      </texts>
      <url>
        <value type="parameter" role="enlaces">par_lookup_hpsa</value>
      </url>
    </action>

    <action id="act_url_access_mini_leia" type="url" icon="modem">
      <texts>
        <text type="detail">Acceso a Mini-Leia</text>
        <text type="warning">¿Quieres acceder a los datos de Mini-Leia ?</text>
      </texts>
      <url>
        <value type="parameter" role="enlaces">par_lookup_mini_leia</value>
      </url>
    </action>

    <action id="act_url_access_nubia" type="url" icon="modem">
      <texts>
        <text type="detail">Acceso a NUBIA</text>
        <text type="warning">¿Quieres acceder a los datos de NUBIA ?</text>
      </texts>
      <url>
        <value type="parameter" role="enlaces">par_lookup_nubia</value>
      </url>
    </action>

    <action id="act_url_access_one_net_portal" type="url" icon="modem">
      <texts>
        <text type="detail">Acceso a One Net Portal (GRE)</text>
        <text type="warning">¿Quieres acceder a los datos de One Net Portal (GRE) ?</text>
      </texts>
      <url>
        <value type="parameter" role="enlaces">par_lookup_one_net_portal</value>
      </url>
    </action>

    <action id="act_url_access_qt_basico" type="url" icon="modem">
      <texts>
        <text type="detail">Acceso a QT Básico</text>
        <text type="warning">¿Quieres acceder a los datos de QT Básico ?</text>
      </texts>
      <url>
        <value type="parameter" role="enlaces">par_lookup_qt_basico</value>
      </url>
    </action>

    <action id="act_url_access_rubicon" type="url" icon="modem">
      <texts>
        <text type="detail">Acceso a Rubicon</text>
        <text type="warning">¿Quieres acceder a los datos Rubicon ?</text>
      </texts>
      <url>
        <value type="parameter" role="enlaces">par_lookup_rubicon</value>
      </url>
    </action>

    <action id="act_url_access_secure_net_convergente" type="url" icon="modem">
      <texts>
        <text type="detail">Acceso a Secure Net Convergente</text>
        <text type="warning">¿Quieres acceder a Secure Net Convergente ?</text>
      </texts>
      <url>
        <value type="parameter" role="enlaces">par_lookup_secure_net_convergente</value>
      </url>
    </action>
	<!-- JJSM 20211129 - Consolas 2.0 - CON_020 - INICIO -->
    <action id="act_url_access_super_wifi_frontline_tier_1" type="url" icon="modem">
      <texts>
        <text type="detail">Acceso a Super WiFi 5 - Frontline Tier 1</text>
        <text type="warning">¿Quieres acceder a Super WiFi 5 - Frontline Tier 1 ?</text>
      </texts>
      <url>
        <value type="parameter" role="enlaces">par_lookup_super_wifi_frontline_tier_1</value>
      </url>
    </action>

    <action id="act_url_access_super_wifi_frontline_tier_2y3" type="url" icon="modem">
      <texts>
        <text type="detail">Acceso a Super WiFi 5 - Frontline Tier 2 y 3</text>
        <text type="warning">¿Quieres acceder a los datos de Super WiFi 5 - Frontline Tier 2 y 3 ?</text>
      </texts>
      <url>
        <value type="parameter" role="enlaces">par_lookup_super_wifi_frontline_tier_2_y_3</value>
      </url>
    </action>
	<!-- JJSM 20211129 - Consolas 2.0 - CON_020 - FIN -->
    <action id="act_url_access_toa_amdocs" type="url" icon="modem">
      <texts>
        <text type="detail">Acceso a TOA Amdocs</text>
        <text type="warning">¿Quieres acceder a los datos de TOA Amdocs ?</text>
      </texts>
      <url>
        <value type="parameter" role="enlaces">par_lookup_toa_amdocs</value>
      </url>
    </action>
    <!-- PCA20210310 - INC_UNKNOWN - INICIO -->
     <action id="act_url_access_toa_oracle" type="url" icon="modem">
      <texts>
        <text type="detail">Acceso a TOA Oracle</text>
        <text type="warning">¿Quieres acceder a los datos de TOA Oracle ?</text>
      </texts>
      <url>
        <value type="parameter" role="enlaces">par_lookup_toa_oracle</value>
      </url>
    </action>
    <!-- PCA20210310 - INC_UNKNOWN - FIN -->

    <action id="act_url_access_unigis" type="url" icon="modem">
      <texts>
        <text type="detail">Acceso a UniGIS</text>
        <text type="warning">¿Quieres acceder a los datos UniGIS ?</text>
      </texts>
      <url>
        <value type="parameter" role="enlaces">par_lookup_unigis</value>
      </url>
    </action>

    <action id="act_url_access_wifi_negocio" type="url" icon="modem">
      <texts>
        <text type="detail">Acceso a datos de WiFi para tu Negocio</text>
        <text type="warning">¿Quieres acceder a los datos de WiFi para tu Negocio ?</text>
      </texts>
      <url>
        <value type="parameter" role="enlaces">par_lookup_wifi_negocio</value>
      </url>
    </action>

    <action id="act_url_access_zhilabs" type="url" icon="modem">
      <texts>
        <text type="detail">Acceso a datos de Zhilabs</text>
        <text type="warning">¿Quieres acceder a los datos de Zhilabs ?</text>
      </texts>
      <url>
        <value type="parameter" role="enlaces">par_lookup_zhilabs</value>
      </url>
    </action>

    <action id="act_url_access_nds_gui" type="url" icon="modem">
      <texts>
        <text type="detail">Acceso a NDS GUI</text>
        <text type="warning">¿Quieres acceder a NDS GUI ?</text>
      </texts>
      <url>
        <value type="parameter" role="enlaces">par_lookup_nds_gui</value>
      </url>
    </action>

    <action id="act_url_access_nemo" type="url" icon="modem">
      <texts>
        <text type="detail">Acceso a NEMO</text>
        <text type="warning">¿Quieres acceder a los datos de NEMO ?</text>
      </texts>
      <url>
        <value type="parameter" role="enlaces">par_lookup_nemo</value>
      </url>
    </action>

    <action id="act_url_access_registro_numeracion" type="url" icon="modem">
      <texts>
        <text type="detail">Acceso a Registro de Numeracion (CNMC)</text>
        <text type="warning">¿Quieres acceder al Registro de Numeracion (CNMC) ?</text>
      </texts>
      <url>
        <value type="parameter" role="enlaces">par_lookup_registro_numeracion</value>
      </url>
    </action>

    <action id="act_url_access_pru_movistar" type="url" icon="modem">
      <texts>
        <text type="detail">Acceso a PRU (Movistar)</text>
        <text type="warning">¿Quieres acceder a los datos de PRU (Movistar) ?</text>
      </texts>
      <url>
        <value type="parameter" role="enlaces">par_lookup_pru_movistar</value>
      </url>
    </action>

    <action id="act_url_access_sgi" type="url" icon="modem">
      <texts>
        <text type="detail">Acceso a datos de SGI</text>
        <text type="warning">¿Quieres acceder a los datos de SGI ?</text>
      </texts>
      <url>
        <value type="parameter" role="enlaces">par_lookup_sgi</value>
      </url>
    </action>

    <action id="act_url_access_sgp_portabilidad_fija" type="url" icon="modem">
      <texts>
        <text type="detail">Acceso a datos de SGP - Portabilidad fija</text>
        <text type="warning">¿Quieres acceder a los datos de SGP - Portabilidad fija ?</text>
      </texts>
      <url>
        <value type="parameter" role="enlaces">par_lookup_sgp_portabilidad_fija</value>
      </url>
    </action>
  
    <action id="act_url_access_guias_dispositivos" type="url" icon="modem">
      <texts>
        <text type="detail">Acceso a Guias de dispositivos</text>
        <text type="warning">¿Quieres acceder a Guias de dispositivos ?</text>
      </texts>
      <url>
        <value type="parameter" role="enlaces">par_lookup_guias_dispositivos</value>
      </url>
    </action>

    <action id="act_url_access_guias_dispositivos_sp_agents" type="url" icon="modem">
      <texts>
        <text type="detail">Acceso a Guias de dispositivos (SP-Agents)</text>
        <text type="warning">¿Quieres acceder a Guias de dispositivos (SP-Agents) ?</text>
      </texts>
      <url>
        <value type="parameter" role="enlaces">par_lookup_guias_dispositivos_sp_agents</value>
      </url>
    </action>

    <action id="act_url_access_lowi_refresh_neba" type="url" icon="modem">
      <texts>
        <text type="detail">Acceso a Lowi / Refresh Neba</text>
        <text type="warning">¿Quieres acceder a Lowi / Refresh Neba?</text>
      </texts>
      <url>
        <value type="parameter" role="enlaces">par_lookup_lowi_refresh_neba</value>
      </url>
    </action>

    <action id="act_url_access_thot" type="url" icon="modem">
      <texts>
        <text type="detail">Acceso a Thot</text>
        <text type="warning">¿Quieres acceder a Thot?</text>
      </texts>
      <url>
        <value type="parameter" role="enlaces">par_lookup_thot</value>
      </url>
    </action>

    <action id="act_url_access_webtools" type="url" icon="modem">
          <texts>
            <text type="detail">Acceso a Webtools</text>
            <text type="warning">¿Quieres acceder a Webtools?</text>
          </texts>
          <url>
            <value type="parameter" role="enlaces">par_lookup_webtools</value>
          </url>
    </action>

    <action id="act_url_access_webtools_cnr" type="url" icon="modem">
          <texts>
            <text type="detail">Acceso a Webtools CNR</text>
            <text type="warning">¿Quieres acceder a Webtools CNR?</text>
          </texts>
          <url>
            <value type="parameter" role="enlaces">par_lookup_webtools_cnr</value>
          </url>
    </action>

    <action id="act_url_access_b2b_gateway" type="url" icon="modem">
          <texts>
            <text type="detail">Acceso a B2B Gateway</text>
            <text type="warning">¿Quieres acceder a B2B Gateway?</text>
          </texts>
          <url>
            <value type="parameter" role="enlaces">par_lookup_b2b_gateway</value>
          </url>
    </action>

    <action id="act_url_access_ana" type="url" icon="modem">
          <texts>
            <text type="detail">Acceso a ANA</text>
            <text type="warning">¿Quieres acceder a ANA?</text>
          </texts>
          <url>
            <value type="parameter" role="enlaces">par_lookup_ana</value>
          </url>
    </action>

    <action id="act_url_access_btr" type="url" icon="modem">
          <texts>
            <text type="detail">Acceso a Bloqueo de Terminal</text>
            <text type="warning">¿Quieres acceder a Bloqueo de Terminal?</text>
          </texts>
          <url>
            <value type="parameter" role="enlaces">par_lookup_btr</value>
          </url>
    </action>

    <action id="act_url_access_ccsm" type="url" icon="modem">
          <texts>
            <text type="detail">Acceso a CCSM Customer Care</text>
            <text type="warning">¿Quieres acceder a CCSM Customer Care?</text>
          </texts>
          <url>
            <value type="parameter" role="enlaces">par_lookup_ccsm_customer_care</value>
          </url>
    </action>

    <action id="act_url_access_consulta_cobertura" type="url" icon="modem">
          <texts>
            <text type="detail">Acceso a Consulta de cobertura</text>
            <text type="warning">¿Quieres acceder a Consulta de cobertura?</text>
          </texts>
          <url>
            <value type="parameter" role="enlaces">par_lookup_consulta_cobertura</value>
          </url>
    </action>

    <action id="act_url_access_gis" type="url" icon="modem">
          <texts>
            <text type="detail">Acceso a GIS</text>
            <text type="warning">¿Quieres acceder a GIS?</text>
          </texts>
          <url>
            <value type="parameter" role="enlaces">par_lookup_gis</value>
          </url>
    </action>

    <action id="act_url_access_nikon" type="url" icon="modem">
          <texts>
            <text type="detail">Acceso a NIKON</text>
            <text type="warning">¿Quieres acceder a NIKON?</text>
          </texts>
          <url>
            <value type="parameter" role="enlaces">par_lookup_nikon</value>
          </url>
    </action>

    <action id="act_url_access_ota" type="url" icon="modem">
          <texts>
            <text type="detail">Acceso a OTA Device Configuration</text>
            <text type="warning">¿Quieres acceder a OTA Device Configuration?</text>
          </texts>
          <url>
            <value type="parameter" role="enlaces">par_lookup_ota</value>
          </url>
    </action>

    <action id="act_url_access_rubicon" type="url" icon="modem">
          <texts>
            <text type="detail">Acceso a Rubicon</text>
            <text type="warning">¿Quieres acceder a Rubicon?</text>
          </texts>
          <url>
            <value type="parameter" role="enlaces">par_lookup_rubicon</value>
          </url>
    </action>

    <action id="act_url_access_secure_net_movil" type="url" icon="modem">
          <texts>
            <text type="detail">Acceso a Secure Net Móvil</text>
            <text type="warning">¿Quieres acceder a Secure Net Móvil?</text>
          </texts>
          <url>
            <value type="parameter" role="enlaces">par_lookup_secure_net_movil</value>
          </url>
    </action>

    <action id="act_url_access_portanet" type="url" icon="modem">
          <texts>
            <text type="detail">Acceso a Portanet</text>
            <text type="warning">¿Quieres acceder a Portanet?</text>
          </texts>
          <url>
            <value type="parameter" role="enlaces">par_lookup_portanet</value>
          </url>
    </action>
	<!-- JJSM 20210603 - Contigencia verano - INICIO -->
    <action id="act_url_access_wifi_doctor" type="url" icon="modem">
          <texts>
            <text type="detail">Acceso a WiFi Doctor</text>
            <text type="warning">¿Quieres acceder a WiFi Doctor?</text>
          </texts>
          <url>
            <value type="parameter" role="enlaces">par_lookup_wifi_doctor</value>
          </url>
    </action>
	<!-- JJSM 20210603 - Contigencia verano - FIN -->

    <!-- AGS20220504 - Enlaces Corporate movil - INICIO -->
    <action id="act_url_access_web_cobertura" type="url" icon="modem">
          <texts>
            <text type="detail">Acceso a Web de cobertura</text>
            <text type="warning">¿Quieres acceder a Web de cobertura?</text>
          </texts>
          <url>
            <value type="parameter" role="enlaces">par_lookup_web_cobertura</value>
          </url>
    </action>

    <action id="act_url_access_redplanet_corporate" type="url" icon="modem">
          <texts>
            <text type="detail">Acceso a Red Planet</text>
            <text type="warning">¿Quieres acceder a Red Planet?</text>
          </texts>
          <url>
            <value type="parameter" role="enlaces">par_lookup_redplanet_corporate</value>
          </url>
    </action>

    <action id="act_url_access_incidencias_redplanet" type="url" icon="modem">
          <texts>
            <text type="detail">Acceso a Incidencias Red Planet</text>
            <text type="warning">¿Quieres acceder a Red Planet?</text>
          </texts>
          <url>
            <value type="parameter" role="enlaces">par_lookup_incidencias_redplanet</value>
          </url>
    </action>

    <action id="act_url_access_mordor" type="url" icon="modem">
          <texts>
            <text type="detail">Acceso a Mordor</text>
            <text type="warning">¿Quieres acceder a Mordor?</text>
          </texts>
          <url>
            <value type="parameter" role="enlaces">par_lookup_mordor</value>
          </url>
    </action>

    <action id="act_url_access_web_ana" type="url" icon="modem">
          <texts>
            <text type="detail">Acceso a Web A.N.A.</text>
            <text type="warning">¿Quieres acceder a Web A.N.A.?</text>
          </texts>
          <url>
            <value type="parameter" role="enlaces">par_lookup_web_ana</value>
          </url>
    </action>

    <action id="act_url_access_nikon_corporate" type="url" icon="modem">
          <texts>
            <text type="detail">Acceso a Nikon</text>
            <text type="warning">¿Quieres acceder a Nikon?</text>
          </texts>
          <url>
            <value type="parameter" role="enlaces">par_lookup_nikon_corporate</value>
          </url>
    </action>

    <!-- <action id="act_url_access_gis_corporate" type="url" icon="modem">
          <texts>
            <text type="detail">Acceso a GIS (consulta cobertura móvil)</text>
            <text type="warning">¿Quieres acceder a GIS (consulta cobertura móvil)?</text>
          </texts>
          <url>
            <value type="parameter" role="enlaces">par_lookup_gis_corporate</value>
          </url>
    </action> -->

    <action id="act_url_access_web_sdb" type="url" icon="modem">
          <texts>
            <text type="detail">Acceso a Web SDB</text>
            <text type="warning">¿Quieres acceder a Web SDB?</text>
          </texts>
          <url>
            <value type="parameter" role="enlaces">par_lookup_web_sdb</value>
          </url>
    </action>

    <action id="act_url_access_pmt" type="url" icon="modem">
          <texts>
            <text type="detail">Acceso a PMT</text>
            <text type="warning">¿Quieres acceder a PMT?</text>
          </texts>
          <url>
            <value type="parameter" role="enlaces">par_lookup_pmt</value>
          </url>
    </action>

    <action id="act_url_access_oca_uno" type="url" icon="modem">
          <texts>
            <text type="detail">Acceso a Oca 1</text>
            <text type="warning">¿Quieres acceder a Oca 1?</text>
          </texts>
          <url>
            <value type="parameter" role="enlaces">par_lookup_oca_uno</value>
          </url>
    </action>

    <action id="act_url_access_oca_dos" type="url" icon="modem">
          <texts>
            <text type="detail">Acceso a Oca 2</text>
            <text type="warning">¿Quieres acceder a Oca 2?</text>
          </texts>
          <url>
            <value type="parameter" role="enlaces">par_lookup_oca_dos</value>
          </url>
    </action>

    <action id="act_url_access_oca_tres" type="url" icon="modem">
          <texts>
            <text type="detail">Acceso a Oca 3</text>
            <text type="warning">¿Quieres acceder a Oca 3?</text>
          </texts>
          <url>
            <value type="parameter" role="enlaces">par_lookup_oca_tres</value>
          </url>
    </action>

    <action id="act_url_access_oca_cuatro" type="url" icon="modem">
          <texts>
            <text type="detail">Acceso a Oca 4</text>
            <text type="warning">¿Quieres acceder a Oca 4?</text>
          </texts>
          <url>
            <value type="parameter" role="enlaces">par_lookup_oca_cuatro</value>
          </url>
    </action>

    <action id="act_url_access_oca_cinco" type="url" icon="modem">
          <texts>
            <text type="detail">Acceso a Oca 5</text>
            <text type="warning">¿Quieres acceder a Oca 5?</text>
          </texts>
          <url>
            <value type="parameter" role="enlaces">par_lookup_oca_cinco</value>
          </url>
    </action>

    <action id="act_url_access_nodo_central" type="url" icon="modem">
          <texts>
            <text type="detail">Acceso a Nodo Central</text>
            <text type="warning">¿Quieres acceder a Nodo Central?</text>
          </texts>
          <url>
            <value type="parameter" role="enlaces">par_lookup_nodo_central</value>
          </url>
    </action>
    <!-- AGS20220504 - Enlaces Corporate movil - FIN -->
  </actions>

</template>
