<?xml version='1.0' encoding='UTF-8'?>
<template infosource="radius" version="2.3" type="infosource">


    <!-- ############################################################################################## -->
    <!-- Version 1.1                                                                                    -->
    <!--  - se añade visualizacion de campos en visa tecnica                                            --> 
    <!-- Version 1.0                                                                                    -->
    <!--  - Version de partida                                                                          -->
    <!-- ############################################################################################## -->

    <connectivity>
	    <troubleshoot>
	        <endpoints>
	        	<!-- AAA_SYNC_check_user de HPSA para VF o QueryServiceByNetworkId de Pareteum para LW -->
	            <endpoint id="snid" type="ws" connecttimeout="20000" requesttimeout="1000" verbose="true" lazy="true"><!--CCA20220601 - Cambio en el valor de requesttimeout-->
	                <method>POST</method>
	                <!--<url cert="pruebabt">{url}/ServiceConfigurationREST/serviceConfiguration/search</url>-->
                  <url ignoreSSL="true">{url}/ServiceConfigurationREST/serviceConfiguration/search</url>
	                <args>
	                	<arg type="path" id="url">
                      <value type="parameter" parameterid="par_url_bus"/>
                  	</arg>
  						      <arg type="header" id="Accept">
      							 <value type="value"><content>application/json</content></value>
      						  </arg>
      						  <arg type="header" id="X-IBM-Client-Id">
      							 <value type="parameter" parameterid="par_bus_clientid"/>
      						  </arg>
      						  <arg type="header" id="X-VF-API-Process">
      							 <value type="value"><content>Servicio_por_network_id</content></value>
      						  </arg>
        						<!--<arg type="header" id="X-VF-API-Mock">
        							<value type="value"><contents>001</value>
        						</arg>-->
        						<arg type="header" id="Content-Type">
        							<value type="value"><content>application/json</content></value>
                		</arg>
      		        </args>
              		<body contenttype="text">
              			<text>
              				<value type="value"><content><![CDATA[{"queries":[{"query":"$.id[schemeName='TEMPLATE'].value=]]></content></value>
                            <value type="parameter" parameterid="par_radius_generic_template"/>
                            <value type="value"><content><![CDATA["},{"query":"$.parts.service.serviceSpecification.characteristicsValue[characteristicName='USERNAME'].value=]]></content></value>
                            <value type="parameter" parameterid="par_radius_datalogin"/>
                            <value type="value"><content><![CDATA["}]}]]></content></value>
        						</text>
        					</body>
	                <response type="json"/>
	            </endpoint>

				<!-- Llamada a Servicio_por_network_id (Lowi) -->
				<endpoint id="snidlw" type="ws" connecttimeout="20000" requesttimeout="1000" verbose="true" lazy="true"><!--CCA20220601 - Cambio en el valor de requesttimeout-->
	                <method>POST</method>
	                <!--<url cert="pruebabt">{url}/ServiceConfigurationREST/serviceConfiguration/search</url>-->
                  <url ignoreSSL="true">{url}/ServiceConfigurationREST/serviceConfiguration/search</url>
	                <args>
	                	<arg type="path" id="url">
                      <value type="parameter" parameterid="par_url_bus"/>
                  	</arg>
  						      <arg type="header" id="Accept">
      							 <value type="value"><content>application/json</content></value>
      						  </arg>
      						  <arg type="header" id="X-IBM-Client-Id">
      							 <value type="parameter" parameterid="par_bus_clientid"/>
      						  </arg>
      						  <arg type="header" id="X-VF-API-Process">
      							 <value type="value"><content>Servicio_por_network_id</content></value>
      						  </arg>
        						<!--<arg type="header" id="X-VF-API-Mock">
        							<value type="value"><contents>001</value>
        						</arg>-->
        						<arg type="header" id="Content-Type">
        							<value type="value"><content>application/json</content></value>
                		</arg>
      		        </args>
              		<body contenttype="text">
              			<text>
              				<value type="value"><content><![CDATA[{"queries":[{"query":"$.parts.service.id[schemeName='SERVICEID'].value=]]></content></value>
                            <value type="parameter" parameterid="par_radius_service_id"/>
                            <value type="value"><content><![CDATA["},{"query":"$.parts.service.resource[*].id[schemeName='ServiceCategory'].value=]]></content></value>
                            <value type="parameter" parameterid="par_radius_access_type"/>
                            <value type="value"><content><![CDATA["}]}]]></content></value>
        						</text>
        					</body>
	                <response type="json"/>
	            </endpoint>
              <!-- Llamada a Servicio_por_network_id (HFC) -->
              <endpoint id="snidhfc" type="ws" connecttimeout="20000" requesttimeout="8000" verbose="true" lazy="true"><!--CCA20220601 - Cambio en el valor de requesttimeout-->
                  <method>POST</method>
                  <!--<url cert="pruebabt">{url}/ServiceConfigurationREST/serviceConfiguration/search</url>-->
                  <url ignoreSSL="true">{url}/ServiceConfigurationREST/serviceConfiguration/search</url>
                  <args>
                    <arg type="path" id="url">
                      <value type="parameter" parameterid="par_url_bus"/>
                    </arg>
                    <arg type="header" id="Accept">
                     <value type="value"><content>application/json</content></value>
                    </arg>
                    <arg type="header" id="X-IBM-Client-Id">
                     <value type="parameter" parameterid="par_bus_clientid"/>
                    </arg>
                    <arg type="header" id="X-VF-API-Process">
                     <value type="value"><content>Servicio_por_network_id</content></value>
                    </arg>
                    <!--<arg type="header" id="X-VF-API-Mock">
                      <value type="value"><contents>001</value>
                    </arg>-->
                    <arg type="header" id="Content-Type">
                      <value type="value"><content>application/json</content></value>
                    </arg>
                  </args>
                  <body contenttype="text">
                    <text>
                      <value type="value"><content><![CDATA[{"queries":[{"query": "$.id[schemeName='TEMPLATE'].value=]]></content></value>
                            <value type="parameter" parameterid="par_radius_generic_template"/>
                            <value type="value"><content><![CDATA["},{"query": "$.parts.service.id[schemeName='SERVICEID'].value=]]></content></value>
                            <value type="parameter" parameterid="par_radius_serviceid_data_password"/>
                            <value type="value"><content><![CDATA["}]}]]></content></value>
                    </text>
                  </body>
                  <response type="json"/>
              </endpoint>

            <!-- Radius Logs del Usuario -->
              <endpoint id="rlu" type="ws" connecttimeout="20000" requesttimeout="7000" verbose="true" lazy="true"><!--CCA20220601 - Cambio en el valor de requesttimeout-->
                  <method>POST</method>
                  <!--<url cert="pruebabt">{url}/ServiceConfigurationREST/serviceConfiguration/search</url>-->
                  <url ignoreSSL="true">{url}/ServiceConfigurationREST/serviceConfiguration/search</url>
                  <args>
                    <arg type="path" id="url">
                      <value type="parameter" parameterid="par_url_bus"/>
                    </arg>
                    <arg type="header" id="Accept">
                     <value type="value"><content>application/json</content></value>
                    </arg>
                    <arg type="header" id="X-IBM-Client-Id">
                     <value type="parameter" parameterid="par_bus_clientid"/>
                    </arg>
                    <arg type="header" id="X-VF-API-Process">
                     <value type="value"><content>Radius_Logs_del_usuario</content></value>
                    </arg>
                    <!--<arg type="header" id="X-VF-API-Mock">
                      <value type="value"><contents>001</value>
                    </arg>-->
                    <arg type="header" id="Content-Type">
                      <value type="value"><content>application/json</content></value>
                    </arg>
                  </args>
                  <body contenttype="text">
                    <text>
                      <value type="value"><content><![CDATA[{"queries":[{"query":"$.id[schemeName='TEMPLATE'].value=]]></content></value>
                      <value type="parameter" parameterid="par_radius_generic_template"/>
                      <value type="value"><content><![CDATA["},{"query":"$.parts.service.id[schemeName='Data_login'].value=]]></content></value>
                      <value type="parameter" parameterid="par_radius_datalogin"/>
                      <value type="value"><content><![CDATA["}]}]]></content></value>
                    </text>
                  </body>
                  <response type="json"/>
              </endpoint>
	        </endpoints>
	    </troubleshoot>
	    <action>
	    	<endpoints>
	    		<!-- AAA_SYNC_remove_user & AAA_SYNC_add_user de RADIUS -->
	    		<endpoint id="fc" verbose="true" type="ws" lazy="true" connecttimeout="20000" requesttimeout="1000"><!--CCA20220601 - Cambio en el valor de requesttimeout-->
				    <method>PATCH</method>
				    <url ignoreSSL="true">{url}/ResourceConfigurationREST/resourceConfiguration/{template}</url>
				    <args>
				    	<arg type="path" id="url">
							<value type="parameter" parameterid="par_url_bus"/>
						</arg>
						<arg type="path" id="template">
							<value type="parameter" parameterid="par_radius_generic_template"/>
						</arg>
						<arg type="header" id="Content-Type">
							<value type="value"><content>application/json</content></value>
				  		</arg>
				  		<arg type="header" id="Accept">
							<value type="value"><content>application/json</content></value>
						</arg>
						<arg type="header" id="X-IBM-Client-Id">
							<value type="parameter" parameterid="par_bus_clientid"/>
						</arg>
						<arg type="header" id="X-VF-API-Process">
							<value type="value"><content>Fix_CAR</content></value>
						</arg>
					</args>
					<body contenttype="text">
						<text>
							<value type="value"><content><![CDATA[[{
						    "op": "replace",
						    "path": "$.resource[*].extraId[schemeName='USERNAME'].value",
						    "value": {
						                    "value": "]]></content></value>
						    <value type="argument" argumentid="arg_inet_data_login"/>
						    <value type="value"><content><![CDATA["}
							},
							{
						    "op": "replace",
						    "path": "$.relatedResourceConfiguration[id.schemeName='USER'].extraId[schemeName='USERPASSWORD'].value",
						    "value": {
						                    "value": "]]></content></value>
						    <value type="argument" argumentid="arg_inet_data_password"/>
							<value type="value"><content><![CDATA["}
							},
							{
						    "op": "replace",
						    "path": "$.relatedResourceConfiguration[id.schemeName='IP_ADDRESS'].id",
						    "value": {
						                    "value": "]]></content></value>
						    <value type="argument" argumentid="arg_inet_ip_address"/>
						    <value type="value"><content><![CDATA["}
							}]]]></content></value>
						</text>
					</body>
					<response type="json"/>
				</endpoint>

				<endpoint id="fc_ftth" verbose="true" type="ws" lazy="true" connecttimeout="20000" requesttimeout="13000"><!--CCA20220601 - Cambio en el valor de requesttimeout-->
					<method>PATCH</method>
					<url ignoreSSL="true">{url}/ResourceConfigurationREST/resourceConfiguration/{template}</url>
					<args>
					  <arg type="path" id="url">
					  <value type="parameter" parameterid="par_url_bus"/>
					</arg>
					<arg type="path" id="template">
					  <value type="parameter" parameterid="par_radius_generic_template"/>
					</arg>
					<arg type="header" id="Content-Type">
					  <value type="value"><content>application/json</content></value>
					  </arg>
					  <arg type="header" id="Accept">
					  <value type="value"><content>application/json</content></value>
					</arg>
					<arg type="header" id="X-IBM-Client-Id">
					  <value type="parameter" parameterid="par_bus_clientid"/>
					</arg>
					<arg type="header" id="X-VF-API-Process">
					  <value type="value"><content>Fix_CAR</content></value>
					</arg>
				  </args>
				  <body contenttype="text">
					<text>
					  <value type="value"><content><![CDATA[[{
						"op": "replace",
						"path": "$.resource[*].extraId[schemeName='USERNAME'].value",
						"value": {
										"value": "]]></content></value>
						<value type="argument" argumentid="arg_inet_data_login"/>
						<value type="value"><content><![CDATA["}
					  },
					  {
						"op": "replace",
						"path": "$.relatedResourceConfiguration[id.schemeName='USER'].extraId[schemeName='USERPASSWORD'].value",
						"value": {
										"value": "]]></content></value>
						<value type="argument" argumentid="arg_inet_data_password"/>
					  <value type="value"><content><![CDATA["}
					  },
					  {
						"op": "replace",
						"path": "$.resource[*].extraId[schemeName='ID_TV'].value",
						"value": {
										"value": "]]></content></value>
						<value type="argument" argumentid="arg_id_tv"/>
						<value type="value"><content><![CDATA["}
					  }]]]></content></value>
					</text>
				  </body>
				  <response type="json"/>
				</endpoint>

				<endpoint id="fc_cnr" verbose="true" type="ws" lazy="true" connecttimeout="20000" requesttimeout="4000"><!--CCA20220601 - Cambio en el valor de requesttimeout-->
					<method>PATCH</method>
					<url ignoreSSL="true">{url}/ResourceConfigurationREST/resourceConfiguration/{template}</url>
					<args>
					  <arg type="path" id="url">
					  <value type="parameter" parameterid="par_url_bus"/>
					</arg>
					<arg type="path" id="template">
					  <value type="parameter" parameterid="par_radius_generic_template"/>
					</arg>
					<arg type="header" id="Content-Type">
					  <value type="value"><content>application/json</content></value>
					  </arg>
					  <arg type="header" id="Accept">
					  <value type="value"><content>application/json</content></value>
					</arg>
					<arg type="header" id="X-IBM-Client-Id">
					  <value type="parameter" parameterid="par_bus_clientid"/>
					</arg>
					<arg type="header" id="X-VF-API-Process">
					  <value type="value"><content>Fix_CAR</content></value>
					</arg>
				  </args>
				  <body contenttype="text">
					<text>
					  <value type="value"><content><![CDATA[[{
						"op": "replace",
						"path": "$.resource[*].extraId[schemeName='SERVICE_ID'].value",
						"value": {
										"value": "]]></content></value>
						<value type="argument" argumentid="arg_service_id_datapassword"/>
						<value type="value"><content><![CDATA["
								  }
						},
						{
						"op": "replace",
						"path": "$.relatedResourceConfiguration[id.schemeName='IP_ADDRESS_old'].id",
						"value": {
										"value": "]]></content></value>
						<value type="argument" argumentid="arg_inet_ip_address_old"/>
						<value type="value"><content><![CDATA["
								  }
						},
						{
						"op": "replace",
						"path": "$.relatedResourceConfiguration[id.schemeName='IP_ADDRESS'].id",
						"value": {
										"value": "]]></content></value>
						<value type="argument" argumentid="arg_inet_ip_address"/>
						<value type="value"><content><![CDATA["}}]]]></content></value>
					</text>
				  </body>
				  <response type="json"/>
				</endpoint>
				<!--DBC_03062021_INCHC_010_2_Se crea nueva acción para cnr ip dinámica-->
				<endpoint id="fc_cnr_din" verbose="true" type="ws" lazy="true" connecttimeout="20000" requesttimeout="13000"><!--CCA20220601 - Cambio en el valor de requesttimeout-->
					<method>PATCH</method>
					<url ignoreSSL="true">{url}/ResourceConfigurationREST/resourceConfiguration/{template}</url>
					<args>
					  <arg type="path" id="url">
					  <value type="parameter" parameterid="par_url_bus"/>
					</arg>
					<arg type="path" id="template">
					  <value type="parameter" parameterid="par_radius_generic_template"/>
					</arg>
					<arg type="header" id="Content-Type">
					  <value type="value"><content>application/json</content></value>
					  </arg>
					  <arg type="header" id="Accept">
					  <value type="value"><content>application/json</content></value>
					</arg>
					<arg type="header" id="X-IBM-Client-Id">
					  <value type="parameter" parameterid="par_bus_clientid"/>
					</arg>
					<arg type="header" id="X-VF-API-Process">
					  <value type="value"><content>Fix_CAR</content></value>
					</arg>
				  </args>
				  <body contenttype="text">
					<text>
					  <value type="value"><content><![CDATA[[{
						"op": "replace",
						"path": "$.resource[*].extraId[schemeName='SERVICE_ID'].value",
						"value": {
										"value": "]]></content></value>
						<value type="argument" argumentid="arg_service_id_datapassword"/>
						<value type="value"><content><![CDATA["}}]]]></content></value>
					</text>
				  </body>
				  <response type="json"/>
				</endpoint>
				<!-- JJSM 20210323 - INCP_101 - INICIO -->
	    		<endpoint id="fc_routedvoice" verbose="true" type="ws" lazy="true" connecttimeout="20000" requesttimeout="20000">
				    <method>PATCH</method>
				    <url ignoreSSL="true">{url}/ResourceConfigurationREST/resourceConfiguration/{template}</url>
				    <args>
				    	<arg type="path" id="url">
							<value type="parameter" parameterid="par_url_bus"/>
						</arg>
						<arg type="path" id="template">
							<value type="parameter" parameterid="par_radius_generic_template"/>
						</arg>
						<arg type="header" id="Content-Type">
							<value type="value"><content>application/json</content></value>
				  		</arg>
				  		<arg type="header" id="Accept">
							<value type="value"><content>application/json</content></value>
						</arg>
						<arg type="header" id="X-IBM-Client-Id">
							<value type="parameter" parameterid="par_bus_clientid"/>
						</arg>
						<arg type="header" id="X-VF-API-Process">
							<value type="value"><content>Fix_CAR</content></value>
						</arg>
					</args>
					<body contenttype="text">
						<text>
							<!-- JJSM 20210405 - INCP_101 - INICIO -->
							<value type="value"><content><![CDATA[[{
						    "op": "replace",
						    "path": "$.resource[*].extraId[schemeName='USERNAME'].value",
						    "value": {
						                    "value": "]]></content></value>
						    <value type="argument" argumentid="arg_inet_data_login"/>
						    <value type="value"><content><![CDATA["}
							},
							{
						    "op": "replace",
						    "path": "$.relatedResourceConfiguration[id.schemeName='USER'].extraId[schemeName='USERPASSWORD'].value",
						    "value": {
						                    "value": "]]></content></value>
						    <value type="argument" argumentid="arg_inet_data_password"/>
							<value type="value"><content><![CDATA["}
							},
							{
						    "op": "replace",
						    "path": "$.relatedResourceConfiguration[id.schemeName='IP_ADDRESS'].id",
						    "value": {
						                    "value": "]]></content></value>
						    <value type="argument" argumentid="arg_grc_voip_ims"/>
						    <value type="value"><content><![CDATA["}
							},
							{
						    "op": "replace",
						    "path": "$.relatedResourceConfiguration[id.schemeName='IPAddress'].extraId[schemeName='ROUTE_IP'].value",
						    "value": {
						                    "value": "]]></content></value>
						    <value type="argument" argumentid="arg_inet_ip_address"/>
							<value type="value"><content><![CDATA["}
							},
							{
						    "op": "replace",
						    "path": "$.relatedResourceConfiguration[id.schemeName='IPAddress'].extraId[schemeName='ROUTE_PREFIX'].value",
						    "value": {
						                    "value": "]]></content></value>
						    <value type="argument" argumentid="arg_radius_framedroute_prefix"/>
						    <value type="value"><content><![CDATA["}
							}]]]></content></value>
							<!-- JJSM 20210405 - INCP_101 - FIN -->
						</text>
					</body>
					<response type="json"/>
				</endpoint>
				<!-- JJSM 20210323 - INCP_101 - FIN -->
				<!-- AAA_SYNC_unlock_user de RADIUS -->
	    		<endpoint id="ebi" verbose="true" lazy="true" type="ws" connecttimeout="20000" requesttimeout="1000"><!--CCA20220601 - Cambio en el valor de requesttimeout-->
				    <method>PATCH</method>
				    <url ignoreSSL="true">{url}/ResourceConfigurationREST/resourceConfiguration/{template}</url>
				    <args>
				    	<arg type="path" id="url">
							<value type="parameter" parameterid="par_url_bus"/>
						</arg>
						<arg type="path" id="template">
							<value type="parameter" parameterid="par_radius_generic_template"/>
						</arg>
						<arg type="header" id="Content-Type">
							<value type="value"><content>application/json</content></value>
				  		</arg>
				  		<arg type="header" id="Accept">
							<value type="value"><content>application/json</content></value>
						</arg>
						<arg type="header" id="X-IBM-Client-Id">
							<value type="parameter" parameterid="par_bus_clientid"/>
						</arg>
						<arg type="header" id="X-VF-API-Process">
							<value type="value"><content>Eliminar_bloqueo_impago</content></value>
						</arg>
					</args>
					<body contenttype="text">
						<text>
							<value type="value"><content><![CDATA[[
										  {
										    "op": "replace",
										    "path": "$.resource[*].extraId[schemeName='SERVICE_ID']",
										    "value": {"value": "]]></content></value>
						    <value type="argument" argumentid="arg_service_id"/>
						    <value type="value"><content><![CDATA["}
										  },
										  {
										    "op": "replace",
										    "path": "$.resource[*].extraId[schemeName='USERNAME']",
										    "value": {
										    		"value": "]]></content></value>
						    <value type="argument" argumentid="arg_data_login"/>
							<value type="value"><content><![CDATA["
													}
										  }
										]]]></content></value>
						</text>
					</body>
					<response type="json"/>
				</endpoint>

        <!-- AAA_SYNC_unlock_user de RADIUS CNR-->
          <endpoint id="ebi_cnr" verbose="true" lazy="true" type="ws" connecttimeout="20000" requesttimeout="8000"><!--CCA20220601 - Cambio en el valor de requesttimeout-->
            <method>PATCH</method>
            <url ignoreSSL="true">{url}/ResourceConfigurationREST/resourceConfiguration/{template}</url>
            <args>
              <arg type="path" id="url">
              <value type="parameter" parameterid="par_url_bus"/>
            </arg>
            <arg type="path" id="template">
              <value type="parameter" parameterid="par_radius_generic_template"/>
            </arg>
            <arg type="header" id="Content-Type">
              <value type="value"><content>application/json</content></value>
              </arg>
              <arg type="header" id="Accept">
              <value type="value"><content>application/json</content></value>
            </arg>
            <arg type="header" id="X-IBM-Client-Id">
              <value type="parameter" parameterid="par_bus_clientid"/>
            </arg>
            <arg type="header" id="X-VF-API-Process">
              <value type="value"><content>Eliminar_bloqueo_impago</content></value>
            </arg>
          </args>
          <body contenttype="text">
            <text>
              <value type="value"><content><![CDATA[[
                      {
                        "op": "replace",
                        "path": "$.resource[*].extraId[schemeName='SERVICE_ID']",
                        "value": {"value": "]]></content></value>
                <value type="argument" argumentid="arg_service_id_datapassword"/>
                <value type="value"><content><![CDATA["}}]]]></content></value>
            </text>
          </body>
          <response type="json"/>
        </endpoint>

        <!-- AAA_SYNC_lock_user de RADIUS CNR--><!--DBC_Revisar si se usa-->
          <endpoint id="hbi_cnr" verbose="true" lazy="true" type="ws" connecttimeout="20000" requesttimeout="20000" >
            <method>PATCH</method>
            <url ignoreSSL="true">{url}/ResourceConfigurationREST/resourceConfiguration/{template}</url>
            <args>
              <arg type="path" id="url">
              <value type="parameter" parameterid="par_url_bus"/>
            </arg>
            <arg type="path" id="template">
              <value type="parameter" parameterid="par_radius_generic_template"/>
            </arg>
            <arg type="header" id="Content-Type">
              <value type="value"><content>application/json</content></value>
              </arg>
              <arg type="header" id="Accept">
              <value type="value"><content>application/json</content></value>
            </arg>
            <arg type="header" id="X-IBM-Client-Id">
              <value type="parameter" parameterid="par_bus_clientid"/>
            </arg>
            <arg type="header" id="X-VF-API-Process">
              <value type="value"><content>Habilitar_bloqueo_impago</content></value>
            </arg>
          </args>
          <body contenttype="text">
            <text>
              <value type="value"><content><![CDATA[[
                      {
                        "op": "replace",
                        "path": "$.resource[*].extraId[schemeName='SERVICE_ID']",
                        "value": {"value": "]]></content></value>
                <value type="argument" argumentid="arg_service_id_datapassword"/>
                <value type="value"><content><![CDATA["}}]]]></content></value>
            </text>
          </body>
          <response type="json"/>
        </endpoint>

        <!-- Desactivar_NAT de RADIUS -->
          <endpoint id="desnat" verbose="true" lazy="true" type="ws" connecttimeout="20000" requesttimeout="7000"><!--CCA20220601 - Cambio en el valor de requesttimeout-->
            <method>PATCH</method>
            <url ignoreSSL="true">{url}/ResourceConfigurationREST/resourceConfiguration/{template}</url>
            <args>
              <arg type="path" id="url">
              <value type="parameter" parameterid="par_url_bus"/>
            </arg>
            <arg type="path" id="template">
              <value type="parameter" parameterid="par_radius_generic_template"/>
            </arg>
            <arg type="header" id="Content-Type">
              <value type="value"><content>application/json</content></value>
              </arg>
              <arg type="header" id="Accept">
              <value type="value"><content>application/json</content></value>
            </arg>
            <arg type="header" id="X-IBM-Client-Id">
              <value type="parameter" parameterid="par_bus_clientid"/>
            </arg>
            <arg type="header" id="X-VF-API-Process">
              <value type="value"><content>Desactivar_NAT</content></value>
            </arg>
          </args>
          <body contenttype="text">
            <text>
              <value type="value"><content><![CDATA[[{"op":"replace","path":"$.resource[*].extraId[schemeName='SERVICE_ID'].value","value":{"value":"]]></content></value>
              <value type="argument" argumentid="arg_service_id"/>
              <value type="value"><content><![CDATA["}},{"op":"replace","path":"$.resource[*].extraId[schemeName='USERNAME'].value","value":{"value":"]]></content></value>
              <value type="argument" argumentid="arg_username"/>
              <value type="value"><content><![CDATA["}}]]]></content></value>
            </text>
          </body>
          <response type="json"/>
        </endpoint>

        <!--DBC_20210309_INCX_010_3 Nuevos CR y Req VF Inicio Apis para acciones-->
        <!-- Activar_NAT de RADIUS -->
          <endpoint id="activar_nat" verbose="true" lazy="true" type="ws" connecttimeout="20000" requesttimeout="9000"><!--CCA20220601 - Cambio en el valor de requesttimeout-->
            <method>PATCH</method>
            <url ignoreSSL="true">{url}/ResourceConfigurationREST/resourceConfiguration/{template}</url>
            <args>
              <arg type="path" id="url">
              <value type="parameter" parameterid="par_url_bus"/>
            </arg>
            <arg type="path" id="template">
              <value type="parameter" parameterid="par_radius_generic_template"/>
            </arg>
            <arg type="header" id="Content-Type">
              <value type="value"><content>application/json</content></value>
              </arg>
              <arg type="header" id="Accept">
              <value type="value"><content>application/json</content></value>
            </arg>
            <arg type="header" id="X-IBM-Client-Id">
              <value type="parameter" parameterid="par_bus_clientid"/>
            </arg>
            <arg type="header" id="X-VF-API-Process">
              <value type="value"><content>Activar_NAT</content></value>
            </arg>
          </args>
          <body contenttype="text">
            <text>
              <value type="value"><content><![CDATA[[{"op":"replace","path":"$.resource[*].extraId[schemeName='SERVICE_ID'].value","value":{"value":"]]></content></value>
              <value type="argument" argumentid="arg_service_id"/>
              <value type="value"><content><![CDATA["}},{"op":"replace","path":"$.resource[*].extraId[schemeName='USERNAME'].value","value":{"value":"]]></content></value>
              <value type="argument" argumentid="arg_username"/>
              <value type="value"><content><![CDATA["}}]]]></content></value>
            </text>
          </body>
          <response type="json"/>
        </endpoint>

        <!-- ResetSesion -->
		<endpoint id="resetsession" verbose="true" lazy="true" type="ws" connecttimeout="4000" requesttimeout="4000"><!--CCA20231117 - SP3312-->
            <method>PATCH</method>
            <url ignoreSSL="true">{url}/ResourceConfigurationREST/resourceConfiguration/{datalogin}</url>
            <args>
              <arg type="path" id="url">
              <value type="parameter" parameterid="par_url_bus"/>
            </arg>
            <arg type="path" id="datalogin">
              <value type="parameter" parameterid="par_radius_datalogin"/>
            </arg>
            <arg type="header" id="Content-Type">
              <value type="value"><content>application/json</content></value>
              </arg>
              <arg type="header" id="Accept">
              <value type="value"><content>application/json</content></value>
            </arg>
            <arg type="header" id="X-IBM-Client-Id">
              <value type="parameter" parameterid="par_bus_clientid"/>
            </arg>
            <arg type="header" id="X-VF-API-Process">
              <value type="value"><content>ResetSession</content></value>
            </arg>
          </args>
          <response type="json"/>
        </endpoint>
        <!--DBC_20210309_INCX_010_3 Nuevos CR y Req VF Fin Apis para acciones-->

	    </endpoints>
		</action>
	</connectivity>

    <parameters>

    	<!-- ENDPOINT REQUEST PARAMS -->
    		<parameter id="par_url_bus" techview="never">
                <contents>
                    <value type="lookup">url_list</value>
                </contents>
                <sequence>
                  <operation type="row_delimiter">
                  	<args><arg><value type="value">;</value></arg></args>
                  </operation>
                  <operation type="column_delimiter">
                  	<args><arg><value type="value">,</value></arg></args>
                  </operation>
                  <operation type="column_index">
                  	<args><arg><value type="value">1</value></arg></args>                  
                  </operation>
                  <operation type="column_equal">
                  	<args><arg><value type="value">url_bus</value></arg></args>
                  </operation>
                  <operation type="column_selector">
                  	<args><arg><value type="value">2</value></arg></args>
                  </operation>
                </sequence>
            </parameter>

            <parameter id="par_bus_clientid" techview="never">
                <contents>
                    <value type="lookup">url_list</value>
                </contents>
                 <sequence>
                  <operation type="row_delimiter">
                  	<args><arg><value type="value">;</value></arg></args>
                  </operation>
                  <operation type="column_delimiter">
                  	<args><arg><value type="value">,</value></arg></args>
                  </operation>
                  <operation type="column_index">
                  	<args><arg><value type="value">1</value></arg></args>                  
                  </operation>
                  <operation type="column_equal">
                  	<args><arg><value type="value">url_bus</value></arg></args>
                  </operation>
                  <operation type="column_selector">
                  	<args><arg><value type="value">3</value></arg></args>
                  </operation>
                </sequence>
            </parameter>

            <parameter id="par_template_pool" techview="never">
                <contents>
                    <value type="lookup">speed_list</value>
                </contents>
                <sequence>
                  <operation type="row_delimiter">
                  	<args><arg><value type="value">;</value></arg></args>
                  </operation>
                  <operation type="column_delimiter">
                  	<args><arg><value type="value">,</value></arg></args>
                  </operation>
                  <operation type="column_index">
                  	<args><arg><value type="value">1</value></arg></args>                  
                  </operation>
                  <operation type="column_equal">
                  	<args><arg><value type="parameter">par_radius_generic_template</value></arg></args>
                  </operation>
                  <operation type="column_selector">
                  	<args><arg><value type="value">6</value></arg></args>
                  </operation>
                </sequence>                	
            </parameter>

            <parameter id="par_template_pool_nat" techview="never">
                <contents>
                    <value type="lookup">speed_list</value>
                </contents>
                <sequence>
                  <operation type="row_delimiter">
                  	<args><arg><value type="value">;</value></arg></args>
                  </operation>
                  <operation type="column_delimiter">
                  	<args><arg><value type="value">,</value></arg></args>
                  </operation>
                  <operation type="column_index">
                  	<args><arg><value type="value">1</value></arg></args>                  
                  </operation>
                  <operation type="column_equal">
                  	<args><arg><value type="parameter">par_radius_generic_template</value></arg></args>
                  </operation>
                  <operation type="column_selector">
                  	<args><arg><value type="value">10</value></arg></args>
                  </operation>
                </sequence>                
            </parameter>

            <parameter id="par_template_perfil" techview="never">
                <contents>
                    <value type="lookup">speed_list</value>
                </contents>
                <sequence>
                  <operation type="row_delimiter">
                  	<args><arg><value type="value">;</value></arg></args>
                  </operation>
                  <operation type="column_delimiter">
                  	<args><arg><value type="value">,</value></arg></args>
                  </operation>
                  <operation type="column_index">
                  	<args><arg><value type="value">1</value></arg></args>                  
                  </operation>
                  <operation type="column_equal">
                  	<args><arg><value type="parameter">par_radius_generic_template</value></arg></args>
                  </operation>
                  <operation type="column_selector">
                  	<args><arg><value type="value">8</value></arg></args>
                  </operation>
                </sequence>                
            </parameter>

            <parameter id="par_template_perfil_nat" techview="never">
                <contents>
                    <value type="lookup">speed_list</value>
                </contents>
                <sequence>
                  <operation type="row_delimiter">
                  	<args><arg><value type="value">;</value></arg></args>
                  </operation>
                  <operation type="column_delimiter">
                  	<args><arg><value type="value">,</value></arg></args>
                  </operation>
                  <operation type="column_index">
                  	<args><arg><value type="value">1</value></arg></args>                  
                  </operation>
                  <operation type="column_equal">
                  	<args><arg><value type="parameter">par_radius_generic_template</value></arg></args>
                  </operation>
                  <operation type="column_selector">
                  	<args><arg><value type="value">9</value></arg></args>
                  </operation>
                </sequence>                
            </parameter>

            <parameter id="par_template_realspeed" techview="never">
                <contents>
                    <value type="lookup">speed_list</value>
                </contents>
                <sequence>
                  <operation type="row_delimiter">
                  	<args><arg><value type="value">;</value></arg></args>
                  </operation>
                  <operation type="column_delimiter">
                  	<args><arg><value type="value">,</value></arg></args>
                  </operation>
                  <operation type="column_index">
                  	<args><arg><value type="value">1</value></arg></args>                  
                  </operation>
                  <operation type="column_equal">
                  	<args><arg><value type="parameter">par_radius_generic_template</value></arg></args>
                  </operation>
                  <operation type="column_selector">
                  	<args><arg><value type="value">11</value></arg></args>
                  </operation>
                </sequence>
            </parameter>

            <!-- Valor introducido para lanzar el trb -->
            <parameter id="par_radius_generic_template" type="value" techview="never">
                <contents>
                	<value type="parameter" role="front">par_generic_template</value>
                    <!--<operation type="value">X1-PPP-35</operation>-->
                </contents>
            </parameter>
            
            <parameter id="par_radius_datalogin" type="value" techview="never">
                <contents>
                    <value type="parameter" role="front">par_inet_data_login</value>
                    <!--<operation type="value">VFAF0000000089708@vodafone</operation>-->
                </contents>
            </parameter>

            <parameter id="par_radius_service_id" type="value" techview="never">
                <contents>
                    <value type="parameter" role="front">par_grc_service_id</value>
					<!--<operation type="value">VFAF0000000089708</operation>-->
                    <!--<operation type="value">LWN1927011160</operation>-->
                </contents>
            </parameter>

			<parameter id="par_radius_access_type" type="value" techview="never">
                <contents>
                    <value type="parameter" role="front">par_access_type</value>
                    <!--<operation type="value">NEBAL</operation>-->
                </contents>
            </parameter>

            <parameter id="par_radius_serviceid_data_password" type="value" techview="never">
                <contents>
                  <value type="parameter" role="front">par_grc_serviceid_data_password</value>
                </contents>
            </parameter>
			
	</parameters>
  <checks/>
</template>