<?xml version='1.0' encoding='UTF-8'?>
<template infosource="dslam" version="2.0" type="infosource">
    <!-- ############################################################################################## --> 
    <!-- Version 1.0                                                                                    -->
    <!--  - Version de partida                                                                          -->
    <!-- ############################################################################################## -->

    <connectivity>
        <troubleshoot>
            <endpoints connecttimeout="3000" requesttimeout="20000">
                <!--Diagnostico_Estado_Linea-->
                <endpoint type="ws" id="EstadoLinea" verbose="true" lazy="true" connecttimeout="4000" requesttimeout="9000"><!--CCA20220531 - Cambia el valor de requesttimeout-->
                    <method>POST</method>
                    <url ignoreSSL="true">{url}/ResourceConfigurationREST/resourceConfiguration/search</url>
                    <args>
                        <arg type="path" id="url">
                            <value type="parameter" parameterid="par_url_bus"/>
                        </arg>
                        <arg type="header" id="Accept">
                            <value type="value"><content>application/json</content></value>
                        </arg>
                        <arg type="header" id="X-IBM-Client-Id">
                            <value type="parameter" parameterid="par_bus_clientid"/>
                        </arg>
                        <arg type="header" id="X-VF-API-Process">
                            <value type="value"><content>Diagnostico_Estado_Linea</content></value>
                        </arg>
                        <arg type="header" id="Content-Type">
                            <value type="value"><content>application/json</content></value>
                        </arg>
                    </args>
                    <body contenttype="text">
                        <text>
                            <value type="value"><content><![CDATA[{"queries":[{"query":"$.relatedResourceConfiguration[*].extraId[schemeName='DSLAM_NAME'].value=]]></content></value>
                            <value type="parameter" role="front" parameterid="par_dslam_name"/>
                            <value type="value"><content><![CDATA["},{"query":"$.relatedResourceConfiguration[*].extraId[schemeName='RACK'].value=]]></content></value>
                            <value type="parameter" role="front" parameterid="par_dslam_rack"/>
                            <value type="value"><content><![CDATA["},{"query":"$.relatedResourceConfiguration[*].extraId[schemeName='SUBRACK'].value=]]></content></value>
                            <value type="parameter" role="front" parameterid="par_dslam_subrack"/>
                            <value type="value"><content><![CDATA["},{"query":"$.relatedResourceConfiguration[*].extraId[schemeName='CARD'].value=]]></content></value>
                            <value type="parameter" role="dslam" parameterid="par_dslam_card_del_selt"/>
                            <value type="value"><content><![CDATA["},{"query":"$.relatedResourceConfiguration[*].extraId[schemeName='PORT'].value=]]></content></value>
                            <value type="parameter" role="front" parameterid="par_xdsl_port"/>
                            <value type="value"><content><![CDATA["}]}]]></content></value>
                        </text>
                    </body>
                    <response type="json"/>
                </endpoint>
                <!--Verificar_PuertoYServicio-->
                <endpoint type="ws" id="VPyS" verbose="true" lazy="true" connecttimeout="4000" requesttimeout="19000"><!--CCA20220531 - Cambia el valor de requesttimeout-->
                    <method>POST</method>
                    <url ignoreSSL="true">{url}/ResourceConfigurationREST/resourceConfiguration/search</url>
                    <args>
                        <arg type="path" id="url">
                            <value type="parameter" parameterid="par_url_bus"/>
                        </arg>
                        <arg type="header" id="Accept">
                            <value type="value"><content>application/json</content></value>
                        </arg>
                        <arg type="header" id="X-IBM-Client-Id">
                            <value type="parameter" parameterid="par_bus_clientid"/>
                        </arg>
                        <arg type="header" id="X-VF-API-Process">
                            <value type="value"><content>Verificar_PuertoYServicio</content></value>
                        </arg>
                        <arg type="header" id="Content-Type">
                            <value type="value"><content>application/json</content></value>
                        </arg>
                    </args>
                    <body contenttype="text">
                        <text>
                            <value type="value"><content><![CDATA[{"queries":[{"query":"$.relatedResourceConfiguration[*].extraId[schemeName='DSLAM_NAME'].value=]]></content></value>
                            <value type="parameter" role="front" parameterid="par_dslam_name"/>
                            <value type="value"><content><![CDATA["},{"query":"$.relatedResourceConfiguration[*].extraId[schemeName='TEMPLATE'].value=]]></content></value>
                            <value type="parameter" role="front" parameterid="par_dslam_template"/>
                            <value type="value"><content><![CDATA["},{"query":"$.relatedResourceConfiguration[*].extraId[schemeName='RACK'].value=]]></content></value>
                            <value type="parameter" role="front" parameterid="par_dslam_rack"/>
                            <value type="value"><content><![CDATA["},{"query":"$.relatedResourceConfiguration[*].extraId[schemeName='SUBRACK'].value=]]></content></value>
                            <value type="parameter" role="front" parameterid="par_dslam_subrack"/>
                            <value type="value"><content><![CDATA["},{"query":"$.relatedResourceConfiguration[*].extraId[schemeName='CARD'].value=]]></content></value>
                            <value type="parameter" role="front" parameterid="par_dslam_card"/>
                            <value type="value"><content><![CDATA["},{"query":"$.relatedResourceConfiguration[*].extraId[schemeName='PORT'].value=]]></content></value>
                            <value type="parameter" role="front" parameterid="par_xdsl_port"/>
                            <value type="value"><content><![CDATA["}]}]]></content></value>
                        </text>
                    </body>
                    <response type="json"/>
                </endpoint>
                <!--Consultar_Param_Fisicos-->
                <endpoint type="ws" id="CPFis" verbose="true" lazy="true" connecttimeout="4000" requesttimeout="20000">
                    <method>POST</method>
                    <url ignoreSSL="true">{url}/ResourceConfigurationREST/resourceConfiguration/search</url>
                    <args>
                        <arg type="path" id="url">
                            <value type="parameter" parameterid="par_url_bus"/>
                        </arg>
                        <arg type="header" id="Accept">
                            <value type="value"><content>application/json</content></value>
                        </arg>
                        <arg type="header" id="X-IBM-Client-Id">
                            <value type="parameter" parameterid="par_bus_clientid"/>
                        </arg>
                        <arg type="header" id="X-VF-API-Process">
                            <value type="value"><content>Consultar_param_fisicos</content></value>
                        </arg>
                        <arg type="header" id="Content-Type">
                            <value type="value"><content>application/json</content></value>
                        </arg>
                    </args>
                    <body contenttype="text">
                        <text>
                            <value type="value"><content><![CDATA[{"queries":[{"query":"$.relatedResourceConfiguration[*].extraId[schemeName='DSLAM_NAME'].value=]]></content></value>
                            <value type="parameter" role="front" parameterid="par_dslam_name"/>
                            <value type="value"><content><![CDATA["},{"query":"$.relatedResourceConfiguration[*].extraId[schemeName='RACK'].value=]]></content></value>
                            <value type="parameter" role="front" parameterid="par_dslam_rack"/>
                            <value type="value"><content><![CDATA["},{"query":"$.relatedResourceConfiguration[*].extraId[schemeName='SUBRACK'].value=]]></content></value>
                            <value type="parameter" role="front" parameterid="par_dslam_subrack"/>
                            <value type="value"><content><![CDATA["},{"query":"$.relatedResourceConfiguration[*].extraId[schemeName='CARD'].value=]]></content></value>
                            <value type="parameter" role="front" parameterid="par_dslam_card"/>
                            <value type="value"><content><![CDATA["},{"query":"$.relatedResourceConfiguration[*].extraId[schemeName='PORT'].value=]]></content></value>
                            <value type="parameter" role="front" parameterid="par_xdsl_port"/>
                            <value type="value"><content><![CDATA["},{"query":"$.relatedResourceConfiguration[*].extraId[schemeName='TEMPLATE'].value=]]></content></value>
                            <value type="parameter" role="front" parameterid="par_dslam_template"/>
                            <value type="value"><content><![CDATA["}]}]]></content></value>
                        </text>
                    </body>
                    <response type="json"/>
                </endpoint>

                <!--Diagnostico_SELT no definido todavía-->
                <endpoint type="ws" id="DSELT" verbose="true" lazy="true" connecttimeout="4000" requesttimeout="78000"><!--CCA20220531 - Cambia el valor de requesttimeout-->
                    <method>POST</method>
                    <url ignoreSSL="true">{url}/ResourceConfigurationREST/resourceConfiguration/search</url>
                    <args>
                        <arg type="path" id="url">
                            <value type="parameter" parameterid="par_url_bus"/>
                        </arg>
                        <arg type="header" id="Accept">
                            <value type="value"><content>application/json</content></value>
                        </arg>
                        <arg type="header" id="X-IBM-Client-Id">
                            <value type="parameter" parameterid="par_bus_clientid"/>
                        </arg>
                        <arg type="header" id="X-VF-API-Process">
                            <value type="value"><content>Diagnostico_SELT</content></value>
                        </arg>
                        <arg type="header" id="Content-Type">
                            <value type="value"><content>application/json</content></value>
                        </arg>
                    </args>
                    <body contenttype="text">
                        <text>
                            <value type="value"><content><![CDATA[{
               "queries":  [
                              {
                                            "query":  "$.relatedResourceConfiguration[*].extraId[schemeName='capacityEstimateProfileName'].value=ADSL2+oISDN"
                              },
                              {
                                            "query":  "$.relatedResourceConfiguration[*].extraId[schemeName='enableBridgeTapDetection'].value=true"
                              },
                              {
                                            "query":  "$.relatedResourceConfiguration[*].extraId[schemeName='executeQlnMeasurement'].value=false"
                              },                           
                              {
                                            "query":  "$.relatedResourceConfiguration[*].extraId[schemeName='qlnMeasurementDuration'].value=10"
                              },
                              {
                                            "query":  "$.relatedResourceConfiguration[*].extraId[schemeName='forceSeltMeasurement'].value=false"
                              },
                              {
                                            "query":  "$.relatedResourceConfiguration[*].extraId[schemeName='description'].value=SELT launched by John Smith from field using hand-held device"
                              },
                              {
                                            "query":  "$.relatedResourceConfiguration[*].extraId[schemeName='DSLAM_NAME'].value=]]></content></value>
                            <value type="parameter" role="front" parameterid="par_dslam_name"/>
                            <value type="value"><content><![CDATA["},{"query":"$.relatedResourceConfiguration[*].extraId[schemeName='RACK'].value=]]></content></value>
                            <value type="parameter" role="front" parameterid="par_dslam_rack"/>
                            <value type="value"><content><![CDATA["},{"query":"$.relatedResourceConfiguration[*].extraId[schemeName='SUBRACK'].value=]]></content></value>
                            <value type="parameter" role="front" parameterid="par_dslam_subrack"/>
                            <value type="value"><content><![CDATA["},{"query":"$.relatedResourceConfiguration[*].extraId[schemeName='CARD'].value=]]></content></value>
                            <value type="parameter" role="front" parameterid="par_dslam_card"/>
                            <value type="value"><content><![CDATA["},{"query":"$.relatedResourceConfiguration[*].extraId[schemeName='PORT'].value=]]></content></value>
                            <value type="parameter" role="front" parameterid="par_xdsl_port"/>
                            <value type="value"><content><![CDATA["},{"query":"$.relatedResourceConfiguration[*].extraId[schemeName='TEMPLATE'].value=]]></content></value>
                            <value type="parameter" role="front" parameterid="par_dslam_template"/>
                            <value type="value"><content><![CDATA["}]}]]></content></value>
                        </text>
                    </body>
                    <response type="json"/>
                </endpoint>

            </endpoints>
        </troubleshoot>
        <action>
            <endpoints connecttimeout="3000" requesttimeout="20000">
                <!-- Provision_Puertos -->
                <endpoint type="ws" id="ProvisionPuertos" verbose="true" lazy="true" connecttimeout="4000" requesttimeout="23000"><!--CCA20220531 - Cambia el valor de requesttimeout-->
                    <method>PATCH</method>
                    <url ignoreSSL="true">{url}/ResourceConfigurationREST/resourceConfiguration/{dslamname}</url>
                    <args>
                        <arg type="path" id="url">
                            <value type="parameter" parameterid="par_url_bus"/>
                        </arg>
                        <arg type="path" id="dslamname">
                            <value type="argument" argumentid="arg_dslam_name"/>
                        </arg>
                        <arg type="header" id="Content-Type">
                            <value type="value"><content>application/json</content></value>
                        </arg>
                        <arg type="header" id="Accept">
                            <value type="value"><content>application/json</content></value>
                        </arg>
                        <arg type="header" id="X-IBM-Client-Id">
                            <value type="parameter" parameterid="par_bus_clientid"/>
                        </arg>
                        <arg type="header" id="X-VF-API-Process">
                            <value type="value"><content>Provision_Puertos</content></value>
                        </arg>
                    </args>
                    <body contenttype="text">
                        <text>
                            <value type="value"><content><![CDATA[[{"op":"replace","path":"$.relatedResourceConfiguration[*].extraId[schemeName='RACK']","value":{"value":"]]></content></value>
                            <value type="argument" argumentid="arg_dslam_rack"/>
                            <!--<value type="value"><content><![CDATA["}},{"op":"replace","path":"$.relatedResourceConfiguration[*].extraId[schemeName='Modelo_DSLAM']","value":{"value":"]]></content></value>
                            <value type="argument" argumentid="arg_dslam_modelo"/>-->
                            <value type="value"><content><![CDATA["}},{"op":"replace","path":"$.relatedResourceConfiguration[*].extraId[schemeName='SUBRACK']","value":{"value":"]]></content></value>
                            <value type="argument" argumentid="arg_dslam_subrack"/>
                            <value type="value"><content><![CDATA["}},{"op":"replace","path":"$.relatedResourceConfiguration[*].extraId[schemeName='CARD']","value":{"value":"]]></content></value>
                            <value type="argument" argumentid="arg_dslam_card"/>
                            <value type="value"><content><![CDATA["}},{"op":"replace","path":"$.relatedResourceConfiguration[*].extraId[schemeName='PORT']","value":{"value":"]]></content></value>
                            <value type="argument" argumentid="arg_xdsl_port"/>
                            <value type="value"><content><![CDATA["}},{"op":"replace","path":"$.relatedResourceConfiguration[*].extraId[schemeName='SERVICE_ID']","value":{"value":"]]></content></value>
                            <value type="argument" argumentid="arg_dslam_service_id"/>
                            <value type="value"><content><![CDATA["}},{"op":"replace","path":"$.relatedResourceConfiguration[*].extraId[schemeName='TEMPLATE']","value":{"value":"]]></content></value>
                            <value type="argument" argumentid="arg_dslam_template"/>
                            <value type="value"><content><![CDATA["}},{"op":"replace","path":"$.relatedResourceConfiguration[*].extraId[schemeName='SERVICE_TYPE']","value":{"value":"]]></content></value>
                            <value type="argument" argumentid="arg_service_type"/>
                            <value type="value"><content><![CDATA["}}]]]></content></value>
                        </text>
                    </body>
                    <response type="json"/>
                </endpoint>
                <!-- Desprovision_Puertos -->
                <endpoint type="ws" id="DesprovisionPuertos" verbose="true" lazy="true" connecttimeout="4000" requesttimeout="20000">
                    <method>PATCH</method>
                    <url ignoreSSL="true">{url}/ResourceConfigurationREST/resourceConfiguration/{dslamname}</url>
                    <args>
                        <arg type="path" id="url">
                            <value type="parameter" parameterid="par_url_bus"/>
                        </arg>
                        <arg type="path" id="dslamname">
                            <value type="argument" argumentid="arg_dslam_name"/>
                        </arg>
                        <arg type="header" id="Content-Type">
                            <value type="value"><content>application/json</content></value>
                        </arg>
                        <arg type="header" id="Accept">
                            <value type="value"><content>application/json</content></value>
                        </arg>
                        <arg type="header" id="X-IBM-Client-Id">
                            <value type="parameter" parameterid="par_bus_clientid"/>
                        </arg>
                        <arg type="header" id="X-VF-API-Process">
                            <value type="value"><content>Desprovision_Puertos</content></value>
                        </arg>
                    </args>
                    <body contenttype="text">
                        <text>
                            <value type="value"><content><![CDATA[[{"op":"replace","path":"$.relatedResourceConfiguration[*].extraId[schemeName='RACK']","value":{"value":"]]></content></value>
                            <value type="argument" argumentid="arg_dslam_rack"/>
                            <!--<value type="value"><content><![CDATA["}},{"op":"replace","path":"$.relatedResourceConfiguration[*].extraId[schemeName='Modelo_DSLAM']","value":{"value":"]]></content></value>
                            <value type="argument" argumentid="arg_dslam_modelo"/>-->
                            <value type="value"><content><![CDATA["}},{"op":"replace","path":"$.relatedResourceConfiguration[*].extraId[schemeName='SUBRACK']","value":{"value":"]]></content></value>
                            <value type="argument" argumentid="arg_dslam_subrack"/>
                            <value type="value"><content><![CDATA["}},{"op":"replace","path":"$.relatedResourceConfiguration[*].extraId[schemeName='CARD']","value":{"value":"]]></content></value>
                            <value type="argument" argumentid="arg_dslam_card"/>
                            <value type="value"><content><![CDATA["}},{"op":"replace","path":"$.relatedResourceConfiguration[*].extraId[schemeName='PORT']","value":{"value":"]]></content></value>
                            <value type="argument" argumentid="arg_xdsl_port"/>
                            <value type="value"><content><![CDATA["}},{"op":"replace","path":"$.relatedResourceConfiguration[*].extraId[schemeName='TEMPLATE']","value":{"value":"]]></content></value>
                            <value type="argument" argumentid="arg_dslam_template"/>
                            <value type="value"><content><![CDATA["}}]]]></content></value>
                        </text>
                    </body>
                    <response type="json"/>
                </endpoint>
                <!-- Reiniciar_Puertos -->
                <endpoint type="ws" id="ReiniciarPuertos" verbose="true" lazy="true" connecttimeout="4000" requesttimeout="12000"><!--CCA20220531 - Cambia el valor de requesttimeout-->
                    <method>PATCH</method>
                    <url ignoreSSL="true">{url}/ResourceConfigurationREST/resourceConfiguration/{dslamname}</url>
                    <args>
                        <arg type="path" id="url">
                            <value type="parameter" parameterid="par_url_bus"/>
                        </arg>
                        <arg type="path" id="dslamname">
                            <value type="argument" argumentid="arg_dslam_name"/>
                        </arg>
                        <arg type="header" id="Content-Type">
                            <value type="value"><content>application/json</content></value>
                        </arg>
                        <arg type="header" id="Accept">
                            <value type="value"><content>application/json</content></value>
                        </arg>
                        <arg type="header" id="X-IBM-Client-Id">
                            <value type="parameter" parameterid="par_bus_clientid"/>
                        </arg>
                        <arg type="header" id="X-VF-API-Process">
                            <value type="value"><content>Reiniciar_Puertos</content></value>
                        </arg>
                    </args>
                    <body contenttype="text">
                        <text>
                            <value type="value"><content><![CDATA[[{"op":"replace","path":"$.relatedResourceConfiguration[*].extraId[schemeName='RACK']","value":{"value":"]]></content></value>
                            <value type="argument" argumentid="arg_dslam_rack"/>
                            <value type="value"><content><![CDATA["}},{"op":"replace","path":"$.relatedResourceConfiguration[*].extraId[schemeName='SUBRACK']","value":{"value":"]]></content></value>
                            <value type="argument" argumentid="arg_dslam_subrack"/>
                            <value type="value"><content><![CDATA["}},{"op":"replace","path":"$.relatedResourceConfiguration[*].extraId[schemeName='CARD']","value":{"value":"]]></content></value>
                            <value type="argument" argumentid="arg_dslam_card"/>
                            <value type="value"><content><![CDATA["}},{"op":"replace","path":"$.relatedResourceConfiguration[*].extraId[schemeName='PORT']","value":{"value":"]]></content></value>
                            <value type="argument" argumentid="arg_xdsl_port"/>
                            <value type="value"><content><![CDATA["}},{"op":"replace","path":"$.relatedResourceConfiguration[*].extraId[schemeName='TEMPLATE']","value":{"value":"]]></content></value>
                            <value type="argument" argumentid="arg_dslam_template"/>
                            <value type="value"><content><![CDATA["}}]]]></content></value>
                        </text>
                    </body>
                    <response type="json"/>
                </endpoint>
                <!-- Cambiar_Perfil -->
                <endpoint type="ws" id="CambiarPerfil" verbose="true" lazy="true" connecttimeout="4000" requesttimeout="8000"><!--CCA20220531 - Cambia el valor de requesttimeout-->
                    <method>PATCH</method>
                    <url ignoreSSL="true">{url}/ResourceConfigurationREST/resourceConfiguration/{dslamname}</url>
                    <args>
                        <arg type="path" id="url">
                            <value type="parameter" parameterid="par_url_bus"/>
                        </arg>
                        <arg type="path" id="dslamname">
                            <value type="argument" argumentid="arg_dslam_name"/>
                        </arg>
                        <arg type="header" id="Content-Type">
                            <value type="value"><content>application/json</content></value>
                        </arg>
                        <arg type="header" id="Accept">
                            <value type="value"><content>application/json</content></value>
                        </arg>
                        <arg type="header" id="X-IBM-Client-Id">
                            <value type="parameter" parameterid="par_bus_clientid"/>
                        </arg>
                        <arg type="header" id="X-VF-API-Process">
                            <value type="value"><content>Cambiar_Perfil</content></value>
                        </arg>
                    </args>
                    <body contenttype="text">
                        <text>
                            <value type="value"><content><![CDATA[[{"op":"replace","path":"$.relatedResourceConfiguration[*].extraId[schemeName='RACK']","value":{"value":"]]></content></value>
                            <value type="argument" argumentid="arg_dslam_rack"/>
                            <value type="value"><content><![CDATA["}},{"op":"replace","path":"$.relatedResourceConfiguration[*].extraId[schemeName='SUBRACK']","value":{"value":"]]></content></value>
                            <value type="argument" argumentid="arg_dslam_subrack"/>
                            <value type="value"><content><![CDATA["}},{"op":"replace","path":"$.relatedResourceConfiguration[*].extraId[schemeName='CARD']","value":{"value":"]]></content></value>
                            <value type="argument" argumentid="arg_dslam_card"/>
                            <value type="value"><content><![CDATA["}},{"op":"replace","path":"$.relatedResourceConfiguration[*].extraId[schemeName='PORT']","value":{"value":"]]></content></value>
                            <value type="argument" argumentid="arg_xdsl_port"/>
                            <value type="value"><content><![CDATA["}},{"op":"replace","path":"$.relatedResourceConfiguration[*].extraId[schemeName='TEMPLATE']","value":{"value":"]]></content></value>
                            <value type="argument" argumentid="arg_dslam_template"/>
                            <value type="value"><content><![CDATA["}}]]]></content></value>
                        </text>
                    </body>
                    <response type="json"/>
                </endpoint>
            </endpoints>
        </action>
    </connectivity>

    <parameters>

        <!-- ENDPOINT REQUEST PARAMS -->
            <parameter id="par_url_bus" techview="never">
                <contents>
                    <value type="lookup">url_list</value>
                </contents>
                <sequence>
                  <operation type="row_delimiter">
                    <args><arg><value type="value">;</value></arg></args>
                  </operation>
                  <operation type="column_delimiter">
                    <args><arg><value type="value">,</value></arg></args>
                  </operation>
                  <operation type="column_index">
                    <args><arg><value type="value">1</value></arg></args>
                  </operation>
                  <operation type="column_equal">
                    <args><arg><value type="value">url_bus</value></arg></args>
                  </operation>
                  <operation type="column_selector">
                    <args><arg><value type="value">2</value></arg></args>
                  </operation>
                </sequence>
            </parameter>

            <parameter id="par_url_biztalk" techview="never">
                <contents>
                    <value type="lookup">url_list</value>
                </contents>
                <sequence>
                  <operation type="row_delimiter">
                    <args><arg><value type="value">;</value></arg></args>
                  </operation>
                  <operation type="column_delimiter">
                    <args><arg><value type="value">,</value></arg></args>
                  </operation>
                  <operation type="column_index">
                    <args><arg><value type="value">1</value></arg></args>
                  </operation>
                  <operation type="column_equal">
                    <args><arg><value type="value">url_biztalk</value></arg></args>
                  </operation>
                  <operation type="column_selector">
                    <args><arg><value type="value">2</value></arg></args>
                  </operation>
                </sequence>
            </parameter>

            <parameter id="par_bus_clientid" techview="never">
                <contents>
                    <value type="lookup">url_list</value>
                </contents>
                <sequence>
                  <operation type="row_delimiter">
                    <args><arg><value type="value">;</value></arg></args>
                  </operation>
                  <operation type="column_delimiter">
                    <args><arg><value type="value">,</value></arg></args>
                  </operation>
                  <operation type="column_index">
                    <args><arg><value type="value">1</value></arg></args>
                  </operation>
                  <operation type="column_equal">
                    <args><arg><value type="value">url_bus</value></arg></args>
                  </operation>
                  <operation type="column_selector">
                    <args><arg><value type="value">3</value></arg></args>
                  </operation>
                </sequence>
            </parameter>
            

            <!-- Valor introducido para lanzar el trb -->
            <parameter id="par_dslam_service_id" type="value" name="ID Servicio">
                <contents>
                    <value type="parameter" role="front">par_grc_service_id</value>
                </contents>
            </parameter>

            <parameter id="par_inet_data_login" type="value" techview="never">

                <contents>
                    <value type="parameter" role="front">par_inet_data_login</value>
                </contents>
            </parameter>

            <parameter id="par_is_dslam_name" type="value" techview="never">
                <contents>
                    <operation type="parameter" role="dslam">par_dslam_name</operation>
                </contents>
            </parameter>

            <parameter id="par_client_type" type="value" techview="never">
                <contents>
                    <operation type="value">PPP</operation>
                </contents>
            </parameter>

            <parameter id="par_invent_remoteid" type="value" techview="never">
                <contents>
                    <value type="parameter" role="front">par_invent_remoteid</value>
                </contents>
            </parameter>            
    </parameters>
    <checks></checks>
</template>