<?xml version='1.0' encoding='UTF-8'?>
<template role="cpe" parent="role_cpe" version="2.4" type="role">

    <!-- ################################################################################ -->
    <!-- ##########################   PARAMETROS ######################################## -->
    <!-- ################################################################################ -->

    <parameters>

       <!--FCS20210422_REQ_005_1_3 Par aux front tecnologia-->
        <parameter id="par_front_access_type_aux" type="value">
          <contents>
            <value type="parameter" role="front">par_access_type</value>
          </contents>
        </parameter>

        <!--FCS20210422_REQ_005_1_3 Par front tecnologia-->
        <parameter id="par_front_access_type" type="value">
          <contents>
            <value type="parameter">par_front_access_type_aux</value>
          </contents>
          <sequence>
            <operation type="replace_pattern">
              <args><arg><value type="value">(VDSL|NEBAF|NEBAL|NEBAC|FTTH|HFC|xDSL AI)@to@TechUnknown</value></arg></args>
            </operation>
          </sequence>
        </parameter>

        <!--FCS20210422_REQ_005_1_3 Numero de parametros que se envian a par_query_params_CPE-->
        <parameter id="par_number_of_cpe_parameters" type="value">
          <contents>
			<!-- JJSM 20230728 - Optimizacion - Se elimina linea de Hosts -->
            <value type="value">TechUnknown,9;</value><!--DCL20210720 - INC000042214120 Antes 5-->
            <value type="value">ADSL,10;</value>
			<!-- JJSM 20230728 - Optimizacion - Se elimina linea de Hosts -->
		  </contents>
          <sequence>
            <operation type="row_delimiter">
              <args><arg><value type="value">;</value></arg></args>
            </operation>
            <operation type="column_delimiter">
              <args><arg><value type="value">,</value></arg></args>
            </operation>
            <operation type="column_index">
              <args><arg><value type="value">1</value></arg></args>
            </operation>
            <operation type="column_equal">
              <args><arg><value type="parameter">par_front_access_type</value></arg></args>
            </operation>
            <operation type="column_selector">
              <args><arg><value type="value">2</value></arg></args>
            </operation>
          </sequence>
        </parameter>

        <!--FCS20210422_REQ_005_1_3 parametro de query wan a par_query_params_CPE-->
        <parameter id="par_query_wan_parameters" type="value">
          <contents>
            <value type="value">TechUnknown; </value>
            <value type="value">#</value>
            <value type="value">ADSL;<![CDATA[{"query":"$.characteristic[*].characteristicsValue[type = 'parameterName'].value=InternetGatewayDevice.WANDevice.1.WANConnectionDevice.3.WANPPPConnection.4."},]]></value>
          </contents>
           <sequence>
             <operation type="row_delimiter">
               <args><arg><value type="value">#</value></arg></args>
             </operation>
             <operation type="column_delimiter">
               <args><arg><value type="value">;</value></arg></args>
             </operation>
             <operation type="column_index">
               <args><arg><value type="value">1</value></arg></args>
             </operation>
             <operation type="column_equal">
               <args><arg><value type="parameter">par_front_access_type</value></arg></args>
             </operation>
             <operation type="column_selector">
               <args><arg><value type="value">2</value></arg></args>
             </operation>
          </sequence>
        </parameter>

        <!--FCS20210422_REQ_005_1_3: Añadido par_number_of_cpe_parameters-->
		<!-- JJSM 20230728 - Optimizacion - Se elimina linea de Hosts -->
        <paremeter id="par_query_parameters_CPE" type="value">
            <contents>
                <value type="value"><![CDATA["},
                {"query":  "$.extraId[schemeID='parameterNumber'].value=]]></value>
                <value type="parameter">par_number_of_cpe_parameters</value>
                <value type="value"><![CDATA["},
                {"query":  "$.characteristic[*].characteristicsValue[type = 'parameterName'].value=InternetGatewayDevice.LANDevice.1.Hosts.HostNumberOfEntries"},
                {"query":  "$.characteristic[*].characteristicsValue[type = 'parameterName'].value=InternetGatewayDevice.Time.LocalTimeZone"},
                {"query":  "$.characteristic[*].characteristicsValue[type = 'parameterName'].value=InternetGatewayDevice.DeviceInfo.UpTime"},
                {"query":  "$.characteristic[*].characteristicsValue[type = 'parameterName'].value=InternetGatewayDevice.LANDevice.1.WLANConfiguration.1.Status"},
                {"query":  "$.characteristic[*].characteristicsValue[type = 'parameterName'].value=InternetGatewayDevice.LANDevice.1.WLANConfiguration.1.X_HW_SSIDHide"},
                {"query":  "$.characteristic[*].characteristicsValue[type = 'parameterName'].value=InternetGatewayDevice.LANDevice.1.WLANConfiguration.1.SSID"},
                {"query":  "$.characteristic[*].characteristicsValue[type = 'parameterName'].value=InternetGatewayDevice.LANDevice.1.WLANConfiguration.1.Channel"},
                {"query":  "$.characteristic[*].characteristicsValue[type = 'parameterName'].value=InternetGatewayDevice.LANDevice.1.WLANConfiguration.1.Enable"},
                {"query":  "$.characteristic[*].characteristicsValue[type = 'parameterName'].value=InternetGatewayDevice.LANDevice.1.WLANConfiguration.1.BeaconType"},]]></value>
                <value type="parameter">par_query_wan_parameters</value>
                <value type="value"><![CDATA[
                {"query":"$.resource[name='INPUT'].extraId[schemeName='ExecutionTimeoutSeconds'].value=60"},
                {"query":"$.resource[name='INPUT'].extraId[schemeName='ExpirationTimeoutSeconds'].value=60"},
                {"query":"$.resource[name='INPUT'].extraId[schemeName='Priority'].value=100"},
                {"query":"$.resource[name='INPUT'].extraId[schemeName='updateCachedDataRecord'].value=false"},
                {"query":"$.resource[name='INPUT'].extraId[schemeName='DisableCaptureConstraint'].value=true"},
                {"query":"$.resource[name='INPUT'].extraId[schemeName='FailOnConnectionRequestFailure'].value=false"},
                {"query":"$.resource[name='INPUT'].extraId[schemeName='RequestTimeout'].value=180000"}]}]]></value>
            </contents>
        </paremeter>
        <paremeter id="par_query_wifi_base" type="value">
            <contents>
                <value type="value"><![CDATA["},
                {"query":  "$.extraId[schemeID='parameterNumber'].value=5"},
                {"query":  "$.characteristic[*].characteristicsValue[type = 'parameterName'].value=InternetGatewayDevice.LANDevice.1.WLANConfiguration.1.SSID"},
                {"query":  "$.characteristic[*].characteristicsValue[type = 'parameterName'].value=InternetGatewayDevice.LANDevice.1.WLANConfiguration.1.Status"},
                {"query":  "$.characteristic[*].characteristicsValue[type = 'parameterName'].value=InternetGatewayDevice.LANDevice.1.WLANConfiguration.1.Channel"},
                {"query":  "$.characteristic[*].characteristicsValue[type = 'parameterName'].value=InternetGatewayDevice.LANDevice.1.WLANConfiguration.1.Enable"},
                {"query":  "$.characteristic[*].characteristicsValue[type = 'parameterName'].value=InternetGatewayDevice.LANDevice.1.WLANConfiguration.1.BeaconType"},
                {"query":"$.resource[name='INPUT'].extraId[schemeName='ExecutionTimeoutSeconds'].value=60"},
                {"query":"$.resource[name='INPUT'].extraId[schemeName='ExpirationTimeoutSeconds'].value=60"},
                {"query":"$.resource[name='INPUT'].extraId[schemeName='Priority'].value=100"},
                {"query":"$.resource[name='INPUT'].extraId[schemeName='updateCachedDataRecord'].value=false"},
                {"query":"$.resource[name='INPUT'].extraId[schemeName='DisableCaptureConstraint'].value=true"},
                {"query":"$.resource[name='INPUT'].extraId[schemeName='FailOnConnectionRequestFailure'].value=false"},
                {"query":"$.resource[name='INPUT'].extraId[schemeName='RequestTimeout'].value=180000"}]}]]></value>
            </contents>

        </paremeter>
        <paremeter id="par_query_con_devices" type="value">
            <contents>
                <value type="value"><![CDATA["},
                {"query":  "$.extraId[schemeID='parameterNumber'].value=2"},
                {"query":  "$.characteristic[*].characteristicsValue[type = 'parameterName'].value=InternetGatewayDevice.LANDevice.1.Hosts."},
                {"query":  "$.characteristic[*].characteristicsValue[type = 'parameterName'].value=InternetGatewayDevice.LANDevice.1.WLANConfiguration.1.SSID"},
                {"query":"$.resource[name='INPUT'].extraId[schemeName='ExecutionTimeoutSeconds'].value=60"},
                {"query":"$.resource[name='INPUT'].extraId[schemeName='ExpirationTimeoutSeconds'].value=60"},
                {"query":"$.resource[name='INPUT'].extraId[schemeName='Priority'].value=100"},
                {"query":"$.resource[name='INPUT'].extraId[schemeName='updateCachedDataRecord'].value=false"},
                {"query":"$.resource[name='INPUT'].extraId[schemeName='DisableCaptureConstraint'].value=true"},
                {"query":"$.resource[name='INPUT'].extraId[schemeName='FailOnConnectionRequestFailure'].value=false"},
                {"query":"$.resource[name='INPUT'].extraId[schemeName='RequestTimeout'].value=180000"}]}]]></value>
            </contents>

        </paremeter>
        <!--no soporta voz-->
        <!--<paremeter id="par_query_voice_parameters" type="value" techview="never">
            <contents>
                <value type="value"><![CDATA["},
                {"query":  "$.extraId[schemeID='parameterNumber'].value=13"},
                {"query":  "$.characteristic[*].characteristicsValue[type = 'parameterName'].value=InternetGatewayDevice.Services.VoiceService.1.VoiceProfile.1.SIP.ProxyServer"},
                {"query":  "$.characteristic[*].characteristicsValue[type = 'parameterName'].value=InternetGatewayDevice.Services.VoiceService.1.VoiceProfile.1.SIP.ProxyServerPort"},
                {"query":  "$.characteristic[*].characteristicsValue[type = 'parameterName'].value=InternetGatewayDevice.Services.VoiceService.1.VoiceProfile.1.SIP.RegistrarServer"},
                {"query":  "$.characteristic[*].characteristicsValue[type = 'parameterName'].value=InternetGatewayDevice.Services.VoiceService.1.VoiceProfile.1.SIP.RegistrarServerPort"},
                {"query":  "$.characteristic[*].characteristicsValue[type = 'parameterName'].value=InternetGatewayDevice.Services.VoiceService.1.VoiceProfile.1.Line.1.SIP.URI"},
                {"query":  "$.characteristic[*].characteristicsValue[type = 'parameterName'].value=InternetGatewayDevice.Services.VoiceService.1.VoiceProfile.1.Line.1.SIP.AuthUserName"},
                {"query":  "$.characteristic[*].characteristicsValue[type = 'parameterName'].value=InternetGatewayDevice.Services.VoiceService.1.VoiceProfile.1.Line.1.Enable"},
                {"query":  "$.characteristic[*].characteristicsValue[type = 'parameterName'].value=InternetGatewayDevice.Services.VoiceService.1.VoiceProfile.1.Line.1.Status"},
                {"query":  "$.characteristic[*].characteristicsValue[type = 'parameterName'].value=InternetGatewayDevice.Services.VoiceService.1.VoiceProfile.1.Line.1.DirectoryNumber"},
                {"query":  "$.characteristic[*].characteristicsValue[type = 'parameterName'].value=InternetGatewayDevice.Services.VoiceService.1.VoiceProfile.2.SIP.ProxyServer"},
                {"query":  "$.characteristic[*].characteristicsValue[type = 'parameterName'].value=InternetGatewayDevice.Services.VoiceService.1.VoiceProfile.2.SIP.ProxyServerPort"},
                {"query":  "$.characteristic[*].characteristicsValue[type = 'parameterName'].value=InternetGatewayDevice.Services.VoiceService.1.VoiceProfile.2.SIP.RegistrarServer"},
                {"query":  "$.characteristic[*].characteristicsValue[type = 'parameterName'].value=InternetGatewayDevice.Services.VoiceService.1.VoiceProfile.2.SIP.RegistrarServerPort"},

                {"query":"$.resource[name='INPUT'].extraId[schemeName='ExecutionTimeoutSeconds'].value=60"},
                {"query":"$.resource[name='INPUT'].extraId[schemeName='ExpirationTimeoutSeconds'].value=60"},
                {"query":"$.resource[name='INPUT'].extraId[schemeName='Priority'].value=100"},
                {"query":"$.resource[name='INPUT'].extraId[schemeName='updateCachedDataRecord'].value=false"},
                {"query":"$.resource[name='INPUT'].extraId[schemeName='DisableCaptureConstraint'].value=true"},
                {"query":"$.resource[name='INPUT'].extraId[schemeName='FailOnConnectionRequestFailure'].value=false"},
                {"query":"$.resource[name='INPUT'].extraId[schemeName='RequestTimeout'].value=180000"}]}]]></value>
            </contents>
        </paremeter>-->

      <!-- Parametros de act_wifi_ssid_setautochannel -->
        <parameter id="par_act_wifi_ssid_setautochannel_http_code" type="value">
            <contents>
              <value type="infosource_value" infosource="cpe" endpointid="act_wifi_ssid_setautochannel_0">_httpCode</value>
            </contents> 
        </parameter>

        <parameter id="par_act_wifi_ssid_setautochannel_err_code">
            <contents>
              <value type="infosource_value" infosource="cpe" endpointid="act_wifi_ssid_setautochannel_0">_errCode</value>
            </contents>
        </parameter>

        <parameter id="par_act_wifi_ssid_setautochannel_err_desc">
            <contents>
              <value type="infosource_value" infosource="cpe" endpointid="act_wifi_ssid_setautochannel_0">_errDesc</value>
            </contents>
        </parameter>

        <!--FCS20210520_INCX_077 Parametros de act_wifi_ssids_enable_sinRadio_and_setautochannel_0 -->
          <parameter id="par_act_wifi_ssids_enable_sinRadio_and_setautochannel_0_http_code" type="value">
              <contents>
                <value type="infosource_value" infosource="cpe" endpointid="act_wifi_ssids_enable_sinRadio_and_setautochannel_0">_httpCode</value>
              </contents> 
          </parameter>

          <parameter id="par_act_wifi_ssids_enable_sinRadio_and_setautochannel_0_err_code">
              <contents>
                <value type="infosource_value" infosource="cpe" endpointid="act_wifi_ssids_enable_sinRadio_and_setautochannel_0">_errCode</value>
              </contents>
          </parameter>

          <parameter id="par_act_wifi_ssids_enable_sinRadio_and_setautochannel_0_desc">
              <contents>
                <value type="infosource_value" infosource="cpe" endpointid="act_wifi_ssids_enable_sinRadio_and_setautochannel_0">_errDesc</value>
              </contents>
          </parameter>

        <paremeter id="par_front_access_type" type="value">
            <contents>
                <value type="parameter" role="front">par_access_type</value>
            </contents>
        </paremeter>

        <parameter id="par_root_path_wifi" type="value">
            <contents>
                <value type="value">InternetGatewayDevice.LANDevice.1.WLANConfiguration.</value>
            </contents>
        </parameter>

        <!--DCL20220217 - Zhilabs - INICIO -->
        <parameter id="par_root_actpath_wifi_enable_24" type="value">
          <contents>
            <value type="value">InternetGatewayDevice.LANDevice.1.WLANConfiguration.1.Enable</value>
          </contents>
        </parameter>

        <parameter id="par_root_actpath_autochannel_24" type="value">
          <contents>
            <value type="value">InternetGatewayDevice.LANDevice.1.WLANConfiguration.1.Channel</value>
          </contents>
        </parameter>

        <parameter id="par_num_querys_act_wifi_autochannel_descssid" type="value">
          <contents>
            <value type="parameter">par_root_actpath_wifi_enable_24</value>
            <value type="value">,</value>
            <value type="parameter">par_root_actpath_autochannel_24</value>
          </contents>
          <sequence>
            <operation type="row_delimiter">
              <args><arg><value type="value">,</value></arg></args>
            </operation>
            <operation type="number_of_rows"/>
          </sequence>
        </parameter>
        <!--DCL20220217 - Zhilabs - FIN -->

        <!--FCS20210623_REQ_005_1_3-->
          <parameter id="par_path_wan_uptime" type="value">
            <contents>
                <value type="value">InternetGatewayDevice.DeviceInfo.UpTime</value>
            </contents>
          </parameter>

        <!--FCS20210521_INCX_077_Path para SSID OCULTO INICIO-->
        <parameter id="par_path_ssid_oculto" type="value">
            <contents>
                <value type="parameter">par_root_path_wifi</value>
                <value type="value">1.X_HW_SSIDHide</value>
            </contents>
        </parameter>

        <parameter id="par_wifi_ssid_oculto_24_aux" type="value">
          <contents>
            <value type="parameter">par_cpcpe_base_table</value>
          </contents>
          <sequence>
            <operation type="column_index">
              <args><arg><value type="value">5</value></arg></args>
            </operation>
            <operation type="column_equal">
              <args><arg><value type="value">InternetGatewayDevice.LANDevice.1.WLANConfiguration.1.X_HW_SSIDHide</value></arg></args>
            </operation>
            <operation type="column_index">
              <args><arg><value type="value">4</value></arg></args>
            </operation>
            <operation type="column_equal">
              <args><arg><value type="value">value</value></arg></args>
            </operation>
            <operation type="column_selector">
              <args><arg><value type="value">7</value></arg></args>
            </operation>
          </sequence>
        </parameter>
        <!--FCS20210702_INCX_077_Se comenta la sequence porque no aplica-->
        <parameter id="par_wifi_ssid_oculto_24" type="value">
          <contents>
            <value type="parameter">par_wifi_ssid_oculto_24_aux</value>
          </contents>
          <!--<sequence>
            <operation type="replace_pattern">
              <args><arg><value type="value">0@to@1</value></arg></args>
            </operation>
            <operation type="replace_pattern">
              <args><arg><value type="value">1@to@0</value></arg></args>
            </operation>
          </sequence>-->
        </parameter>
        <!--FCS20210521_INCX_077_Path para SSID OCULTO FIN-->

        <parameter id="par_path_enable_ssid5" type="value"><!--en realidad se corresponde a la banda 2.4-->
            <contents>
                <value type="parameter">par_root_path_wifi</value>
                <value type="value">1.Enable</value>
            </contents>
        </parameter>
        <!--no soportado-->
        <!--<parameter id="par_path_radioenabled5" type="value">
            <contents>
                <value type="value">InternetGatewayDevice.LANDevice.1.WLANConfiguration.1.RadioEnabled</value>
            </contents>
        </parameter>-->
        <!--no soportado-->
        <!--<parameter id="par_path_ssid_oculto5" type="value">
            <contents>
                <value type="value">InternetGatewayDevice.LANDevice.1.WLANConfiguration.1.SSIDAdvertisementEnabled</value>
            </contents>
        </parameter>-->

            <!--no soportado-->
        <!--<parameter id="par_wifi_ssid_oculto_5" type="value" techview="never">
                <contents>
                    <value type="parameter">par_cpcpe_base_table</value>
                </contents>
                <sequence>
                    <operation type="column_index">
                        <args><arg><value type="value">1</value></arg></args>
                    </operation>
                    <operation type="column_equal">
                        <args><arg><value type="value">InternetGatewayDevice.LANDevice.1.WLANConfiguration.1.SSIDAdvertisementEnabled</value></arg></args>
                    </operation>
                    <operation type="column_selector">
                        <args><arg><value type="value">2</value></arg></args>
                    </operation>
                </sequence>
            </parameter>-->
        <parameter id="par_wifi_ssids" type="table" name="Resumen SSIDs">
            <contents>
                <value type="parameter">par_cpcpe_wifi_base_table</value>
            </contents>
            <sequence>
                <operation type="header_selector">
                    <args><arg><value type="value">key;key;value</value></arg></args>
                </operation>
                <operation type="first_row">
                    <args><arg><value type="value">2</value></arg></args>
                </operation>
                <!-- Nos quedamos con los valores que empiecen por esa raíz -->
                <operation type="column_index">
                    <args><arg><value type="value">2</value></arg></args>
                </operation>
                <operation type="column_contain">
                    <args><arg><value type="value">InternetGatewayDevice.LANDevice.1.WLANConfiguration.</value></arg></args>
                </operation>
                <operation type="column_index">
                    <args><arg><value type="value">2</value></arg></args>
                </operation>
                <operation type="replace_pattern">
                    <args><arg><value type="value">InternetGatewayDevice.LANDevice.1.WLANConfiguration.([0-9]+)\..*@to@$1</value></arg></args>
                </operation>
                <!-- Eliminamos la raíz de las claves para quedarnos con el nombre "local" -->
                <operation type="column_index">
                    <args><arg><value type="value">1</value></arg></args>
                </operation>
                <operation type="replace_pattern">
                    <args><arg><value type="value">InternetGatewayDevice.LANDevice.1.WLANConfiguration.[0-9]+\.(.*)@to@$1</value></arg></args>
                </operation>
                <!-- Le añadimos el índice a los valores para poder ordenar -->
                <operation type="add_header">
                    <args><arg><value type="value">key;index;value</value></arg></args>
                </operation>
                <operation type="column_left">
                    <args><arg><value type="value">index</value></arg></args>
                </operation>
                <operation type="column_right">
                    <args><arg><value type="value">value</value></arg></args>
                </operation>
                <operation type="merge">
                    <args><arg><value type="value">_</value></arg></args>
                </operation>
                <!-- Ordenamos por la nueva columna para tener las claves ordenadas por orden -->
                <operation type="first_row">
                    <args><arg><value type="value">2</value></arg></args>
                </operation>
                <operation type="column_index">
                    <args><arg><value type="value">2</value></arg></args>
                </operation>
                <operation type="order_lex">
                    <args><arg><value type="value">asc</value></arg></args>
                </operation>
                <!-- Convertimos la tabla clave valor en una tabla por ssid-->
                <operation type="transpose"/>
                <operation type="compact_table"/>

                <!-- Seleccionamos las cabeceras necesarias para la tabla final duplicando una de ellas como la primera para extraer el indice metido en el paso previo del merge -->
                <operation type="header_selector">
                    <args><arg><value type="value">Status;Status;SSID;Status;Channel;Channel;Channel;BeaconType</value></arg></args>
                </operation>
                <operation type="ignore_header">
                    <args><arg><value type="value">true</value></arg></args>
                </operation>
                <!--<operation type="column_index">
                    <args><arg><value type="value">4</value></arg></args>
                </operation>
                <operation type="replace_pattern">
                    <args><arg><value type="value">.*@to@00:00:00:00:00:00</value></arg></args>
                </operation>-->

                <!-- Eliminamos la cabecera y extraemos el indice de la columan duplicada -->
                <operation type="column_index">
                    <args><arg><value type="value">1</value></arg></args>
                </operation>
                <!--<operation type="replace_pattern">
                    <args><arg><value type="value">.*@to@00:00:00:00:00:00</value></arg></args>
                </operation>-->
                <operation type="replace_pattern">
                    <args><arg><value type="value">([0-9])_.*@to@$1</value></arg></args>
                </operation>

                <!-- Eliminamos el valor del indice del resto de campos -->
                <operation type="column_index">
                    <args><arg><value type="value">0</value></arg></args>
                </operation>
                <operation type="replace_pattern">
                    <args><arg><value type="value">[0-9]_(.*)@to@$1</value></arg></args>
                </operation>
                <!-- BAND: b24, b5 -->
                <!-- Obtenemos la banda de los posibles canales en vez del canal actual, porque cuando el ssid está apagado y el autochannel está encendido, el canal se pone en 0 -->
                <operation type="column_index">
                    <args><arg><value type="value">7</value></arg></args>
                </operation>
                <operation type="replace_pattern">
                    <args><arg><value type="value">0$@to@true</value></arg></args>
                </operation>
                <operation type="replace_pattern">
                    <args><arg><value type="value">^([1-9]|1[0-3]|1[4-9]|[2-9][0-9]|1[0-9]{2}|200)$@to@false</value></arg></args>
                </operation>
                <operation type="column_index">
                    <args><arg><value type="value">5</value></arg></args>
                </operation>
                <operation type="replace_pattern">
                    <args><arg><value type="value">^(0|[1-9]|1[0-3])$@to@b24</value></arg></args>
                </operation>
                <operation type="replace_pattern">
                    <args><arg><value type="value">^(1[4-9]|[2-9][0-9]|1[0-9]{2}|200)$@to@b5</value></arg></args>
                </operation>

                <!-- SECTYPE: open, wep64, wep128, wpapsk, wpa2psk, wpa12psk -->
                <operation type="column_index">
                    <args><arg><value type="value">8</value></arg></args>
                </operation>
                <operation type="replace_pattern">
                    <args><arg><value type="value">^None$@to@open</value></arg></args>
                </operation>
                <operation type="replace_pattern">
                    <args><arg><value type="value">^Basic$@to@wep64</value></arg></args>
                </operation>
                <operation type="replace_pattern">
                    <args><arg><value type="value">^WPA$@to@wpapsk</value></arg></args>
                </operation>
                <operation type="replace_pattern">
                    <args><arg><value type="value">^11i$@to@wpa2psk</value></arg></args>
                </operation>
                <operation type="replace_pattern">
                    <args><arg><value type="value">^WPAand11i$@to@wpa12psk</value></arg></args>
                </operation>

                <!-- ENABLED: true, false-->
                <operation type="column_index">
                    <args><arg><value type="value">2</value></arg></args>
                </operation>
                <operation type="replace_pattern">
                    <args><arg><value type="value">^(Up)$@to@true</value></arg></args>
                </operation>
                <operation type="replace_pattern">
                    <args><arg><value type="value">^(Error|Disabled)$@to@false</value></arg></args>
                </operation>

                <!-- AutoChannel: true, false -->
                <!--<operation type="column_index">
                    <args><arg><value type="value">7</value></arg></args>
                </operation>
                <operation type="replace_pattern">
                    <args><arg><value type="value">^1$@to@true</value></arg></args>
                </operation>
                <operation type="replace_pattern">
                    <args><arg><value type="value">^0$@to@false</value></arg></args>
                </operation>-->
                <!-- Dejamos las cabeceras finales -->
                <operation type="first_row">
                    <args><arg><value type="value">2</value></arg></args>
                </operation>
                <operation type="add_header">
                    <args><arg><value type="value">index;enabled;ssid;bssid;band;channel;autochannel;sectype</value></arg></args>
                </operation>
            </sequence>
        </parameter>
        <!--DCL20210720 - INC000042214120 - INICIO-->
        <parameter id="par_wifi_ssids_diag" type="table" name="Resumen SSIDs">
            <contents>
                <value type="parameter">par_cpcpe_base_table</value>
            </contents>
            <sequence>
                <operation type="remove_pattern">
                  <args><arg><value type="value">characteristic.characteristicsValue.</value></arg></args>
                </operation>
                <operation type="header_selector">
                  <args><arg><value type="value">description;name;value</value></arg></args>
                </operation>
                <operation type="column_index">
                  <args><arg><value type="value">2</value></arg></args>
                </operation>
                <operation type="column_contain">
                  <args><arg><value type="value">WLANConfiguration</value></arg></args>
                </operation>
                <operation type="column_index">
                  <args><arg><value type="value">1</value></arg></args>
                </operation>
                <operation type="column_contain">
                  <args><arg><value type="value">value</value></arg></args>
                </operation>
                <operation type="column_index">
                  <args><arg><value type="value">2</value></arg></args>
                </operation>
                <operation type="order_lex">
                  <args><arg><value type="value">asc</value></arg></args>
                </operation>
                <operation type="add_header">
                  <args><arg><value type="value">#;key;value</value></arg></args>
                </operation>
                <operation type="header_selector">
                  <args><arg><value type="value">key;value</value></arg></args>
                </operation>
                <operation type="header_selector">
                    <args><arg><value type="value">key;key;value</value></arg></args>
                </operation>
                <operation type="first_row">
                    <args><arg><value type="value">2</value></arg></args>
                </operation>
                <!-- Nos quedamos con los valores que empiecen por esa raíz -->
                <operation type="column_index">
                    <args><arg><value type="value">2</value></arg></args>
                </operation>
                <operation type="column_contain">
                    <args><arg><value type="value">InternetGatewayDevice.LANDevice.1.WLANConfiguration.</value></arg></args>
                </operation>
                <operation type="column_index">
                    <args><arg><value type="value">2</value></arg></args>
                </operation>
                <operation type="replace_pattern">
                    <args><arg><value type="value">InternetGatewayDevice.LANDevice.1.WLANConfiguration.([0-9]+)\..*@to@$1</value></arg></args>
                </operation>
                <!-- Eliminamos la raíz de las claves para quedarnos con el nombre "local" -->
                <operation type="column_index">
                    <args><arg><value type="value">1</value></arg></args>
                </operation>
                <operation type="replace_pattern">
                    <args><arg><value type="value">InternetGatewayDevice.LANDevice.1.WLANConfiguration.[0-9]+\.(.*)@to@$1</value></arg></args>
                </operation>
                <!-- Le añadimos el índice a los valores para poder ordenar -->
                <operation type="add_header">
                    <args><arg><value type="value">key;index;value</value></arg></args>
                </operation>
                <operation type="column_left">
                    <args><arg><value type="value">index</value></arg></args>
                </operation>
                <operation type="column_right">
                    <args><arg><value type="value">value</value></arg></args>
                </operation>
                <operation type="merge">
                    <args><arg><value type="value">_</value></arg></args>
                </operation>
                <!-- Ordenamos por la nueva columna para tener las claves ordenadas por orden -->
                <operation type="first_row">
                    <args><arg><value type="value">2</value></arg></args>
                </operation>
                <operation type="column_index">
                    <args><arg><value type="value">2</value></arg></args>
                </operation>
                <operation type="order_lex">
                    <args><arg><value type="value">asc</value></arg></args>
                </operation>
                <!-- Convertimos la tabla clave valor en una tabla por ssid-->
                <operation type="transpose"/>
                <operation type="compact_table"/>

                <!-- Seleccionamos las cabeceras necesarias para la tabla final duplicando una de ellas como la primera para extraer el indice metido en el paso previo del merge -->
                <operation type="header_selector">
                    <args><arg><value type="value">Status;Status;SSID;Status;Channel;Channel;Channel;BeaconType</value></arg></args>
                </operation>
                <operation type="ignore_header">
                    <args><arg><value type="value">true</value></arg></args>
                </operation>
                <!--<operation type="column_index">
                    <args><arg><value type="value">4</value></arg></args>
                </operation>
                <operation type="replace_pattern">
                    <args><arg><value type="value">.*@to@00:00:00:00:00:00</value></arg></args>
                </operation>-->

                <!-- Eliminamos la cabecera y extraemos el indice de la columan duplicada -->
                <operation type="column_index">
                    <args><arg><value type="value">1</value></arg></args>
                </operation>
                <!--<operation type="replace_pattern">
                    <args><arg><value type="value">.*@to@00:00:00:00:00:00</value></arg></args>
                </operation>-->
                <operation type="replace_pattern">
                    <args><arg><value type="value">([0-9])_.*@to@$1</value></arg></args>
                </operation>

                <!-- Eliminamos el valor del indice del resto de campos -->
                <operation type="column_index">
                    <args><arg><value type="value">0</value></arg></args>
                </operation>
                <operation type="replace_pattern">
                    <args><arg><value type="value">[0-9]_(.*)@to@$1</value></arg></args>
                </operation>
                <!-- BAND: b24, b5 -->
                <!-- Obtenemos la banda de los posibles canales en vez del canal actual, porque cuando el ssid está apagado y el autochannel está encendido, el canal se pone en 0 -->
                <operation type="column_index">
                    <args><arg><value type="value">7</value></arg></args>
                </operation>
                <operation type="replace_pattern">
                    <args><arg><value type="value">0$@to@true</value></arg></args>
                </operation>
                <operation type="replace_pattern">
                    <args><arg><value type="value">^([1-9]|1[0-3]|1[4-9]|[2-9][0-9]|1[0-9]{2}|200)$@to@false</value></arg></args>
                </operation>
                <operation type="column_index">
                    <args><arg><value type="value">5</value></arg></args>
                </operation>
                <operation type="replace_pattern">
                    <args><arg><value type="value">^(0|[1-9]|1[0-3])$@to@b24</value></arg></args>
                </operation>
                <operation type="replace_pattern">
                    <args><arg><value type="value">^(1[4-9]|[2-9][0-9]|1[0-9]{2}|200)$@to@b5</value></arg></args>
                </operation>

                <!-- SECTYPE: open, wep64, wep128, wpapsk, wpa2psk, wpa12psk -->
                <operation type="column_index">
                    <args><arg><value type="value">8</value></arg></args>
                </operation>
                <operation type="replace_pattern">
                    <args><arg><value type="value">^None$@to@open</value></arg></args>
                </operation>
                <operation type="replace_pattern">
                    <args><arg><value type="value">^Basic$@to@wep64</value></arg></args>
                </operation>
                <operation type="replace_pattern">
                    <args><arg><value type="value">^WPA$@to@wpapsk</value></arg></args>
                </operation>
                <operation type="replace_pattern">
                    <args><arg><value type="value">^11i$@to@wpa2psk</value></arg></args>
                </operation>
                <operation type="replace_pattern">
                    <args><arg><value type="value">^WPAand11i$@to@wpa12psk</value></arg></args>
                </operation>

                <!-- ENABLED: true, false-->
                <operation type="column_index">
                    <args><arg><value type="value">2</value></arg></args>
                </operation>
                <operation type="replace_pattern">
                    <args><arg><value type="value">^(Up)$@to@true</value></arg></args>
                </operation>
                <operation type="replace_pattern">
                    <args><arg><value type="value">^(Error|Disabled)$@to@false</value></arg></args>
                </operation>

                <!-- AutoChannel: true, false -->
                <!--<operation type="column_index">
                    <args><arg><value type="value">7</value></arg></args>
                </operation>
                <operation type="replace_pattern">
                    <args><arg><value type="value">^1$@to@true</value></arg></args>
                </operation>
                <operation type="replace_pattern">
                    <args><arg><value type="value">^0$@to@false</value></arg></args>
                </operation>-->
                <!-- Dejamos las cabeceras finales -->
                <operation type="first_row">
                    <args><arg><value type="value">2</value></arg></args>
                </operation>
                <operation type="add_header">
                    <args><arg><value type="value">index;enabled;ssid;bssid;band;channel;autochannel;sectype</value></arg></args>
                </operation>
            </sequence>
        </parameter>
        <!--DCL20210720 - INC000042214120 - FIN-->
        <!--FCS20210610_INC_301_3_Se añade parametro para DispositivosConectados-->
          <parameter id="par_con_condevicestable_old" type="table" name="Dispositivos Conectados"><!--CCA20230110 - SP2304 - Cambiamos el nombre para utilizar el nuevo-->
          <contents>
            <value type="parameter">par_cpe_consultarparametros_lan</value>
          </contents>
          <sequence>
            <operation type="header_selector">
              <args><arg><value type="value">key;key;value</value></arg></args>
            </operation>
            <operation type="first_row">
              <args><arg><value type="value">2</value></arg></args>
            </operation>

            <!-- Nos quedamos con los valores que empiecen por esa raíz -->
            <operation type="column_index">
              <args><arg><value type="value">2</value></arg></args>
            </operation>
            <operation type="column_contain">
              <args><arg><value type="value">InternetGatewayDevice.LANDevice.1.Hosts.Host.</value></arg></args>
            </operation>

            <!-- Calculamos el índice del ssid -->
            <operation type="column_index">
              <args><arg><value type="value">2</value></arg></args>
            </operation>
            <operation type="replace_pattern">
              <args><arg><value type="value">InternetGatewayDevice.LANDevice.1.Hosts.Host.([0-9]+)\..*@to@$1</value></arg></args>
            </operation>

            <!-- Eliminamos la raíz de las claves para quedarnos con el nombre "local" -->    
            <operation type="column_index">
              <args><arg><value type="value">1</value></arg></args>
            </operation>
            <operation type="replace_pattern">
              <args><arg><value type="value">InternetGatewayDevice.LANDevice.1.Hosts.Host.[0-9]+\.(.*)@to@$1</value></arg></args>
            </operation>

            <!-- Le añadimos el índice a los valores para poder ordenar -->
            <operation type="add_header">
              <args><arg><value type="value">key;index;value</value></arg></args>
            </operation>
            <operation type="column_left">
              <args><arg><value type="value">index</value></arg></args>
            </operation>
            <operation type="column_right">
              <args><arg><value type="value">value</value></arg></args>
            </operation>
            <operation type="merge">
              <args><arg><value type="value">_</value></arg></args>
            </operation>

            <!-- Ordenamos por la nueva columna para tener las claves ordenadas por orden -->
            <operation type="first_row">
              <args><arg><value type="value">2</value></arg></args>
            </operation>
            <operation type="column_index">
              <args><arg><value type="value">2</value></arg></args>
            </operation>
            <operation type="order_lex">
              <args><arg><value type="value">asc</value></arg></args>
            </operation>

            <!-- Convertimos la tabla clave valor en una tabla por ssid -->
            <operation type="transpose"/>
            <operation type="compact_table"/>

            <!-- Seleccionamos las cabeceras necesarias para la tabla final duplicando una de ellas como la primera para extraer el indice
                                metido en el paso previo del merge
                            -->
            <operation type="header_selector">
              <args><arg><value type="value">MACAddress;MACAddress;IPAddress;InterfaceType;Active;HostName</value></arg></args>
            </operation>
            <operation type="first_row">
              <args><arg><value type="value">2</value></arg></args>
            </operation>
            <operation type="add_header">
              <args><arg><value type="value">index;MACAddress;IPAddress;InterfaceType;Active;HostName</value></arg></args>
            </operation>
            <operation type="ignore_header">
              <args><arg><value type="value">true</value></arg></args>
            </operation>

            <!-- Eliminamos la cabecera y extraemos el indice de la columan duplicada -->
            <operation type="column_index">
              <args><arg><value type="value">1</value></arg></args>
            </operation>
            <operation type="replace_pattern">
              <args><arg><value type="value">([0-9]+)_.*@to@$1</value></arg></args>
            </operation>

            <!-- Eliminamos el valor del indice del resto de campos -->
            <operation type="column_index">
              <args><arg><value type="value">0</value></arg></args>
            </operation>
            <operation type="replace_pattern">
              <args><arg><value type="value">[0-9]+_(.*)@to@$1</value></arg></args>
            </operation>

            <operation type="header_selector">
              <args><arg><value type="value">MACAddress;IPAddress;HostName;InterfaceType;Active</value></arg></args>
            </operation>

            <operation type="column_index">
              <args><arg><value type="value">5</value></arg></args>
            </operation>
            <operation type="replace_pattern">
              <args><arg><value type="value">^(true|True)$@to@1</value></arg></args>
            </operation>
            <operation type="column_equal">
              <args><arg><value type="value">1</value></arg></args>
            </operation>

            <operation type="column_index">
              <args><arg><value type="value">4</value></arg></args>
            </operation>
            <operation type="replace_pattern">
              <args><arg><value type="value">^Ethernet$@to@ethernet</value></arg></args>
            </operation>
            <operation type="replace_pattern">
              <args><arg><value type="value">^USB$@to@usb</value></arg></args>
            </operation>
            <operation type="replace_pattern">
              <args><arg><value type="value">^(802.11|WiFii|Wireless|802.11n|WiFi)$@to@wifi</value></arg></args><!--FCS20210610_INC_301_3_Se añade grupo para reemplazo de wifi-->
            </operation>
            <operation type="replace_pattern">
              <args><arg><value type="value">^(HomePNA|HomePlug|Other|Unknown)$@to@unknown</value></arg></args><!--FCS20210622_INC_UNKNOWN se añade para casos unknown-->
            </operation>

            <!--<operation type="first_row">
              <args><arg><value type="value">2</value></arg></args>
            </operation>-->
            <operation type="add_header">
              <args><arg><value type="value">mac;ip;hostname;connType;active</value></arg></args>
            </operation>
            <operation type="column_index">
              <args><arg><value type="value">2</value></arg></args>
            </operation>
            <operation type="column_not_equal">
              <args><arg><value type="value">IPAddress</value></arg></args>
            </operation>
            <operation type="header_selector">
              <args><arg><value type="value">mac;ip;connType;hostname</value></arg></args>
            </operation>

            <operation type="column_left">
              <args><arg><value type="value">mac</value></arg></args>
            </operation>
            <operation type="column_right">
              <args><arg><value type="value">admac</value></arg></args>
            </operation>
            <operation type="join">
              <args><arg><value type="parameter">par_assocdevices_old</value></arg></args><!--CCA20230113 - SP023 - Cambio de nombre para que coja el del padre-->
            </operation>
            <operation type="ignore_header">
              <args><arg><value type="value">false</value></arg></args>
            </operation>
            <!--<operation type="first_row">
              <args><arg><value type="value">2</value></arg></args>
            </operation>-->
            <operation type="column_index">
              <args><arg><value type="value">1</value></arg></args>
            </operation>
            <operation type="column_not_equal">
              <args><arg><value type="value">mac</value></arg></args>
            </operation>
            <operation type="add_header">
              <args><arg><value type="value">mac;ip;connType;hostname;ssidindex</value></arg></args>
            </operation>

            <operation type="column_left">
              <args><arg><value type="value">ssidindex</value></arg></args>
            </operation>
            <operation type="column_right">
              <args><arg><value type="value">index</value></arg></args>
            </operation>
            <operation type="join">
              <args><arg><value type="parameter">par_con_ssid_name</value></arg></args>
            </operation>

            <operation type="header_selector">
              <args><arg><value type="value">mac;ip;connType;hostname;ssid;ssid;connType</value></arg></args>
            </operation>
            <!--<operation type="first_row">
              <args><arg><value type="value">2</value></arg></args>
            </operation>-->
            <operation type="column_index">
              <args><arg><value type="value">1</value></arg></args>
            </operation>
            <operation type="column_not_equal">
              <args><arg><value type="value">mac</value></arg></args>
            </operation>
            <operation type="add_header">
              <args><arg><value type="value">mac;ip;connType;hostname;ssid;grouper;connTypeAux</value></arg></args>
            </operation>

            <operation type="column_left">
              <args><arg><value type="value">grouper</value></arg></args>
            </operation>
            <operation type="column_right">
              <args><arg><value type="value">connTypeAux</value></arg></args>
            </operation>
            <operation type="merge">
              <args><arg><value type="value">_</value></arg></args>
            </operation>

            <operation type="column_index">
              <args><arg><value type="value">6</value></arg></args>
            </operation>
            <operation type="replace_pattern">
              <args><arg><value type="value">^(.+)_wifi$@to@$1</value></arg></args>
            </operation>
            <operation type="replace_pattern">
              <args><arg><value type="value">^_(wifi)$@to@$1</value></arg></args>
            </operation>
            <operation type="replace_pattern">
              <args><arg><value type="value">^.*_(ethernet|usb|unknown)$@to@$1</value></arg></args>
            </operation>

            <!--20200604_DAS: Informacion adicional (SignalStrength;)-->
            <operation type="column_left">
              <args><arg><value type="value">mac</value></arg></args>
            </operation>
            <operation type="column_right">
              <args><arg><value type="value">MACAddress</value></arg></args>
            </operation>
            <operation type="join">
              <args><arg><value type="parameter">par_rssi_phys</value></arg></args>
            </operation>
			<!-- JJSM 20221216 - SP2306 - INICIO -->
            <operation type="column_index">
              <args><arg><value type="value">1</value></arg></args>
            </operation>
            <operation type="replace_pattern">
              <args><arg><value type="value">:@to@</value></arg></args>
            </operation>
			<!-- JJSM 20221216 - SP2306 - FIN -->
            <!--FCS20210610_INC_301_3_Se eliminan duplicados-->
            <operation type="unique_rows"/>
          </sequence>
        </parameter>

        <parameter type="value" id="par_wifi_enabled_5"><!--en realidad se corresponde a la banda 2.4-->
          <contents>
            <value type="parameter">par_wifi_ssids</value>
          </contents>
          <sequence>
            <operation type="header_selector">
              <args><arg><value type="value">index;enabled</value></arg></args>
            </operation>
            <operation type="column_index">
              <args><arg><value type="value">1</value></arg></args>
            </operation>
            <operation type="column_equal">
              <args><arg><value type="value">1</value></arg></args>
            </operation>
            <operation type="column_selector">
              <args><arg><value type="value">2</value></arg></args>
            </operation>
          </sequence>
        </parameter>

        <parameter type="value" id="par_wifi_enabled_5_diag"><!--en realidad se corresponde a la banda 2.4-->
          <contents>
            <value type="parameter">par_cpcpe_base_table</value>
          </contents>
         <sequence>
            <operation type="column_index">
              <args><arg><value type="value">1</value></arg></args>
            </operation>
            <operation type="column_equal">
              <args><arg><value type="value">InternetGatewayDevice.LANDevice.1.WLANConfiguration.1.Status</value></arg></args>
            </operation>
            <operation type="column_selector">
              <args><arg><value type="value">2</value></arg></args>
            </operation>
            <operation type="replace_pattern">
              <args><arg><value type="value">^(Up|No (l|L)ink|unknown)$@to@true</value></arg></args><!-- PCA20220509 - INC000051293992 -->
            </operation>
            <operation type="replace_pattern">
              <args><arg><value type="value">^(Error|Disabled|Dormant|LowerLayerDown|Down|NotPresent)$@to@false</value></arg></args><!-- PCA20220509 - INC000051293992 -->
            </operation>
          </sequence>
        </parameter>
        <!--TML20210512 - se crea este parámetro para detectar bien el autochannel activado-->
        <parameter type="value" id="par_autochannel24_active_diag">
          <contents>
            <value type="parameter">par_cpcpe_base_table</value>
          </contents>
         <sequence>
            <operation type="column_index">
              <args><arg><value type="value">5</value></arg></args>
            </operation>
            <operation type="column_equal">
              <args><arg><value type="value">InternetGatewayDevice.LANDevice.1.WLANConfiguration.1.Channel</value></arg></args>
            </operation>
            <operation type="column_index">
              <args><arg><value type="value">4</value></arg></args>
            </operation>
            <operation type="column_equal">
              <args><arg><value type="value">value</value></arg></args>
            </operation>
            <operation type="column_index">
              <args><arg><value type="value">7</value></arg></args>
            </operation>
            <operation type="replace_pattern">
                <args><arg><value type="value">0$@to@true</value></arg></args>
            </operation>
            <operation type="replace_pattern">
                <args><arg><value type="value">^([1-9]|1[0-3]|1[4-9]|[2-9][0-9]|1[0-9]{2}|200)$@to@false</value></arg></args>
            </operation>
            <operation type="column_selector">
              <args><arg><value type="value">7</value></arg></args>
            </operation>
          </sequence>
        </parameter>
        <!-- POH 20211102 - Check para comprobar que tiene serviceID - INICIO -->
        <parameter id="par_grc_service_id_front" type="value">
            <contents>
                <value type="parameter" role="front">par_grc_service_id</value>
            </contents>
        </parameter>
        <!-- POH 20211102 - Check para comprobar que tiene serviceID - FIN -->
		<!-- JJSM 20220927 - SP1703 - INICIO -->
		<parameter id="par_cambiar_channellist_http_code" type="value">
		  <contents>
			<value type="infosource_value" infosource="cpe" endpointid="cambiar_channellist_set_autochannel_only25">_httpCode</value>
		  </contents> 
		</parameter>

		<parameter id="par_cambiar_channellist_err_code">
		  <contents>
			<value type="infosource_value" infosource="cpe" endpointid="cambiar_channellist_set_autochannel_only25">_errCode</value>
		  </contents>
		</parameter>

		<parameter id="par_cambiar_channellist_err_desc">
		  <contents>
			<value type="infosource_value" infosource="cpe" endpointid="cambiar_channellist_set_autochannel_only25">_errDesc</value>
		  </contents>
		</parameter>
		<!-- JJSM 20220927 - SP1703 - FIN -->

    </parameters>
    <tests>
        <test id="tst_template">
            <expr type="and">
                <reference type="check" id="chk_grc_service_id_eq_unknown" inverse="true"/> <!-- POH 20211102 - Check para comprobar que tiene serviceID -->
                <reference type="check" id="chk_grc_service_type_eq_mobile" inverse="true"/><!--TML20220617 - limitación a clientes no mobiles-->
                <reference type="check" id="chk_template"/>
            </expr>
        </test>

        <test id="tst_timezone_mal_configurado00">
            <expr type="and">
                <reference type="check" id="chk_cpcpe_timezone_neq_0000"/>
            </expr>
        </test>

        <test id="tst_timezone_mal_configurado01">
            <expr type="and">
              <reference type="check" id="chk_cpcpe_timezone_neq_0100"/>
            </expr>  
        </test>
        <!-- -->
        <test id="tst_timezone_bien_configurado00">
            <expr type="and">
                <reference type="check" id="chk_cpcpe_timezone_eq_0000"/>
            </expr>
        </test>

        <test id="tst_timezone_bien_configurado01">
          <expr type="and">
            <reference type="check" id="chk_cpcpe_timezone_eq_0100"/>
          </expr>
        </test>
      
      <!--TML20210512 - cómo sólo tiene 2Ghz se tiene que definir bien sólo para esa banda-->
      <test id="tst_autochannel24_active_true">
          <expr type="and">
              <reference type="check" id="chk_autochannel24_active_true"/>
          </expr>
      </test>
        <!-- JJSM 20221114 - SP2002 - SE BORRA tst_wifi_ssid_oculto -->
      <!--FCS20210520_INCX_077_INICIO-->
        <test id="tst_endpoint_act_wifi_ssids_enable_sinRadio_and_setautochannel_0">
            <expr type="and">
                <reference type="check" id="chk_act_wifi_ssids_enable_sinRadio_and_setautochannel_0_err_code_ok"/>
                <reference type="check" id="chk_act_wifi_ssids_enable_sinRadio_and_setautochannel_0_http_code_ok"/>
              </expr>
        </test>
        <!--FCS20210520_INCX_077_FIN-->

      <test id="tst_autochannel24_active_false">
          <expr type="or">
              <reference type="check" id="chk_autochannel24_active_false"/>
          </expr>
      </test>

    </tests>
    <checks>
        <check id="chk_template">
            <parameter>par_od_resource_productclass</parameter>
            <result>
                <expr type="and">
                    <operation type="contains">
                        <args><arg><value type="value">VOX553</value></arg></args>
                    </operation>
                </expr>
            </result>
        </check>

        <!--FCS20210520_INCX_077_INICIO-->
        <check id="chk_act_wifi_ssids_enable_sinRadio_and_setautochannel_0_err_code_ok">
            <parameter>par_act_wifi_ssids_enable_sinRadio_and_setautochannel_0_err_code</parameter>
            <result>
              <expr type="and">
                <operation type="equal">
                  <args><arg><value type="value">0</value></arg></args>
                </operation>
              </expr>
            </result>
          </check>
          <check id="chk_act_wifi_ssids_enable_sinRadio_and_setautochannel_0_http_code_ok">
            <parameter>par_act_wifi_ssids_enable_sinRadio_and_setautochannel_0_http_code</parameter>
            <result>
              <expr type="and">
                <operation type="greater_or_equal">
                  <args><arg><value type="value">200</value></arg></args>
                </operation>
                <operation type="lower">
                  <args><arg><value type="value">300</value></arg></args>
                </operation>
              </expr>
            </result>
          </check>
          <!--FCS20210520_INCX_077_FIN-->
          <!-- POH 20211102 - Check para comprobar que tiene serviceID - INICIO -->
          <check id="chk_grc_service_id_eq_unknown">
              <parameter>par_grc_service_id_front</parameter>
              <result>
                  <expr type="and">
                      <operation type="equal">
                          <args><arg><value type="value">unknown</value></arg></args>
                      </operation>
                  </expr>
              </result>
          </check>
          <!-- POH 20211102 - Check para comprobar que tiene serviceID - FIN -->
    </checks>

    <actions>        
        <action id="act_wifi_2ghz_setchannel" type="config">
            <texts>
                <text type="detail">Cambiar Canal Wifi</text>
                <!--<text type="warning">Al cambiar el canal se perderá momentáneamente la conexión WiFi con tu dispositivo, la conexión se recuperará de forma automática</text>-->
                <text type="ok">Se ha cambiado el canal de tu red WiFi</text>
                <text type="error">Ha habido un problema para aplicar los cambios, por favor inténtalo de nuevo pasados unos minutos</text>
            </texts>
            <inputs>
                <input id="channel" type="list">
                    <text>
                      <value>Canal</value>
                    </text>
                    <valuelist>
                      <value label="01">1</value> 
                      <value label="02">2</value> 
                      <value label="03">3</value> 
                      <value label="04">4</value>  
                      <value label="05">5</value> 
                      <value label="06">6</value>  
                      <value label="07">7</value> 
                      <value label="08">8</value>  
                      <value label="09">9</value> 
                      <value label="10">10</value>  
                      <value label="11">11</value>
                      <!-- SCB 20220908 - SP1803 - INICIO -->
                      <value label="12">12</value>
                      <value label="13">13</value>
                      <!-- SCB 20220908 - SP1803 - FIN -->  
                    </valuelist>
                </input>
            </inputs>
            <sequence>
                <step type="infosource" infosource="cpe" endpointid="act_wifi_2ghz_setchannel_notautochannel">
                  <args>
                    <arg argid="arg_root_path_wifi">
                        <value type="parameter">par_root_path_wifi</value><!--DAS20200922: suele ser la misma ruta que el Enable salvo excepciones-->
                    </arg>
                    <arg argid="index">
                      <value type="argument">index</value>
                    </arg>
                    <arg argid="channel">
                      <value type="input">channel</value>
                    </arg>
                  </args>
                </step>
            </sequence>
        </action>

        <action id="act_wifi_ssid_setautochannel" type="button">
            <texts>
                <text type="detail">Activar el modo autochannel</text>
                <!--<text type="warning">En este modo el WiFi cambiar de canal de emision de forma automática</text>
                <text type="ok">El mode auto-channel ha sido activada</text>-->
                <text type="error">Ha habido un problema para aplicar los cambios, por favor inténtalo de nuevo pasados unos minutos</text>
            </texts>
            <sequence>
               <step type="infosource" infosource="cpe" endpointid="act_wifi_ssid_setautochannel_0">
                  <args>
                    <arg argid="arg_root_path_wifi">
                        <value type="parameter">par_root_path_wifi</value>
                    </arg>
                    <arg argid="index">
                      <value type="argument">index</value>
                    </arg>
                  </args>
                </step>
                <step type="wait" time="10000"/>
            </sequence>
          <messages>
            <message id="msg_wifi_ssid_setautochannel_ok" severity="info" datatype="text" storable="true">
              <body><value type="value">Se ha activado el autochannel</value></body>
              <requirement>
                <expr type="and">      
                  <reference type="test" id="tst_endpoint_act_wifi_ssid_setautochannel_isok"/>
                </expr>
              </requirement>
            </message>
            <message id="msg_wifi_ssid_setautochannel_ko" severity="error" datatype="text" storable="true">
              <body><value type="value">No se pudo activar el autochannel</value></body>
              <requirement>
                <expr type="and">
                  <reference type="test" id="tst_endpoint_act_wifi_ssid_setautochannel_isok" inverse="true"/>
                </expr>
              </requirement>
            </message>
          </messages>
          <result>
            <expr type="and">
              <reference type="test" id="tst_endpoint_act_wifi_ssid_setautochannel_isok"/>
            </expr>
          </result>
        </action>

        <!--FCS20210524_INCHM_213_Activa el autochannel para la banda de 2.4ghz-->
        <action id="act_wifi_ssid1_setautochannel" type="button" techview="ifused">
          <texts>
            <text type="detail">Activar el modo autochannel canal 1</text>
            <!--<text type="warning">En este modo el WiFi cambiar de canal de emision de forma automática</text>-->
            <text type="ok">El mode auto-channel ha sido activada</text>
            <text type="error">Ha habido un problema para aplicar los cambios, por favor inténtalo de nuevo pasados unos minutos</text>
          </texts>
          <sequence>
            <step type="infosource" infosource="cpe" endpointid="act_wifi_ssid_setautochannel_0">
              <args>
                <arg argid="arg_root_path_wifi">
                    <value type="parameter">par_root_path_wifi</value>
                </arg>
                <arg argid="index">
                  <value type="value">1</value>
                </arg>
              </args>
            </step>
            <step type="wait" time="10000"/>
          </sequence>
          <messages>
            <message id="msg_wifi_ssid_setautochannel_ok" severity="info" datatype="text" storable="true">
              <body><value type="value">Se ha activado el autochannel</value></body>
              <requirement>
                <expr type="and">      
                  <reference type="test" id="tst_endpoint_act_wifi_ssid_setautochannel_isok"/>
                </expr>
              </requirement>
            </message>
            <message id="msg_wifi_ssid_setautochannel_ko" severity="error" datatype="text" storable="true">
              <body><value type="value">No se pudo activar el autochannel</value></body>
              <requirement>
                <expr type="and">
                  <reference type="test" id="tst_endpoint_act_wifi_ssid_setautochannel_isok" inverse="true"/>
                </expr>
              </requirement>
            </message>
          </messages>
          <result>
            <expr type="and">
              <reference type="test" id="tst_endpoint_act_wifi_ssid_setautochannel_isok"/>
            </expr>
          </result>
        </action>

        <!--FCS20210524_INCHM_213_Activa el autochannel para la banda de 2.4ghz (se usa en diagnosticos)-->
        <action id="act_wifi_ssids_setautochannel" type="button" techview="ifused">
          <texts>
            <text type="detail">Activar el modo autochannel canal 1</text>
            <!--<text type="warning">En este modo el WiFi cambiar de canal de emision de forma automática</text>-->
            <text type="ok">El mode auto-channel ha sido activada</text>
            <text type="error">Ha habido un problema para aplicar los cambios, por favor inténtalo de nuevo pasados unos minutos</text>
          </texts>
          <sequence>
            <step type="infosource" infosource="cpe" endpointid="act_wifi_ssid_setautochannel_0">
              <args>
                <arg argid="arg_root_path_wifi">
                    <value type="parameter">par_root_path_wifi</value>
                </arg>
                <arg argid="index">
                  <value type="value">1</value>
                </arg>
              </args>
            </step>
            <step type="wait" time="10000"/>
          </sequence>
          <messages>
            <message id="msg_wifi_ssid_setautochannel_ok" severity="info" datatype="text" storable="true">
              <body><value type="value">Se ha activado el autochannel</value></body>
              <requirement>
                <expr type="and">      
                  <reference type="test" id="tst_endpoint_act_wifi_ssid_setautochannel_isok"/>
                </expr>
              </requirement>
            </message>
            <message id="msg_wifi_ssid_setautochannel_ko" severity="error" datatype="text" storable="true">
              <body><value type="value">No se pudo activar el autochannel</value></body>
              <requirement>
                <expr type="and">
                  <reference type="test" id="tst_endpoint_act_wifi_ssid_setautochannel_isok" inverse="true"/>
                </expr>
              </requirement>
            </message>
          </messages>
          <result>
            <expr type="and">
              <reference type="test" id="tst_endpoint_act_wifi_ssid_setautochannel_isok"/>
            </expr>
          </result>
        </action>

		<!-- JJSM 20221104 - SP2004 - Se elimina act_wifi_ssid_enable, se coge la del padre -->
		<!-- JJSM 20221104 - SP2004 - Se elimina act_wifi_ssids_reinicio, se coge la del padre -->
		<!-- JJSM 20221104 - SP2004 - Se elimina act_wifi_ssids_enable, se coge la del padre -->
		
        <!--FCS20210519_INCX_077 Inicio-->
        <action id="act_reconfigure_hg553_or_hg556" type="button" techview="never">
          <texts>
            <text type="detail">Reconfigurar el equipo</text>
            <text type="ok">Se ha podido reconfigurar el equipo correctamente</text>
            <text type="error">Ha habido un problema al Reconfigurar el equipo</text>
          </texts>
          <sequence>
              <step type="infosource" infosource="cpe" endpointid="act_wifi_ssids_enable_sinRadio_and_setautochannel_0">
                <args>
                    <arg argid="arg_root_path_wifi">
                        <value type="parameter">par_root_path_wifi</value>
                    </arg>
                     <arg argid="index">
                      <value type="value">1</value>
                    </arg>
                    <arg argid="arg_path_enable_ssid_oculto">
                        <value type="parameter">par_path_ssid_oculto</value>
                    </arg>
                </args>
            </step>
            <!--DBC_mirar si lo soporta
            <step type="infosource" infosource="cpe" endpointid="act_wifi_ssids_desocultar">
                <args>
                    <arg argid="arg_root_path_wifi">
                      <value type="parameter">par_root_path_wifi</value>
                    </arg>
                    <arg argid="arg_path_ssid_oculto">
                      <value type="parameter">par_path_ssid_oculto5</value>
                    </arg>
                </args>
            </step>-->
          </sequence>
          <messages>
            <message id="msg_wifi_multiedit_ok" severity="info" datatype="text" storable="true">
              <body><value type="value">Se ha podido reconfigurar el equipo correctamente</value></body>
              <requirement>
                <expr type="and">
                  <reference type="test" id="tst_endpoint_act_wifi_ssids_enable_sinRadio_and_setautochannel_0"/>
                </expr>
              </requirement>
            </message>
            <message id="msg_wifi_multiedit_ko" severity="error" datatype="text" storable="true">
              <body><value type="value">No se pudo desocultar la red wifi</value></body>
              <requirement>
                <expr type="and">
                  <reference type="test" id="tst_endpoint_act_wifi_ssids_enable_sinRadio_and_setautochannel_0" inverse="true"/>
                </expr>
              </requirement>
            </message>
          </messages>
        </action>
        <!--FCS20210519_INCX_077 FIN-->
        <!--JJSM 20210722 - INC000042824735 INICIO-->
        <action id="act_wifi_ssids_desocultar" type="button" techview="never">
          <texts>
            <text type="detail">Reconfigurar el equipo</text>
            <text type="ok">Se ha podido reconfigurar el equipo correctamente</text>
            <text type="error">Ha habido un problema al Reconfigurar el equipo</text>
          </texts>
          <sequence>
              <step type="infosource" infosource="cpe" endpointid="act_wifi_ssids_enable_sinRadio_and_setautochannel_0">
                <args>
                    <arg argid="arg_root_path_wifi">
                        <value type="parameter">par_root_path_wifi</value>
                    </arg>
                     <arg argid="index">
                      <value type="value">1</value>
                    </arg>
                    <arg argid="arg_path_enable_ssid_oculto">
                        <value type="parameter">par_path_ssid_oculto</value>
                    </arg>
                </args>
            </step>
          </sequence>
          <messages>
            <message id="msg_wifi_multiedit_ok" severity="info" datatype="text" storable="true">
              <body><value type="value">Se ha podido reconfigurar el equipo correctamente</value></body>
              <requirement>
                <expr type="and">
                  <reference type="test" id="tst_endpoint_act_wifi_ssids_enable_sinRadio_and_setautochannel_0"/>
                </expr>
              </requirement>
            </message>
            <message id="msg_wifi_multiedit_ko" severity="error" datatype="text" storable="true">
              <body><value type="value">No se pudo desocultar la red wifi</value></body>
              <requirement>
                <expr type="and">
                  <reference type="test" id="tst_endpoint_act_wifi_ssids_enable_sinRadio_and_setautochannel_0" inverse="true"/>
                </expr>
              </requirement>
            </message>
          </messages>
        </action>
        <!--JJSM 20210722 - INC000042824735 FIN-->
        <!--DCL20220218 - Zhilabs - INICIO -->
        <action id="act_wifi_ssids_enable_setautochannel_desocultar" type="button">
          <texts>
            <text type="detail">Activar WIFI. Activar el modo autochannel. Desocultar SSID</text>
            <text type="ok">Tu red WiFi ha sido activada. El mode auto-channel ha sido activada. Tu red WiFi ha sido desocultada</text>
            <text type="error">Ha habido un problema para aplicar los cambios, por favor inténtalo de nuevo pasados unos minutos</text>
          </texts>
          <sequence>
              <!--DCL20220218 - Zhilabs - INICIO -->
              <step type="infosource" infosource="cpe" endpointid="act_wifi_ssids_enable_setautochannel_desocultar">
                <args>
                  <arg argid="number_of_params">
                      <value type="parameter">par_num_querys_act_wifi_autochannel_descssid</value>
                  </arg>
                  <arg loopid="params" index="0" argid="query">
                      <value type="parameter">par_root_actpath_wifi_enable_24</value>
                  </arg>
                  <arg loopid="params" index="0" argid="type">
                      <value type="value">boolean</value>
                  </arg>
                  <arg loopid="params" index="0" argid="value">
                      <value type="value">1</value>
                  </arg>
                  <arg loopid="params" index="1" argid="query">
                      <value type="parameter">par_root_actpath_autochannel_24</value>
                  </arg>
                  <arg loopid="params" index="1" argid="type">
                      <value type="value">unsignedInt</value>
                  </arg>
                  <arg loopid="params" index="1" argid="value">
                      <value type="value">0</value>
                  </arg>
                </args>
              </step>
              <!--DCL20220218 - Zhilabs - FIN -->
              <step type="wait" time="5000"/>
            </sequence>
            <messages>
              <message id="msg_wifi_ssids_enable_setautochannel_desocultar_ok" severity="info" datatype="text" storable="true">
                <body><value type="value">Se ha habilitado la red wifi. Se ha activado el autochannel. Se ha desocultado la red wifi</value></body>
                <requirement>
                  <expr type="and">      
                    <reference type="test" id="tst_endpoint_act_wifi_ssids_enable_setautochannel_desocultar_isok"/>
                  </expr>
                </requirement>
              </message>
              <message id="msg_wifi_ssids_enable_setautochannel_desocultar_ko" severity="error" datatype="text" storable="true">
                <body><value type="value">No se pudo habilitar la red wifi, activar el autochannel, desocultar la red wifi</value></body>
                <requirement>
                  <expr type="and">
                    <reference type="test" id="tst_endpoint_act_wifi_ssids_enable_setautochannel_desocultar_isok" inverse="true"/>
                  </expr>
                </requirement>
              </message>
            </messages>
            <result>
              <expr type="and">
                <reference type="test" id="tst_endpoint_act_wifi_ssids_enable_setautochannel_desocultar_isok"/>
              </expr>
            </result>
        </action>
        <!--DCL20220218 - Zhilabs - FIN -->
		<!-- JJSM 20220927 - SP1703 - INICIO -->
		<action id="act_cambiar_channellist_setautochannel" type="button">
			<texts>
				<text type="detail">Cambiar Lista de Canales y activar el autochannel</text>
				<!--<text type="warning">Vas a cambiar la lista de canales</text>-->
				<!--<text type="ok">Se ha cambiado la lista de canales</text>-->
				<text type="error">No se ha podido cambiar la lista de canales y activar el autochannel</text>
			</texts>
			<sequence>
				<step type="infosource" infosource="cpe" endpointid="cambiar_channellist_set_autochannel_only25">
				  <args>
					  <arg argid="arg_path_channellist">
						<value type="parameter">par_path_channellist</value>
					  </arg>
					  <arg argid="arg_path_autochannel_24">
						<value type="parameter">par_root_actpath_autochannel_24</value>
					  </arg>
					</args>
				</step>
			</sequence>
			<messages>
				<message id="msg_cambiar_channellist_ok" severity="info" datatype="text" storable="true">
					<body><value type="value">Cambio de lista de canales realizada</value></body>
					<requirement>
					  <expr type="and">
						<reference type="test" id="tst_endpoint_cambiar_channellist_isok"/>
					  </expr>
					</requirement>
				</message>
				<message id="msg_cambiar_channellist_ko" severity="error" datatype="text" storable="true">
					<body><value type="value">No se pudo cambiar la lista de canales</value></body>
					<requirement>
					  <expr type="and">
						<reference type="test" id="tst_endpoint_cambiar_channellist_isok" inverse="true"/>
					  </expr>
					</requirement>
				</message>
			</messages>
			<result>
			  <expr type="and">
				<reference type="test" id="tst_endpoint_cambiar_channellist_isok"/>
			  </expr>
			</result>
		</action>
		<!-- JJSM 20220927 - SP1703 - FIN -->
		<!-- JJSM 20221007 - SP1905 - INICIO -->
		<action id="act_wifi_multiedit" type="button">
		  <texts>
			  <text type="detail">Va ha modificar los parametros de la red wifi</text>
			  <!-- <text type="help"></text> -->
			  <text type="ok">Parametros modificados</text>
			  <text type="error">Ha habido un problema para aplicar los cambios, por favor inténtalo de nuevo pasados unos minutos</text>
		  </texts>
		  <inputs>
				<input id="status_1" type="check" required="false">
					<text>
						<value>1</value>
					</text>
				</input>
				<input id="autochannel_1" type="check" required="false">
					<text>
						<value>1</value>
					</text>
				</input>
				<input id="ssid_1" type="text" required="false">
					<text>
						<value>1</value>
					</text>
					<maxlengths>
						<maxlength>
							<value>32</value>
						</maxlength>
					</maxlengths>
					<minlengths>
						<minlength>
							<value>1</value>
						</minlength>
					</minlengths>
				</input>
				<input id="sectype_1" type="list" required="false">
					<text>
						<value>Security type</value>
					</text>
					<default>
						<value>wpa2psk</value>
					</default>
					<valuelist>
						 <!-- <value label="Open">open</value>  -->
						 <value label="WPA PSK">wpapsk</value> 
						<value label="WPA2 PSK">wpa2psk</value>
						<value label="WPA/WPA2 PSK">wpa12psk</value>
					</valuelist>
				</input>
				 <input id="sectype_5" type="list" required="false">
					<text>
						<value>Security type</value>
					</text>
					<default>
						<value>wpa2psk</value>
					</default>
					<valuelist>
						<!-- <value label="Open">open</value> -->
						<value label="WPA PSK">wpapsk</value>
						<value label="WPA2 PSK">wpa2psk</value>
						<value label="WPA/WPA2 PSK">wpa12psk</value>
					</valuelist>
				</input>
				<input id="password_1" type="password" required="false">
					<text>
						<value>Password</value>
					</text>
					<maxlengths>
						<!-- <maxlength type="input" id="sectype_1" equal="open">
							<value type="value">0</value>
						</maxlength> -->
						<!-- <maxlength type="input" id="sectype_1" equal="wpapsk">
							<value type="configuration">cfg_wifi_wpapsk_pwd_maxlength</value>
						</maxlength> -->
						<maxlength>
							<value type="configuration">cfg_wifi_wpa2psk_pwd_maxlength</value>
						</maxlength>
					</maxlengths>
					<!--<minlengths>
						 <minlength type="input" id="sectype_1" equal="open">
							<value type="value">0</value>
						</minlength> 
						<minlength type="input" id="sectype_1" equal="wpapsk">
							<value type="configuration">cfg_wifi_wpapsk_pwd_minlength</value>
						</minlength> 
						<minlength type="input" id="sectype_1" equal="wpa2psk">
							<value type="configuration">cfg_wifi_wpa2psk_pwd_minlength</value>
						</minlength>
						<minlength type="input" id="sectype_1" equal="wpa12psk">
							<value type="configuration">cfg_wifi_wpa12psk_pwd_minlength</value>
						</minlength>
					</minlengths>-->
				</input>
				<input id="channel_1" type="list" required="false">
					<text>
						<value>Channel</value>
					</text>
					<valuelist>
						<value>1</value>
						<value>2</value>
						<value>3</value>
						<value>4</value>
						<value>5</value>
						<value>6</value>
						<value>7</value>
						<value>8</value>
						<value>9</value>
						<value>10</value>
						<value>11</value>
						<value>12</value>
						<value>13</value>
					</valuelist>
				</input>
			</inputs>
			<sequence>
				<step type="infosource" infosource="cpe" endpointid="act_wifi_ssid_enable_098">
					<args>
					  <arg argid="arg_path_radioenabled">
						<value type="parameter">par_root_actpath_radio_enable_24</value>
					  </arg>
					  <arg argid="arg_path_enable_ssid">
						<value type="parameter">par_root_actpath_wifi_enable_24</value>
					  </arg>
					</args>
					<requirement>
						<expr type="and">
							<reference type="input_sent" id="status_1"/>
							<reference type="input" id="status_1" equal="true"/>
						</expr>
					</requirement>
				</step>
				<step type="infosource" infosource="cpe" endpointid="act_wifi_ssid_disable">
					<args>
						<arg argid="arg_path_disable_ssd">
						  <value type="parameter">par_path_disable_ssd</value>
						</arg>
					</args>
					<requirement>
						<expr type="and">
							<reference type="input_sent" id="status_1"/>
							<reference type="input" id="status_1" equal="false"/>
						</expr>
					</requirement>
				</step>
				<step type="infosource" infosource="cpe" endpointid="act_wifi_ssid_setssid_final">
					<args>
					  <arg argid="arg_path_wifi_ssid">
						<value type="parameter">par_path_wifi_ssid_24</value>
					  </arg>
					  <arg argid="ssid">
						<value type="input">ssid_1</value>
					  </arg>
					</args>
					<requirement>
						<expr type="or">
							<reference type="input_sent" id="ssid_1"/>
						</expr>
					</requirement>
				</step>
				<!-- <step type="infosource" infosource="cpe" endpointid="act_setsecurity">
					<requirement>
						<expr type="or">
							<reference type="input" id="sectype_1" equal="wpa2psk"/>
						</expr>
					</requirement>
					<args>
						<arg argid="number_of_params">
							<value type="value">4</value>
						</arg>
						<arg loopid="params" index="0" argid="key">
							<value type="value">Device.WiFi.AccessPoint.</value>
							<value type="value">1</value>
							<value type="value">.X_BeaconType</value>
						</arg>
						<arg loopid="params" index="0" argid="value">
							<value type="value">11i</value>
						</arg>
						<arg loopid="params" index="1" argid="key">
							<value type="value">Device.WiFi.AccessPoint.</value>
							<value type="value">1</value>
							<value type="value">.WPAEncryptionModes</value>
						</arg>
						<arg loopid="params" index="1" argid="value">
							<value type="value">AESEncryption</value>
						</arg>

						<arg loopid="params" index="2" argid="key">
							<value type="value">Device.WiFi.AccessPoint.</value>
							<value type="value">1</value>
							<value type="value">.IEEE11iEncryptionModes</value>
						</arg>
						<arg loopid="params" index="2" argid="value">
							<value type="value">AESEncryption</value>
						</arg>
						<arg loopid="params" index="3" argid="key">
							<value type="value">Device.WiFi.AccessPoint.</value>
							<value type="value">1</value>
							<value type="value">.PreSharedKey.1.KeyPassphrase</value>
						</arg>
						<arg loopid="params" index="3" argid="value">
							<value type="input">password_1</value>
						</arg>
					</args>
				</step>
				<step type="infosource" infosource="cpe" endpointid="act_setsecurity">
					<requirement>
						<expr type="or">
							<reference type="input" id="sectype_1" equal="wpa12psk"/>
						</expr>
					</requirement>
					<args>
						<arg argid="number_of_params">
							<value type="value">4</value>
						</arg>
						<arg loopid="params" index="0" argid="key">
							<value type="value">Device.WiFi.AccessPoint.</value>
							<value type="value">1</value>
							<value type="value">.X_BeaconType</value>
						</arg>
						<arg loopid="params" index="0" argid="value">
							<value type="value">WPAand11i</value>
						</arg>
						<arg loopid="params" index="1" argid="key">
							<value type="value">Device.WiFi.AccessPoint.</value>
							<value type="value">1</value>
							<value type="value">.WPAEncryptionModes</value>
						</arg>
						<arg loopid="params" index="1" argid="value">
							<value type="value">TKIPandAESEncryption</value>
						</arg>

						<arg loopid="params" index="2" argid="key">
							<value type="value">Device.WiFi.AccessPoint.</value>
							<value type="value">1</value>
							<value type="value">.IEEE11iEncryptionModes</value>
						</arg>
						<arg loopid="params" index="2" argid="value">
							<value type="value">TKIPandAESEncryption</value>
						</arg>
						<arg loopid="params" index="3" argid="key">
							<value type="value">Device.WiFi.AccessPoint.</value>
							<value type="value">1</value>
							<value type="value">.PreSharedKey.1.KeyPassphrase</value>
						</arg>
						<arg loopid="params" index="3" argid="value">
							<value type="input">password_1</value>
						</arg>
					</args>
				</step> -->
			   <step type="infosource" infosource="cpe" endpointid="act_wifi_ssid_setpassword_final">
					<args>
						<arg argid="arg_path_password">
						  <value type="parameter">par_path_password_24</value>
						</arg>
						<arg argid="password">
						  <value type="input">password_1</value>
						</arg>
					</args>
					<requirement>
						<expr type="or">
							<reference type="input_sent" id="password_1"/>
						</expr>
					</requirement>
				</step>
			   <step type="infosource" infosource="cpe" endpointid="act_wifi_ssid_setautochannel_generic">
					<args>
						<arg argid="arg_path_autochannel">
						  <value type="parameter">par_root_actpath_autochannel_24</value>
						</arg>
					</args>
					<requirement>
						<expr type="and">
							<reference type="input_sent" id="autochannel_1"/>
							<reference type="input" id="autochannel_1" equal="true"/>
						</expr>
					</requirement>
				</step>
			   <step type="infosource" infosource="cpe" endpointid="act_wifi_ssid_unsetautochannel_generic">
					<args>
						<arg argid="arg_path_autochannel">
						  <value type="parameter">par_root_actpath_autochannel_24</value>
						</arg>
					</args>
					<requirement>
						<expr type="and">
							<reference type="input_sent" id="autochannel_1"/>
							<reference type="input" id="autochannel_1" equal="false"/>
						</expr>
					</requirement>
				</step>
				<step type="infosource" infosource="cpe" endpointid="act_wifi_setchannel_final">
					<args>
					  <arg argid="arg_root_channel">
						<value type="parameter">par_root_channel_24</value>
					  </arg>
					  <arg argid="channel">
						<value type="input">channel_1</value>
					  </arg>
					</args>
					<requirement>
						<expr type="or">
							<reference type="input_sent" id="channel_1"/>
						</expr>
					</requirement>
				</step>
			</sequence>
			<result>
				<expr type="and" result="true"/>
			</result>
		</action>
		<!-- JJSM 20221007 - SP1905 - FIN -->
    </actions>
</template>