<?xml version='1.0' encoding='UTF-8'?>
<template role="cpe" parent="role_cpe" version="3.0" type="role">
    <!-- SP3409 -->
    <parameters>

        <!--Consulta_parametros_CPE_WiFi_Base-->

        <parameter id="par_cpcpe_wifi_http_code" type="value">
            <contents>
                <value type="value">unknown</value>
            </contents>
        </parameter>

        <parameter id="par_cpcpe_wifi_err_code" type="value">
            <contents>
                <value type="value">unknown</value>
            </contents>
        </parameter>

        <parameter id="par_cpcpe_wifi_err_desc" type="value">
            <contents>
                <value type="value">unknown</value>
            </contents>
        </parameter>

        <parameter id="par_cpcpe_wifi_base_table" type="table">
            <contents>
                <value type="value">unknown</value>
            </contents>
        </parameter>

        <parameter id="par_wifi_base" type="table">
            <contents>
                <value type="value">unknown</value>
            </contents>
        </parameter>

        <parameter id="par_wifi_bandsteering" type="table">
            <contents>
                <value type="value">unknown</value>
            </contents>
        </parameter>

        <parameter id="par_wifi_bandwidth" type="table">
            <contents>
                <value type="value">unknown</value>
            </contents>
        </parameter>
        
        <!-- Consulta_parametros_CPE -->
        
        <parameter id="par_cpcpe_wan_connection_status" type="value">
            <contents>
                <value type="value">unknown</value>
            </contents>
        </parameter>

        <parameter id="par_cpcpe_wan_default_gw" type="value">
            <contents>
                <value type="value">unknown</value>
            </contents>
        </parameter>

        <parameter id="par_cpcpe_wan_name" type="value">
            <contents>
                <value type="value">unknown</value>
            </contents>
        </parameter>

        <parameter id="par_cpcpe_wan_uptime" type="value">
            <contents>
                <value type="value">unknown</value>
            </contents>
        </parameter>
        
        <parameter id="par_cpcpe_wan_username" type="value">
            <contents>
                <value type="value">unknown</value>
            </contents>
        </parameter>

        <parameter id="par_cpcpe_wan_external_ip_address" type="value">
            <contents>
                <value type="value">unknown</value>
            </contents>
        </parameter>

        <parameter id="par_cpcpe_wan_dns_servers" type="value">
            <contents>
                <value type="value">unknown</value>
            </contents>
        </parameter>

        <parameter id="par_cpcpe_wan_number_of_cuts" type="value">
            <contents>
                <value type="value">unknown</value>
            </contents>
        </parameter>

        <parameter id="par_cpcpe_wan_link_retrain" type="value">
            <contents>
                <value type="value">unknown</value>
            </contents>
        </parameter>

        <parameter id="par_cpcpe_http_code" type="value">
            <contents>
                <value type="value">unknown</value>
            </contents>
        </parameter>

        <parameter id="par_cpcpe_err_code" type="value">
            <contents>
                <value type="value">unknown</value>
            </contents>
        </parameter>

        <parameter id="par_cpcpe_err_desc" type="value">
            <contents>
                <value type="value">unknown</value>
            </contents>
        </parameter>

        <parameter id="par_cpcpe_voice_http_code" type="value">
            <contents>
                <value type="value">unknown</value>
            </contents>
        </parameter>

        <parameter id="par_cpcpe_voice_err_code" type="value">
            <contents>
                <value type="value">unknown</value>
            </contents>
        </parameter>

        <parameter id="par_cpcpe_voice_err_desc" type="value">
            <contents>
                <value type="value">unknown</value>
            </contents>
        </parameter>

        <parameter id="par_cpcpe_base_table" type="table">
            <contents>
                <value type="value">unknown</value>
            </contents>
        </parameter>

        <parameter id="par_cpcpe_uptime" type="value">
            <contents>
                <value type="value">unknown</value>
            </contents>
        </parameter>

        <parameter id="par_wifi_bandsteering_diag" type="table">
            <contents>
                <value type="value">unknown</value>
            </contents>
        </parameter>

        <parameter id="par_cpcpe_voice_table" type="table">
            <contents>
                <value type="value">unknown</value>
            </contents>
        </parameter>

        <!--Checkonline-->
        <parameter id="par_co_http_code" type="value">
            <contents>
                <value type="value">unknown</value>
            </contents>
        </parameter>

        <parameter id="par_co_err_code" type="value">
            <contents>
                <value type="value">unknown</value>
            </contents>
        </parameter>

        <parameter id="par_co_err_desc" type="value">
            <contents>
                <value type="value">unknown</value>
            </contents>
        </parameter>

        <parameter id="par_co_reason_code" type="value">
            <contents>
                <value type="value">unknown</value>
            </contents>
        </parameter>

        <parameter id="par_co_errordetail" type="value">
            <contents>
                <value type="value">unknown</value>
            </contents>
        </parameter>

        <parameter id="par_co_resource" type="table">
            <contents>
                <value type="value">unknown</value>
            </contents>
        </parameter>

        <parameter id="par_co_rrc" type="table">
            <contents>
                <value type="value">unknown</value>
            </contents>
        </parameter>

        <parameter id="par_co_note" type="table">
            <contents>
                <value type="value">unknown</value>
            </contents>
        </parameter>

        <parameter id="par_co_charact" type="table">
            <contents>
                <value type="value">unknown</value>
            </contents>
        </parameter>
        
        <!-- Consulta_parametros_CPE_Con_Devices -->
        
        <parameter id="par_cpcpe_condev_http_code" type="value">
            <contents>
                <value type="value">unknown</value>
            </contents>
        </parameter>

        <parameter id="par_cpcpe_condev_err_code" type="value">
            <contents>
                <value type="value">unknown</value>
            </contents>
        </parameter>

        <parameter id="par_cpcpe_condev_err_desc" type="value">
            <contents>
                <value type="value">unknown</value>
            </contents>
        </parameter>

        <parameter id="par_cpcpe_con_devices_table" type="table">
            <contents>
                <value type="value">unknown</value>
            </contents>
        </parameter>
        
        <!-- Consulta_parametros_CPE_SuperWiFi -->

        <parameter id="par_cpcpe_superwifi_http_code" type="value">
            <contents>
                <value type="value">unknown</value>
            </contents>
        </parameter>

        <parameter id="par_cpcpe_superwifi_err_code" type="value">
            <contents>
                <value type="value">unknown</value>
            </contents>
        </parameter>

        <parameter id="par_cpcpe_superwifi_err_desc" type="value">
            <contents>
                <value type="value">unknown</value>
            </contents>
        </parameter>

        <parameter id="par_cpcpe_superwifi_base_table" type="table">
            <contents>
                <value type="value">unknown</value>
            </contents>
        </parameter>

        <parameter id="par_cpcpe_superwifi_failure_text" type="value">
            <contents>
                <value type="value">unknown</value>
            </contents>
        </parameter>
        
        <!-- Consulta_parametros_CPE_IfTV -->
        
        <parameter id="par_cpcpe_iftv_http_code" type="value">
            <contents>
                <value type="value">unknown</value>
            </contents>
        </parameter>

        <parameter id="par_cpcpe_iftv_err_code" type="value">
            <contents>
                <value type="value">unknown</value>
            </contents>
        </parameter>

        <parameter id="par_cpcpe_iftv_err_desc" type="value">
            <contents>
                <value type="value">unknown</value>
            </contents>
        </parameter>

        <parameter id="par_cpcpe_iftv_vt" type="value">
            <contents>
                <value type="value">unknown</value>
            </contents>
        </parameter>
        
        <!-- CPCPE_Comprob_Post_Lentitud -->
        
        <parameter id="par_cpcpe_comprob_post_lentitud_http_code" type="value">
            <contents>
                <value type="value">unknown</value>
            </contents>
        </parameter>

        <parameter id="par_cpcpe_comprob_post_lentitud_err_code" type="value">
            <contents>
                <value type="value">unknown</value>
            </contents>
        </parameter>

        <parameter id="par_cpcpe_comprob_post_lentitud_err_desc" type="value">
            <contents>
                <value type="value">unknown</value>
            </contents>
        </parameter>

        <parameter id="par_cpcpe_comprob_post_lentitud_base_table" type="table">
            <contents>
                <value type="value">unknown</value>
            </contents>
        </parameter>

    </parameters>

    <tests>
        
        <test id="tst_template">
            <expr type="and">
                <reference type="test" id="tst_endpoint_od_isko"/>
            </expr>
        </test>

        <test id="tst_endpoint_cpcpe_wifi_isok">
            <expr type="and" result="false">
                <reference type="test" id="tst_endpoint_od_isok"/>
                <reference type="check" id="chk_cpcpe_wifi_err_code_ok"/>
                <reference type="check" id="chk_cpcpe_wifi_http_code_ok"/>
            </expr>
        </test>

        <test id="tst_endpoint_cpcpe_isok">
            <expr type="and" result="false">
                <reference type="test" id="tst_endpoint_od_isok"/>
                <reference type="check" id="chk_cpcpe_err_code_ok"/>
                <reference type="check" id="chk_cpcpe_http_code_ok"/>
            </expr>
        </test>

        <test id="tst_endpoint_cpcpe_voice_isok">
            <expr type="and" result="false">
                <reference type="test" id="tst_endpoint_od_isok"/>
                <reference type="check" id="chk_cpcpe_voice_err_code_ok"/>
                <reference type="check" id="chk_cpcpe_voice_http_code_ok"/>
            </expr>
        </test>

        <test id="tst_endpoint_cpcpe_condev_isok">
            <expr type="and" result="false">
                <reference type="test" id="tst_endpoint_od_isok"/>
                <reference type="check" id="chk_cpcpe_condev_err_code_ok"/>
                <reference type="check" id="chk_cpcpe_condev_http_code_ok"/>
            </expr>
        </test>

        <test id="tst_endpoint_cpcpe_superwifi_isok">
            <expr type="and" result="false">
                <reference type="test" id="tst_endpoint_od_isok"/>
                <reference type="check" id="chk_cpcpe_superwifi_err_code_ok"/>
                <reference type="check" id="chk_cpcpe_superwifi_http_code_ok"/>
            </expr>
        </test>

        <test id="tst_endpoint_cpcpe_iftv_isok">
            <expr type="and" result="false">
                <reference type="test" id="tst_endpoint_od_isok"/>
                <reference type="check" id="chk_cpcpe_iftv_err_code_ok"/>
                <reference type="check" id="chk_cpcpe_iftv_http_code_ok"/>
            </expr>
        </test>

        <test id="tst_endpoint_cpcpe_comprob_post_lentitud_isok">
            <expr type="and" result="false">
              <reference type="test" id="tst_endpoint_od_isok"/>
              <reference type="check" id="chk_cpcpe_comprob_post_lentitud_err_code_ok"/>
              <reference type="check" id="chk_cpcpe_comprob_post_lentitud_http_code_ok"/>
          </expr>
        </test>
        <test id="tst_cpe_online">
            <expr type="and" result="false">
              <reference type="test" id="tst_endpoint_co_isok"/>
              <reference type="check" id="chk_co_activated_eq_true"/>
          </expr>
        </test>
        <test id="tst_endpoint_co_isko">
            <expr type="and" result="true">
              <reference type="test" id="tst_endpoint_co_isok"/>
              <reference type="check" id="chk_co_activated_eq_true"/>
          </expr>
        </test>

        <test id="tst_endpoint_co_isok">
            <expr type="and" result="false">
              <reference type="test" id="tst_endpoint_co_isok"/>
              <reference type="check" id="chk_co_activated_eq_true"/>
          </expr>
        </test>
        <test id="tst_cpcpe_problemas_wifi">
            <expr type="and" result="false">
              <reference type="test" id="tst_endpoint_co_isok"/>
              <reference type="check" id="chk_co_activated_eq_true"/>
          </expr>
        </test>

    </tests>
</template>