<?xml version='1.0' encoding='UTF-8'?>
<template role="cpe" parent="role_cpe" version="3.0" type="role">

    <!-- ################################################################################ -->
    <!-- ##########################   PARAMETROS ######################################## -->
    <!-- ################################################################################ -->

    <parameters>
        <parameter id="par_front_rgus_cpe" type="value">
            <contents>
                <value type="parameter" role="front">par_customer_service_datos</value>
                <value type="parameter" role="front">par_customer_service_voip</value>
            </contents>
        </parameter>

        <parameter id="par_number_of_cpe_parameters" type="value">
            <contents>
				<!-- JJSM 20230728 - Optimizacion - Se elimina linea de Hosts -->
                <value type="value">Datosunknown,26;</value><!-- JJSM 20220614 - SP1403 - Antes 25 --><!--FCS20210624_REQ_005_1_3_Antes 12--><!--FCS20210624_REQ_005_1_4_ antes 13--><!-- JJSM 20210721 - INC000042214120 - Antes 14 -->
                <value type="value">DatosVoIP,37</value><!-- JJSM 20220614 - SP1403 - Antes 36 --><!--FCS20210624_REQ_005_1_3_Antes 23--><!--FCS20210624_REQ_005_1_4_ antes 24--><!-- JJSM 20210721 - INC000042214120 - Antes 25 -->
				<!-- JJSM 20230728 - Optimizacion - Se elimina linea de Hosts -->
			</contents>
            <sequence>
                <operation type="row_delimiter">
                    <args><arg><value type="value">;</value></arg></args>
                </operation>
                <operation type="column_delimiter">
                    <args><arg><value type="value">,</value></arg></args>
                </operation>
                <operation type="column_index">
                    <args><arg><value type="value">1</value></arg></args>
                </operation>
                <operation type="column_equal">
                    <args><arg><value type="parameter">par_front_rgus_cpe</value></arg></args>
                </operation>
                <operation type="column_selector">
                    <args><arg><value type="value">2</value></arg></args>
                </operation>
            </sequence>
        </parameter>

        <parameter id="par_query_voice_parameters" type="value">
            <contents>
                <value type="value">Datosunknown; </value>
                <value type="value">#</value>
                <value type="value">DatosVoIP;<![CDATA[{"query":"$.characteristic[*].characteristicsValue[type = 'parameterName'].value=InternetGatewayDevice.Services.VoiceService.1.VoiceProfile.1.SIP.OutboundProxy"},{"query":"$.characteristic[*].characteristicsValue[type = 'parameterName'].value=InternetGatewayDevice.Services.VoiceService.1.VoiceProfile.1.SIP.OutboundProxyPort"},{"query":"$.characteristic[*].characteristicsValue[type = 'parameterName'].value=InternetGatewayDevice.Services.VoiceService.1.VoiceProfile.1.SIP.ProxyServerPort"},{"query":"$.characteristic[*].characteristicsValue[type = 'parameterName'].value=InternetGatewayDevice.Services.VoiceService.1.VoiceProfile.1.SIP.X_AltProxyServer"},{"query":"$.characteristic[*].characteristicsValue[type = 'parameterName'].value=InternetGatewayDevice.Services.VoiceService.1.VoiceProfile.1.SIP.X_AltProxyServerPort"},{"query":"$.characteristic[*].characteristicsValue[type = 'parameterName'].value=InternetGatewayDevice.Services.VoiceService.1.VoiceProfile.1.Line.1.SIP.URI"},{"query":"$.characteristic[*].characteristicsValue[type = 'parameterName'].value=InternetGatewayDevice.Services.VoiceService.1.VoiceProfile.1.Line.1.SIP.AuthUserName"},{"query":"$.characteristic[*].characteristicsValue[type = 'parameterName'].value=InternetGatewayDevice.Services.VoiceService.1.VoiceProfile.1.Line.1.Enable"},{"query":"$.characteristic[*].characteristicsValue[type = 'parameterName'].value=InternetGatewayDevice.Services.VoiceService.1.VoiceProfile.1.Line.1.Status"},{"query":"$.characteristic[*].characteristicsValue[type = 'parameterName'].value=InternetGatewayDevice.Services.VoiceService.1.VoiceProfile.1.SIP.ProxyServer"},{"query":  "$.characteristic[*].characteristicsValue[type = 'parameterName'].value=InternetGatewayDevice.Services.VoiceService.1.PhyInterface.1.X_PortStatus"},]]></value>
            </contents>
            <sequence>
                <operation type="row_delimiter">
                    <args><arg><value type="value">#</value></arg></args>
                </operation>
                <operation type="column_delimiter">
                    <args><arg><value type="value">;</value></arg></args>
                </operation>
                <operation type="column_index">
                    <args><arg><value type="value">1</value></arg></args>
                </operation>
                <operation type="column_equal">
                    <args><arg><value type="parameter">par_front_rgus_cpe</value></arg></args>
                </operation>
                <operation type="column_selector">
                    <args><arg><value type="value">2</value></arg></args>
                </operation>
            </sequence>
        </parameter>
		<!--FCS20210624_REQ_005_1_3_Se añade {"query":  "$.characteristic[*].characteristicsValue[type = 'parameterName'].value=InternetGatewayDevice.WANDevice.3.WANConnectionDevice.1.WANPPPConnection.1."}-->
		<!--JJSM 20210824 - INC000043658513 - SE MODIFICA InternetGatewayDevice.WANDevice.3.WANDSLInterfaceConfig POR InternetGatewayDevice.WANDevice.1.WANDSLInterfaceConfig-->
		<!--JJSM 20220606 - SP1403 - Se añaden
			InternetGatewayDevice.LANDevice.1.WLANConfiguration.1.RadioEnabled
			InternetGatewayDevice.LANDevice.1.WLANConfiguration.2.RadioEnabled -->
		<!-- JJSM 20230728 - Optimizacion - Se elimina linea de Hosts -->
		<paremeter id="par_query_parameters_CPE" type="value">
            <contents>
                <value type="value"><![CDATA["},
                {"query":  "$.extraId[schemeID='parameterNumber'].value=]]></value>
                <value type="parameter">par_number_of_cpe_parameters</value>
                <value type="value"><![CDATA["},
                {"query":  "$.characteristic[*].characteristicsValue[type = 'parameterName'].value=InternetGatewayDevice.LANDevice.1.WLANConfiguration.1.SSID"},
                {"query":  "$.characteristic[*].characteristicsValue[type = 'parameterName'].value=InternetGatewayDevice.LANDevice.1.WLANConfiguration.2.SSID"},
                {"query":  "$.characteristic[*].characteristicsValue[type = 'parameterName'].value=InternetGatewayDevice.LANDevice.1.WLANConfiguration.1.BSSID"},
                {"query":  "$.characteristic[*].characteristicsValue[type = 'parameterName'].value=InternetGatewayDevice.LANDevice.1.WLANConfiguration.2.BSSID"},
                {"query":  "$.characteristic[*].characteristicsValue[type = 'parameterName'].value=InternetGatewayDevice.LANDevice.1.WLANConfiguration.1.Channel"},
                {"query":  "$.characteristic[*].characteristicsValue[type = 'parameterName'].value=InternetGatewayDevice.LANDevice.1.WLANConfiguration.2.Channel"},
                {"query":  "$.characteristic[*].characteristicsValue[type = 'parameterName'].value=InternetGatewayDevice.LANDevice.1.WLANConfiguration.1.BeaconType"},
                {"query":  "$.characteristic[*].characteristicsValue[type = 'parameterName'].value=InternetGatewayDevice.LANDevice.1.WLANConfiguration.2.BeaconType"},
                {"query":  "$.characteristic[*].characteristicsValue[type = 'parameterName'].value=InternetGatewayDevice.LANDevice.1.WLANConfiguration.1.Status"},
                {"query":  "$.characteristic[*].characteristicsValue[type = 'parameterName'].value=InternetGatewayDevice.LANDevice.1.WLANConfiguration.2.Status"},
				
                {"query":  "$.characteristic[*].characteristicsValue[type = 'parameterName'].value=InternetGatewayDevice.LANDevice.1.WLANConfiguration.1.RadioEnabled"},
                {"query":  "$.characteristic[*].characteristicsValue[type = 'parameterName'].value=InternetGatewayDevice.LANDevice.1.WLANConfiguration.2.RadioEnabled"},
				
                {"query":  "$.characteristic[*].characteristicsValue[type = 'parameterName'].value=InternetGatewayDevice.LANDevice.1.WLANConfiguration.1.AutoChannelEnable"},
                {"query":  "$.characteristic[*].characteristicsValue[type = 'parameterName'].value=InternetGatewayDevice.LANDevice.1.WLANConfiguration.2.AutoChannelEnable"},
                {"query":  "$.characteristic[*].characteristicsValue[type = 'parameterName'].value=InternetGatewayDevice.LANDevice.1.WLANConfiguration.1.SSIDAdvertisementEnabled"},
                {"query":  "$.characteristic[*].characteristicsValue[type = 'parameterName'].value=InternetGatewayDevice.LANDevice.1.WLANConfiguration.2.SSIDAdvertisementEnabled"},
                {"query":  "$.characteristic[*].characteristicsValue[type = 'parameterName'].value=InternetGatewayDevice.WANDevice.3.WANConnectionDevice.1.WANPPPConnection.1."},
                {"query":  "$.characteristic[*].characteristicsValue[type = 'parameterName'].value=InternetGatewayDevice.WANDevice.1.WANDSLInterfaceConfig."},

                {"query":  "$.characteristic[*].characteristicsValue[type = 'parameterName'].value=InternetGatewayDevice.LANDevice.1.Hosts.HostNumberOfEntries"},
                {"query":  "$.characteristic[*].characteristicsValue[type = 'parameterName'].value=InternetGatewayDevice.LANDevice.1.WLANConfiguration.1.TotalAssociations"},
                {"query":  "$.characteristic[*].characteristicsValue[type = 'parameterName'].value=InternetGatewayDevice.LANDevice.1.WLANConfiguration.1.AssociatedDevice."},
                {"query":  "$.characteristic[*].characteristicsValue[type = 'parameterName'].value=InternetGatewayDevice.LANDevice.1.WLANConfiguration.2.AssociatedDevice."},				
                {"query":  "$.characteristic[*].characteristicsValue[type = 'parameterName'].value=InternetGatewayDevice.Time.LocalTimeZone"},
                {"query":  "$.characteristic[*].characteristicsValue[type = 'parameterName'].value=InternetGatewayDevice.DeviceInfo.MemoryStatus.Free"},
                {"query":  "$.characteristic[*].characteristicsValue[type = 'parameterName'].value=InternetGatewayDevice.DeviceInfo.ProcessStatus.CPUUsage"},
                {"query":  "$.characteristic[*].characteristicsValue[type = 'parameterName'].value=InternetGatewayDevice.DeviceInfo.UpTime"},]]></value>
                <value type="parameter">par_query_voice_parameters</value>
                <value type="value"><![CDATA[{"query":"$.resource[name='INPUT'].extraId[schemeName='ExecutionTimeoutSeconds'].value=60"},
                {"query":"$.resource[name='INPUT'].extraId[schemeName='ExpirationTimeoutSeconds'].value=60"},
                {"query":"$.resource[name='INPUT'].extraId[schemeName='Priority'].value=100"},
                {"query":"$.resource[name='INPUT'].extraId[schemeName='updateCachedDataRecord'].value=false"},
                {"query":"$.resource[name='INPUT'].extraId[schemeName='DisableCaptureConstraint'].value=true"},
                {"query":"$.resource[name='INPUT'].extraId[schemeName='FailOnConnectionRequestFailure'].value=false"},
                {"query":"$.resource[name='INPUT'].extraId[schemeName='RequestTimeout'].value=180000"}]}]]></value>
            </contents>
        </paremeter>
        <paremeter id="par_query_wifi_base" type="value">
            <contents>
                <value type="value"><![CDATA["},
                {"query":  "$.extraId[schemeID='parameterNumber'].value=18"},
                {"query":  "$.characteristic[*].characteristicsValue[type = 'parameterName'].value=InternetGatewayDevice.LANDevice.1.WLANConfiguration.1.SSID"},
                {"query":  "$.characteristic[*].characteristicsValue[type = 'parameterName'].value=InternetGatewayDevice.LANDevice.1.WLANConfiguration.1.Status"},
                {"query":  "$.characteristic[*].characteristicsValue[type = 'parameterName'].value=InternetGatewayDevice.LANDevice.1.WLANConfiguration.1.BSSID"},
                {"query":  "$.characteristic[*].characteristicsValue[type = 'parameterName'].value=InternetGatewayDevice.LANDevice.1.WLANConfiguration.1.Channel"},
                {"query":  "$.characteristic[*].characteristicsValue[type = 'parameterName'].value=InternetGatewayDevice.LANDevice.1.WLANConfiguration.1.AutoChannelEnable"},
                {"query":  "$.characteristic[*].characteristicsValue[type = 'parameterName'].value=InternetGatewayDevice.LANDevice.1.WLANConfiguration.1.RadioEnabled"},
                {"query":  "$.characteristic[*].characteristicsValue[type = 'parameterName'].value=InternetGatewayDevice.LANDevice.1.WLANConfiguration.1.BeaconType"},
                {"query":  "$.characteristic[*].characteristicsValue[type = 'parameterName'].value=InternetGatewayDevice.LANDevice.1.WLANConfiguration.1.SSIDAdvertisementEnabled"},
                {"query":  "$.characteristic[*].characteristicsValue[type = 'parameterName'].value=InternetGatewayDevice.LANDevice.1.WLANConfiguration.1.Enable"},

                {"query":  "$.characteristic[*].characteristicsValue[type = 'parameterName'].value=InternetGatewayDevice.LANDevice.1.WLANConfiguration.2.SSID"},
                {"query":  "$.characteristic[*].characteristicsValue[type = 'parameterName'].value=InternetGatewayDevice.LANDevice.1.WLANConfiguration.2.Status"},
                {"query":  "$.characteristic[*].characteristicsValue[type = 'parameterName'].value=InternetGatewayDevice.LANDevice.1.WLANConfiguration.2.Channel"},
                {"query":  "$.characteristic[*].characteristicsValue[type = 'parameterName'].value=InternetGatewayDevice.LANDevice.1.WLANConfiguration.2.AutoChannelEnable"},
                {"query":  "$.characteristic[*].characteristicsValue[type = 'parameterName'].value=InternetGatewayDevice.LANDevice.1.WLANConfiguration.2.RadioEnabled"},
                {"query":  "$.characteristic[*].characteristicsValue[type = 'parameterName'].value=InternetGatewayDevice.LANDevice.1.WLANConfiguration.2.BSSID"},
                {"query":  "$.characteristic[*].characteristicsValue[type = 'parameterName'].value=InternetGatewayDevice.LANDevice.1.WLANConfiguration.2.BeaconType"},
                {"query":  "$.characteristic[*].characteristicsValue[type = 'parameterName'].value=InternetGatewayDevice.LANDevice.1.WLANConfiguration.2.Enable"},
                {"query":  "$.characteristic[*].characteristicsValue[type = 'parameterName'].value=InternetGatewayDevice.LANDevice.1.WLANConfiguration.2.SSIDAdvertisementEnabled"},
                {"query":"$.resource[name='INPUT'].extraId[schemeName='ExecutionTimeoutSeconds'].value=60"},
                {"query":"$.resource[name='INPUT'].extraId[schemeName='ExpirationTimeoutSeconds'].value=60"},
                {"query":"$.resource[name='INPUT'].extraId[schemeName='Priority'].value=100"},
                {"query":"$.resource[name='INPUT'].extraId[schemeName='updateCachedDataRecord'].value=false"},
                {"query":"$.resource[name='INPUT'].extraId[schemeName='DisableCaptureConstraint'].value=true"},
                {"query":"$.resource[name='INPUT'].extraId[schemeName='FailOnConnectionRequestFailure'].value=false"},
                {"query":"$.resource[name='INPUT'].extraId[schemeName='RequestTimeout'].value=180000"}]}]]></value>
            </contents>
        </paremeter>
        <paremeter id="par_query_con_devices" type="value">
            <contents>
                <value type="value"><![CDATA["},
                {"query":  "$.extraId[schemeID='parameterNumber'].value=5"},
                {"query":  "$.characteristic[*].characteristicsValue[type = 'parameterName'].value=InternetGatewayDevice.LANDevice.1.Hosts."},
                {"query":  "$.characteristic[*].characteristicsValue[type = 'parameterName'].value=InternetGatewayDevice.LANDevice.1.WLANConfiguration.1.SSID"},
                {"query":  "$.characteristic[*].characteristicsValue[type = 'parameterName'].value=InternetGatewayDevice.LANDevice.1.WLANConfiguration.2.SSID"},
                {"query":  "$.characteristic[*].characteristicsValue[type = 'parameterName'].value=InternetGatewayDevice.LANDevice.1.WLANConfiguration.1.AssociatedDevice."},
                {"query":  "$.characteristic[*].characteristicsValue[type = 'parameterName'].value=InternetGatewayDevice.LANDevice.1.WLANConfiguration.2.AssociatedDevice."},
                {"query":"$.resource[name='INPUT'].extraId[schemeName='ExecutionTimeoutSeconds'].value=60"},
                {"query":"$.resource[name='INPUT'].extraId[schemeName='ExpirationTimeoutSeconds'].value=60"},
                {"query":"$.resource[name='INPUT'].extraId[schemeName='Priority'].value=100"},
                {"query":"$.resource[name='INPUT'].extraId[schemeName='updateCachedDataRecord'].value=false"},
                {"query":"$.resource[name='INPUT'].extraId[schemeName='DisableCaptureConstraint'].value=true"},
                {"query":"$.resource[name='INPUT'].extraId[schemeName='FailOnConnectionRequestFailure'].value=false"},
                {"query":"$.resource[name='INPUT'].extraId[schemeName='RequestTimeout'].value=180000"}]}]]></value>
            </contents>
        </paremeter>

        <paremeter id="par_front_access_type" type="value">
            <contents>
                <value type="parameter" role="front">par_access_type</value>
            </contents>
        </paremeter>

        <parameter id="par_root_path_wifi" type="value">
            <contents>
                <value type="value">InternetGatewayDevice.LANDevice.1.WLANConfiguration.</value>
            </contents>
        </parameter>
		
		<!-- JJSM 20220706 - SP1501 - INICIO  -->
        <parameter id="par_root_channel_5" type="value">
          <contents>
            <value type="value">InternetGatewayDevice.LANDevice.1.WLANConfiguration.2.Channel</value>
          </contents>
        </parameter>
		<!-- JJSM 20220706 - SP1501 - INICIO  -->

        <!--DCL20220217 - Zhilabs - INICIO -->
        <parameter id="par_root_actpath_wifi_enable_24" type="value">
          <contents>
            <value type="value">InternetGatewayDevice.LANDevice.1.WLANConfiguration.1.Enable</value>
          </contents>
        </parameter>

        <parameter id="par_root_actpath_wifi_enable_5" type="value">
          <contents>
            <value type="value">InternetGatewayDevice.LANDevice.1.WLANConfiguration.2.Enable</value>
          </contents>
        </parameter>

        <parameter id="par_root_actpath_radio_enable_24" type="value">
          <contents>
            <value type="value">InternetGatewayDevice.LANDevice.1.WLANConfiguration.1.RadioEnabled</value>
          </contents>
        </parameter>

        <parameter id="par_root_actpath_radio_enable_5" type="value">
          <contents>
            <value type="value">InternetGatewayDevice.LANDevice.1.WLANConfiguration.2.RadioEnabled</value>
          </contents>
        </parameter>

        <parameter id="par_root_actpath_ssid_enable_24" type="value">
          <contents>
            <value type="value">InternetGatewayDevice.LANDevice.1.WLANConfiguration.1.SSIDAdvertisementEnabled</value>
          </contents>
        </parameter>

        <parameter id="par_root_actpath_ssid_enable_5" type="value">
          <contents>
            <value type="value">InternetGatewayDevice.LANDevice.1.WLANConfiguration.2.SSIDAdvertisementEnabled</value>
          </contents>
        </parameter>

        <parameter id="par_root_actpath_autochannel_24" type="value">
          <contents>
            <value type="value">InternetGatewayDevice.LANDevice.1.WLANConfiguration.1.AutoChannelEnable</value>
          </contents>
        </parameter>

        <parameter id="par_root_actpath_autochannel_5" type="value">
          <contents>
            <value type="value">InternetGatewayDevice.LANDevice.1.WLANConfiguration.2.AutoChannelEnable</value>
          </contents>
        </parameter>
        <!--DCL20220217 - Zhilabs - FIN -->

        <parameter id="par_path_enable_ssid5" type="value">
            <contents>
                <value type="parameter">par_root_path_wifi</value>
                <value type="value">2.Enable</value>
            </contents>
        </parameter>
        <parameter id="par_path_radioenabled5" type="value">
            <contents>
                <value type="parameter">par_root_path_wifi</value>
                <value type="value">2.RadioEnabled</value>
            </contents>
        </parameter>
        <parameter id="par_path_ssid_oculto5" type="value">
            <contents>
                <value type="value">InternetGatewayDevice.LANDevice.1.WLANConfiguration.2.SSIDAdvertisementEnabled</value>
            </contents>
        </parameter>
        <parameter id="par_path_correct_timezone" type="value">
            <contents>
                <value type="value">InternetGatewayDevice.Time.LocalTimeZoneName</value>
            </contents>
        </parameter>

        <parameter id="par_timezone_0000" type="value">
            <contents>
                <value type="value">GMT0BST,M3.5.0/1,M10.5.0</value>
            </contents>
        </parameter>

        <parameter id="par_timezone_0100" type="value">
            <contents>
                <value type="value">CET-1CEST,M3.5.0,M10.5.0/3</value>
            </contents>
        </parameter>

        <parameter id="par_cpcpe_telephone_number" type="value" name="CPE_TelephoneNumber">
            <contents>
              <value type="parameter">par_cpcpe_base_table</value> <!-- AGS20220606 - se corrige parametro duplicado -->
            </contents>
            <sequence>
                <operation type="remove_pattern">
                    <args><arg><value type="value">characteristic.characteristicsValue.</value></arg></args>
                </operation>
                <operation type="header_selector">
                    <args><arg><value type="value">description;name;value</value></arg></args>
                </operation>
                <operation type="column_index">
                    <args><arg><value type="value">1</value></arg></args>
                </operation>
                <operation type="column_equal">
                    <args><arg><value type="value">value</value></arg></args>
                </operation>
                <operation type="column_index">
                    <args><arg><value type="value">2</value></arg></args>
                </operation>
                <operation type="column_contain">
                    <args><arg><value type="value">InternetGatewayDevice.Services.VoiceService.1.VoiceProfile.1.Line.1.SIP.URI</value></arg></args>
                </operation>
                <operation type="column_selector">
                    <args><arg><value type="value">3</value></arg></args>
                </operation>
            </sequence>
        </parameter>

        <parameter id="par_cpcpe_secondary_ip_one" type="value" name="CPE_SecondaryOutboundProxyIP">
            <contents>
              <value type="parameter">par_cpcpe_base_table</value> <!-- AGS20220606 - se corrige parametro duplicado -->
            </contents>
            <sequence>
                <operation type="remove_pattern">
                    <args><arg><value type="value">characteristic.characteristicsValue.</value></arg></args>
                </operation>
                <operation type="header_selector">
                    <args><arg><value type="value">description;name;value</value></arg></args>
                </operation>
                <operation type="column_index">
                    <args><arg><value type="value">1</value></arg></args>
                </operation>
                <operation type="column_equal">
                    <args><arg><value type="value">value</value></arg></args>
                </operation>
                <operation type="column_index">
                    <args><arg><value type="value">2</value></arg></args>
                </operation>
                <operation type="column_equal">
                    <args><arg><value type="value">InternetGatewayDevice.Services.VoiceService.1.VoiceProfile.1.SIP.X_AltProxyServer</value></arg></args>
                </operation>
                <operation type="column_selector">
                    <args><arg><value type="value">3</value></arg></args>
                </operation>
            </sequence>
        </parameter>

        <parameter id="par_cpcpe_secondary_port_two" type="value" name="CPE_SecondaryProxyPort">
            <contents>
              <value type="parameter">par_cpcpe_base_table</value> <!-- AGS20220606 - se corrige parametro duplicado -->
            </contents>
            <sequence>
                <operation type="remove_pattern">
                    <args><arg><value type="value">characteristic.characteristicsValue.</value></arg></args>
                </operation>
                <operation type="header_selector">
                    <args><arg><value type="value">description;name;value</value></arg></args>
                </operation>
                <operation type="column_index">
                    <args><arg><value type="value">1</value></arg></args>
                </operation>
                <operation type="column_equal">
                    <args><arg><value type="value">value</value></arg></args>
                </operation>
                <operation type="column_index">
                    <args><arg><value type="value">2</value></arg></args>
                </operation>
                <operation type="column_equal">
                    <args><arg><value type="value">InternetGatewayDevice.Services.VoiceService.1.VoiceProfile.1.SIP.X_AltProxyServerPort</value></arg></args>
                </operation>
                <operation type="column_selector">
                    <args><arg><value type="value">3</value></arg></args>
                </operation>
            </sequence>
        </parameter>
        <!--FCS20210701_REQ_005_2_Se corrige parametro-->
        <parameter id="par_wifi_ssid_oculto_5" type="value">
            <contents>
                <value type="parameter">par_cpcpe_base_table</value>
            </contents>
            <sequence>
                <operation type="column_index">
                    <args><arg><value type="value">5</value></arg></args>
                </operation>
                <operation type="column_equal">
                    <args><arg><value type="value">InternetGatewayDevice.LANDevice.1.WLANConfiguration.2.SSIDAdvertisementEnabled</value></arg></args>
                </operation>
                 <!--FCS20210701_REQ_005_2_INICIO-->
                <operation type="column_index">
                    <args><arg><value type="value">4</value></arg></args>
                </operation>
                <operation type="column_equal">
                    <args><arg><value type="value">value</value></arg></args>
                </operation>
                <operation type="column_selector">
                    <args><arg><value type="value">7</value></arg></args>
                </operation>
                <!--FCS20210701_REQ_005_2_FIN-->
            </sequence>
        </parameter>
        <parameter id="par_wifi_ssids" type="table" name="Resumen SSIDs">
            <contents>
                <value type="parameter">par_cpcpe_wifi_base_table</value>
            </contents>
            <sequence>
                <operation type="header_selector">
                    <args><arg><value type="value">key;key;value</value></arg></args>
                </operation>
                <operation type="first_row">
                    <args><arg><value type="value">2</value></arg></args>
                </operation>
                <!-- Nos quedamos con los valores que empiecen por esa raíz -->
                <operation type="column_index">
                    <args><arg><value type="value">2</value></arg></args>
                </operation>
                <operation type="column_contain">
                    <args><arg><value type="value">InternetGatewayDevice.LANDevice.1.WLANConfiguration.</value></arg></args>
                </operation>
                <operation type="column_index">
                    <args><arg><value type="value">2</value></arg></args>
                </operation>
                <operation type="replace_pattern">
                    <args><arg><value type="value">InternetGatewayDevice.LANDevice.1.WLANConfiguration.([0-9]+)\..*@to@$1</value></arg></args>
                </operation>
                <!-- Eliminamos la raíz de las claves para quedarnos con el nombre "local" -->
                <operation type="column_index">
                    <args><arg><value type="value">1</value></arg></args>
                </operation>
                <operation type="replace_pattern">
                    <args><arg><value type="value">InternetGatewayDevice.LANDevice.1.WLANConfiguration.[0-9]+\.(.*)@to@$1</value></arg></args>
                </operation>
                <!-- Le añadimos el índice a los valores para poder ordenar -->
                <operation type="add_header">
                    <args><arg><value type="value">key;index;value</value></arg></args>
                </operation>
                <operation type="column_left">
                    <args><arg><value type="value">index</value></arg></args>
                </operation>
                <operation type="column_right">
                    <args><arg><value type="value">value</value></arg></args>
                </operation>
                <operation type="merge">
                    <args><arg><value type="value">_</value></arg></args>
                </operation>
                <!-- Ordenamos por la nueva columna para tener las claves ordenadas por orden -->
                <operation type="first_row">
                    <args><arg><value type="value">2</value></arg></args>
                </operation>
                <operation type="column_index">
                    <args><arg><value type="value">2</value></arg></args>
                </operation>
                <operation type="order_lex">
                    <args><arg><value type="value">asc</value></arg></args>
                </operation>
                <!-- Convertimos la tabla clave valor en una tabla por ssid-->
                <operation type="transpose"/>
                <operation type="compact_table"/>

                <!-- Seleccionamos las cabeceras necesarias para la tabla final duplicando una de ellas como la primera para extraer el indice metido en el paso previo del merge -->
                <operation type="header_selector">
                    <args><arg><value type="value">BSSID;Status;SSID;BSSID;Channel;Channel;AutoChannelEnable;BeaconType</value></arg></args>
                </operation>
                <operation type="ignore_header">
                    <args><arg><value type="value">true</value></arg></args>
                </operation>

                <!-- Eliminamos la cabecera y extraemos el indice de la columan duplicada -->
                <operation type="column_index">
                    <args><arg><value type="value">1</value></arg></args>
                </operation>
                <operation type="replace_pattern">
                    <args><arg><value type="value">([0-9])_.*@to@$1</value></arg></args>
                </operation>

                <!-- Eliminamos el valor del indice del resto de campos -->
                <operation type="column_index">
                    <args><arg><value type="value">0</value></arg></args>
                </operation>
                <operation type="replace_pattern">
                    <args><arg><value type="value">[0-9]_(.*)@to@$1</value></arg></args>
                </operation>
                <!-- BAND: b24, b5 -->
                <!-- Obtenemos la banda de los posibles canales en vez del canal actual, porque cuando el ssid está apagado y el autochannel está encendido, el canal se pone en 0 -->
                <operation type="column_index">
                    <args><arg><value type="value">5</value></arg></args>
                </operation>
                <operation type="column_index">
                    <args><arg><value type="value">5</value></arg></args>
                </operation>
                <operation type="replace_pattern">
                    <args><arg><value type="value">^([1-9]|1[0-3])$@to@b24</value></arg></args>
                </operation>
                <operation type="replace_pattern">
                    <args><arg><value type="value">^(1[4-9]|[2-9][0-9]|1[0-9]{2}|200)$@to@b5</value></arg></args>
                </operation>

                <!-- SECTYPE: open, wep64, wep128, wpapsk, wpa2psk, wpa12psk -->
                <operation type="column_index">
                    <args><arg><value type="value">8</value></arg></args>
                </operation>
                <operation type="replace_pattern">
                    <args><arg><value type="value">^None$@to@open</value></arg></args>
                </operation>
                <operation type="replace_pattern">
                    <args><arg><value type="value">^Basic$@to@wep64</value></arg></args>
                </operation>
                <operation type="replace_pattern">
                    <args><arg><value type="value">^WPA$@to@wpapsk</value></arg></args>
                </operation>
                <operation type="replace_pattern">
                    <args><arg><value type="value">^11i$@to@wpa2psk</value></arg></args>
                </operation>
                <operation type="replace_pattern">
                    <args><arg><value type="value">^WPAand11i$@to@wpa12psk</value></arg></args>
                </operation>

                <!-- ENABLED: true, false-->
                <operation type="column_index">
                    <args><arg><value type="value">2</value></arg></args>
                </operation>
                <operation type="replace_pattern">
                    <args><arg><value type="value">^(Up)$@to@true</value></arg></args>
                </operation>
                <operation type="replace_pattern">
                    <args><arg><value type="value">^(Error|Disabled)$@to@false</value></arg></args>
                </operation>

                <!-- AutoChannel: true, false -->
                <operation type="column_index">
                    <args><arg><value type="value">7</value></arg></args>
                </operation>
                <operation type="replace_pattern">
                    <args><arg><value type="value">^1$@to@true</value></arg></args>
                </operation>
                <operation type="replace_pattern">
                    <args><arg><value type="value">^0$@to@false</value></arg></args>
                </operation>
                <!-- Dejamos las cabeceras finales -->
                <operation type="first_row">
                    <args><arg><value type="value">2</value></arg></args>
                </operation>
                <operation type="add_header">
                    <args><arg><value type="value">index;enabled;ssid;bssid;band;channel;autochannel;sectype</value></arg></args>
                </operation>
            </sequence>
        </parameter>
		<!-- JJSM 20210721 - INC000042214120 - INICIO -->
        <parameter id="par_wifi_ssids_diag" type="table" name="Resumen SSIDs">
            <contents>
                <value type="parameter">par_cpcpe_base_table</value>
            </contents>
            <sequence>
                <operation type="remove_pattern">
                  <args><arg><value type="value">characteristic.characteristicsValue.</value></arg></args>
                </operation>
                <operation type="header_selector">
                  <args><arg><value type="value">description;name;value</value></arg></args>
                </operation>
                <operation type="column_index">
                  <args><arg><value type="value">2</value></arg></args>
                </operation>
                <operation type="column_contain">
                  <args><arg><value type="value">WLANConfiguration</value></arg></args>
                </operation>
                <operation type="column_index">
                  <args><arg><value type="value">1</value></arg></args>
                </operation>
                <operation type="column_contain">
                  <args><arg><value type="value">value</value></arg></args>
                </operation>
                <operation type="column_index">
                  <args><arg><value type="value">2</value></arg></args>
                </operation>
                <operation type="order_lex">
                  <args><arg><value type="value">asc</value></arg></args>
                </operation>
                <operation type="add_header">
                  <args><arg><value type="value">#;key;value</value></arg></args>
                </operation>
                <operation type="header_selector">
                  <args><arg><value type="value">key;value</value></arg></args>
                </operation>
                <operation type="header_selector">
                    <args><arg><value type="value">key;key;value</value></arg></args>
                </operation>
                <operation type="first_row">
                    <args><arg><value type="value">2</value></arg></args>
                </operation>
                <!-- Nos quedamos con los valores que empiecen por esa raíz -->
                <operation type="column_index">
                    <args><arg><value type="value">2</value></arg></args>
                </operation>
                <operation type="column_contain">
                    <args><arg><value type="value">InternetGatewayDevice.LANDevice.1.WLANConfiguration.</value></arg></args>
                </operation>
                <operation type="column_index">
                    <args><arg><value type="value">2</value></arg></args>
                </operation>
                <operation type="replace_pattern">
                    <args><arg><value type="value">InternetGatewayDevice.LANDevice.1.WLANConfiguration.([0-9]+)\..*@to@$1</value></arg></args>
                </operation>
                <!-- Eliminamos la raíz de las claves para quedarnos con el nombre "local" -->
                <operation type="column_index">
                    <args><arg><value type="value">1</value></arg></args>
                </operation>
                <operation type="replace_pattern">
                    <args><arg><value type="value">InternetGatewayDevice.LANDevice.1.WLANConfiguration.[0-9]+\.(.*)@to@$1</value></arg></args>
                </operation>
                <!-- Le añadimos el índice a los valores para poder ordenar -->
                <operation type="add_header">
                    <args><arg><value type="value">key;index;value</value></arg></args>
                </operation>
                <operation type="column_left">
                    <args><arg><value type="value">index</value></arg></args>
                </operation>
                <operation type="column_right">
                    <args><arg><value type="value">value</value></arg></args>
                </operation>
                <operation type="merge">
                    <args><arg><value type="value">_</value></arg></args>
                </operation>
                <!-- Ordenamos por la nueva columna para tener las claves ordenadas por orden -->
                <operation type="first_row">
                    <args><arg><value type="value">2</value></arg></args>
                </operation>
                <operation type="column_index">
                    <args><arg><value type="value">2</value></arg></args>
                </operation>
                <operation type="order_lex">
                    <args><arg><value type="value">asc</value></arg></args>
                </operation>
                <!-- Convertimos la tabla clave valor en una tabla por ssid-->
                <operation type="transpose"/>
                <operation type="compact_table"/>

                <!-- Seleccionamos las cabeceras necesarias para la tabla final duplicando una de ellas como la primera para extraer el indice metido en el paso previo del merge -->
                <operation type="header_selector">
                    <args><arg><value type="value">BSSID;Status;SSID;BSSID;Channel;Channel;AutoChannelEnable;BeaconType</value></arg></args>
                </operation>
                <operation type="ignore_header">
                    <args><arg><value type="value">true</value></arg></args>
                </operation>

                <!-- Eliminamos la cabecera y extraemos el indice de la columan duplicada -->
                <operation type="column_index">
                    <args><arg><value type="value">1</value></arg></args>
                </operation>
                <operation type="replace_pattern">
                    <args><arg><value type="value">([0-9])_.*@to@$1</value></arg></args>
                </operation>

                <!-- Eliminamos el valor del indice del resto de campos -->
                <operation type="column_index">
                    <args><arg><value type="value">0</value></arg></args>
                </operation>
                <operation type="replace_pattern">
                    <args><arg><value type="value">[0-9]_(.*)@to@$1</value></arg></args>
                </operation>
                <!-- BAND: b24, b5 -->
                <!-- Obtenemos la banda de los posibles canales en vez del canal actual, porque cuando el ssid está apagado y el autochannel está encendido, el canal se pone en 0 -->
                <operation type="column_index">
                    <args><arg><value type="value">5</value></arg></args>
                </operation>
                <operation type="column_index">
                    <args><arg><value type="value">5</value></arg></args>
                </operation>
                <operation type="replace_pattern">
                    <args><arg><value type="value">^([1-9]|1[0-3])$@to@b24</value></arg></args>
                </operation>
                <operation type="replace_pattern">
                    <args><arg><value type="value">^(1[4-9]|[2-9][0-9]|1[0-9]{2}|200)$@to@b5</value></arg></args>
                </operation>

                <!-- SECTYPE: open, wep64, wep128, wpapsk, wpa2psk, wpa12psk -->
                <operation type="column_index">
                    <args><arg><value type="value">8</value></arg></args>
                </operation>
                <operation type="replace_pattern">
                    <args><arg><value type="value">^None$@to@open</value></arg></args>
                </operation>
                <operation type="replace_pattern">
                    <args><arg><value type="value">^Basic$@to@wep64</value></arg></args>
                </operation>
                <operation type="replace_pattern">
                    <args><arg><value type="value">^WPA$@to@wpapsk</value></arg></args>
                </operation>
                <operation type="replace_pattern">
                    <args><arg><value type="value">^11i$@to@wpa2psk</value></arg></args>
                </operation>
                <operation type="replace_pattern">
                    <args><arg><value type="value">^WPAand11i$@to@wpa12psk</value></arg></args>
                </operation>

                <!-- ENABLED: true, false-->
                <operation type="column_index">
                    <args><arg><value type="value">2</value></arg></args>
                </operation>
                <operation type="replace_pattern">
                    <args><arg><value type="value">^(Up)$@to@true</value></arg></args>
                </operation>
                <operation type="replace_pattern">
                    <args><arg><value type="value">^(Error|Disabled)$@to@false</value></arg></args>
                </operation>

                <!-- AutoChannel: true, false -->
                <operation type="column_index">
                    <args><arg><value type="value">7</value></arg></args>
                </operation>
                <operation type="replace_pattern">
                    <args><arg><value type="value">^1$@to@true</value></arg></args>
                </operation>
                <operation type="replace_pattern">
                    <args><arg><value type="value">^0$@to@false</value></arg></args>
                </operation>
                <!-- Dejamos las cabeceras finales -->
                <operation type="first_row">
                    <args><arg><value type="value">2</value></arg></args>
                </operation>
                <operation type="add_header">
                    <args><arg><value type="value">index;enabled;ssid;bssid;band;channel;autochannel;sectype</value></arg></args>
                </operation>
            </sequence>
        </parameter>
		<!-- JJSM 20210721 - INC000042214120 - FIN -->

        <!--FCS20210616_INC_301_3_Se añade parametro para Dispositivos COnectados para ocultar rssi y phy a peticion de VF-->
        <parameter id="par_con_condevicestable_old" type="table" name="Dispositivos Conectados"><!--CCA20230110 - SP2304 - Cambiamos el nombre para utilizar el nuevo-->
          <contents>
            <value type="parameter">par_cpe_consultarparametros_lan</value>
          </contents>
          <sequence>
            <operation type="header_selector">
              <args><arg><value type="value">key;key;value</value></arg></args>
            </operation>
            <operation type="first_row">
              <args><arg><value type="value">2</value></arg></args>
            </operation>

            <!-- Nos quedamos con los valores que empiecen por esa raíz -->
            <operation type="column_index">
              <args><arg><value type="value">2</value></arg></args>
            </operation>
            <operation type="column_contain">
              <args><arg><value type="value">InternetGatewayDevice.LANDevice.1.Hosts.Host.</value></arg></args>
            </operation>
             <!-- Calculamos el índice del ssid -->
            <operation type="column_index">
              <args><arg><value type="value">2</value></arg></args>
            </operation>
            <operation type="replace_pattern">
              <args><arg><value type="value">InternetGatewayDevice.LANDevice.1.Hosts.Host.([0-9]+)\..*@to@$1</value></arg></args>
            </operation>
               <!-- Eliminamos la raíz de las claves para quedarnos con el nombre "local" -->    
            <operation type="column_index">
              <args><arg><value type="value">1</value></arg></args>
            </operation>
            <operation type="replace_pattern">
              <args><arg><value type="value">InternetGatewayDevice.LANDevice.1.Hosts.Host.[0-9]+\.(.*)@to@$1</value></arg></args>
            </operation>
             <operation type="add_header">
              <args><arg><value type="value">key;index;value</value></arg></args>
            </operation>
            <operation type="column_left">
              <args><arg><value type="value">index</value></arg></args>
            </operation>
            <operation type="column_right">
              <args><arg><value type="value">value</value></arg></args>
            </operation>
            <operation type="merge">
              <args><arg><value type="value">_</value></arg></args>
            </operation>
              <operation type="first_row">
              <args><arg><value type="value">2</value></arg></args>
            </operation>
            <operation type="column_index">
              <args><arg><value type="value">2</value></arg></args>
            </operation>
            <operation type="order_lex">
              <args><arg><value type="value">asc</value></arg></args>
            </operation>
             <!-- Convertimos la tabla clave valor en una tabla por ssid -->
            <operation type="transpose"/>
            <operation type="compact_table"/>
             <operation type="header_selector">
              <args><arg><value type="value">MACAddress;MACAddress;IPAddress;HostName;InterfaceType;Active</value></arg></args>
            </operation>
            <operation type="first_row">
              <args><arg><value type="value">2</value></arg></args>
            </operation>
            <operation type="add_header">
              <args><arg><value type="value">index;MACAddress;IPAddress;HostName;InterfaceType;Active</value></arg></args>
            </operation>
            <operation type="ignore_header">
              <args><arg><value type="value">true</value></arg></args>
            </operation>
             <operation type="column_index">
              <args><arg><value type="value">1</value></arg></args>
            </operation>
            <operation type="replace_pattern">
              <args><arg><value type="value">([0-9]+)_.*@to@$1</value></arg></args>
            </operation>
              <!-- Eliminamos el valor del indice del resto de campos -->
            <operation type="column_index">
              <args><arg><value type="value">0</value></arg></args>
            </operation>
            <operation type="replace_pattern">
              <args><arg><value type="value">[0-9]+_(.*)@to@$1</value></arg></args>
            </operation>
             <operation type="header_selector">
              <args><arg><value type="value">MACAddress;IPAddress;HostName;InterfaceType;Active</value></arg></args>
            </operation>
            
            <operation type="column_index">
              <args><arg><value type="value">5</value></arg></args>
            </operation>
            <operation type="replace_pattern">
              <args><arg><value type="value">^(true|True)$@to@1</value></arg></args>
            </operation>
            <operation type="column_equal">
              <args><arg><value type="value">1</value></arg></args>
            </operation>
             <operation type="column_index">
              <args><arg><value type="value">4</value></arg></args>
            </operation>
            <operation type="replace_pattern">
              <args><arg><value type="value">^Ethernet$@to@ethernet</value></arg></args>
            </operation>
            <operation type="replace_pattern">
              <args><arg><value type="value">^USB$@to@usb</value></arg></args>
            </operation>
            <operation type="replace_pattern">
              <args><arg><value type="value">^802.11$@to@wifi</value></arg></args>
            </operation>
            <operation type="replace_pattern">
              <args><arg><value type="value">^(HomePNA|HomePlug|Other)$@to@unknown</value></arg></args>
            </operation>
            <operation type="add_header">
              <args><arg><value type="value">mac;ip;hostname;connType;active</value></arg></args>
            </operation>          
              <operation type="column_index">
              <args><arg><value type="value">1</value></arg></args>
            </operation>
            <operation type="column_not_contain">
               <args><arg><value type="value">MACAddress</value></arg></args>
            </operation>
            <operation type="header_selector">
              <args><arg><value type="value">mac;ip;connType;hostname</value></arg></args>
            </operation>

            <operation type="column_left">
              <args><arg><value type="value">mac</value></arg></args>
            </operation>
            <operation type="column_right">
              <args><arg><value type="value">admac</value></arg></args>
            </operation>
            <operation type="join">
              <args><arg><value type="parameter">par_assocdevices_old</value></arg></args><!--CCA20230113 - SP023 - Cambio de nombre para que coja el del padre-->
            </operation>
            <operation type="add_header">
              <args><arg><value type="value">mac;ip;connType;hostname;ssidindex</value></arg></args>
            </operation>      
              <operation type="column_index">
              <args><arg><value type="value">5</value></arg></args>
            </operation>
            <operation type="column_not_contain">
               <args><arg><value type="value">adssidindex</value></arg></args>
            </operation>
            <operation type="header_selector">
              <args><arg><value type="value">mac;ip;connType;hostname;ssidindex</value></arg></args>
            </operation>
             <operation type="column_left">
              <args><arg><value type="value">ssidindex</value></arg></args>
            </operation>
            <operation type="column_right">
              <args><arg><value type="value">index</value></arg></args>
            </operation>
            <operation type="join">
              <args><arg><value type="parameter">par_con_ssid_name</value></arg></args>
            </operation>
             <operation type="header_selector">
              <args><arg><value type="value">mac;ip;connType;hostname;ssid;ssid;connType</value></arg></args>
            </operation>
            
            <operation type="add_header">
              <args><arg><value type="value">mac;ip;connType;hostname;ssid;grouper;connTypeAux</value></arg></args>
            </operation>
             <operation type="column_index">
              <args><arg><value type="value">6</value></arg></args>
            </operation>
            <operation type="column_not_contain">
               <args><arg><value type="value">ssid</value></arg></args>
            </operation>
            <operation type="column_left">
              <args><arg><value type="value">grouper</value></arg></args>
            </operation>
            <operation type="column_right">
              <args><arg><value type="value">connTypeAux</value></arg></args>
            </operation>
            <operation type="merge">
              <args><arg><value type="value">_</value></arg></args>
            </operation>
            <!--FCS20210602_INC_301_3 Se añade para que en caso de que no traiga datos no se rompa la tabla-->
            <operation type="column_not_contain">
              <args><arg><value type="value">_connType</value></arg></args>
            </operation>

            <operation type="column_index">
              <args><arg><value type="value">6</value></arg></args>
            </operation>
            <operation type="replace_pattern">
              <args><arg><value type="value">^(.+)_wifi$@to@$1</value></arg></args>
            </operation>
            <operation type="replace_pattern">
              <args><arg><value type="value">^_(wifi)$@to@$1</value></arg></args>
            </operation>
            <operation type="replace_pattern">
              <args><arg><value type="value">^.*_(ethernet|usb|unknown)$@to@$1</value></arg></args>
            </operation>

            <!--20200604_DAS: Informacion adicional (SignalStrength;)-->
            <!--FCS20210616_INC_301_3_Se comenta a peticion de VF para ocultar RSSI y PHY
            <operation type="column_left">
              <args><arg><value type="value">mac</value></arg></args>
            </operation>
            <operation type="column_right">
              <args><arg><value type="value">MACAddress</value></arg></args>
            </operation>
            <operation type="join">
              <args><arg><value type="parameter">par_rssi_phys</value></arg></args>
            </operation>-->
			<!-- JJSM 20221216 - SP2306 - INICIO -->
            <operation type="column_index">
              <args><arg><value type="value">1</value></arg></args>
            </operation>
            <operation type="replace_pattern">
              <args><arg><value type="value">:@to@</value></arg></args>
            </operation>
			<!-- JJSM 20221216 - SP2306 - FIN -->
          </sequence>
        </parameter>

        <parameter type="value" id="par_wifi_enabled_5">
            <contents>
                <value type="parameter">par_wifi_ssids</value>
            </contents>
            <sequence>
                <operation type="header_selector">
                    <args><arg><value type="value">index;enabled</value></arg></args>
                </operation>
                <operation type="column_index">
                    <args><arg><value type="value">1</value></arg></args>
                </operation>
                <operation type="column_equal">
                    <args><arg><value type="value">2</value></arg></args>
                </operation>
                <operation type="column_selector">
                    <args><arg><value type="value">2</value></arg></args>
                </operation>
            </sequence>
        </parameter>

        <!--FCS20210701_REQ_005_2_Se corrige parametro-->
        <parameter type="value" id="par_wifi_enabled_5_diag">
          <contents>
            <value type="parameter">par_cpcpe_base_table</value>
          </contents>
         <sequence>
            <operation type="column_index">
              <args><arg><value type="value">5</value></arg></args>
            </operation>
            <operation type="column_equal">
              <args><arg><value type="value">InternetGatewayDevice.LANDevice.1.WLANConfiguration.2.Status</value></arg></args>
            </operation>
            <!--FCS20210701_REQ_005_2_INICIO-->
             <operation type="column_index">
              <args><arg><value type="value">4</value></arg></args>
            </operation>
            <operation type="column_equal">
              <args><arg><value type="value">value</value></arg></args>
            </operation>
            <operation type="column_index">
              <args><arg><value type="value">7</value></arg></args>
            </operation>
            <operation type="replace_pattern">
                <args><arg><value type="value">^(Up|No (l|L)ink|unknown)$@to@true</value></arg></args><!-- PCA20220509 - INC000051293992 -->
              </operation>
              <operation type="replace_pattern">
                <args><arg><value type="value">^(Error|Disabled|Dormant|LowerLayerDown|Down|NotPresent)$@to@false</value></arg></args><!-- PCA20220509 - INC000051293992 -->
              </operation>
            <operation type="column_selector">
              <args><arg><value type="value">7</value></arg></args>
            </operation>
            <!--FCS20210701_REQ_005_2_FIN-->
          </sequence>
        </parameter>

        <parameter type="table" id="par_cpe_wifi_associated_devices_5">
            <contents>
            <value type="parameter">par_cpcpe_base_table</value><!-- JJSM 20230904 - sp3017-->
            </contents>
            <sequence>
                <operation type="header_selector">
                    <args><arg><value type="value">characteristic.characteristicsValue.description;characteristic.characteristicsValue.name;characteristic.characteristicsValue.value</value></arg></args>
                </operation>
                <operation type="column_index">
                    <args><arg><value type="value">1</value></arg></args>
                </operation>
                <operation type="column_equal">
                    <args><arg><value type="value">value</value></arg></args>
                </operation>
                <operation type="add_header">
                    <args><arg><value type="value">characteristic.characteristicsValue.description;characteristic.characteristicsValue.name;characteristic.characteristicsValue.value</value></arg></args>
                </operation>
                <operation type="header_selector">
                    <args><arg><value type="value">characteristic.characteristicsValue.name;characteristic.characteristicsValue.value</value></arg></args>
                </operation>
                <operation type="column_index">
                    <args><arg><value type="value">1</value></arg></args>
                </operation>
                <operation type="column_contain">
                    <args><arg><value type="value">2.AssociatedDevice.</value></arg></args>
                </operation>
                <operation type="column_index">
                    <args><arg><value type="value">1</value></arg></args>
                </operation>
                <operation type="remove_pattern">
                    <args><arg><value type="value">InternetGatewayDevice.LANDevice.1.WLANConfiguration.2.AssociatedDevice.</value></arg></args>
                </operation>
                <operation type="add_header">
                    <args><arg><value type="value">key;value</value></arg></args>
                </operation>
                <operation type="header_selector">
                    <args><arg><value type="value">key;key;value</value></arg></args>
                </operation>
                <operation type="first_row">
                    <args><arg><value type="value">2</value></arg></args>
                </operation>
                <operation type="add_header">
                    <args><arg><value type="value">index;key;value</value></arg></args>
                </operation>
                <operation type="ignore_header">
                    <args><arg><value type="value">true</value></arg></args>
                </operation>
                <operation type="column_index">
                    <args><arg><value type="value">1</value></arg></args>
                </operation>
                <operation type="replace_pattern">
                    <args><arg><value type="value">([0-9]).*@to@$1</value></arg></args>
                </operation>
                <operation type="column_index">
                    <args><arg><value type="value">2</value></arg></args>
                </operation>
                <operation type="replace_pattern">
                    <args><arg><value type="value">[0-9]\.@to@</value></arg></args>
                </operation>
                <!--<operation type="remove_pattern">
                    <args><arg><value type="value">[0-9].</value></arg></args>
                </operation>-->
                <operation type="column_index">
                    <args><arg><value type="value">2</value></arg></args>
                </operation>
                <operation type="order_lex">
                    <args><arg><value type="value">asc</value></arg></args>
                </operation>
                <operation type="column_index">
                    <args><arg><value type="value">1</value></arg></args>
                </operation>
                <operation type="order_num">
                    <args><arg><value type="value">asc</value></arg></args>
                </operation>
                <operation type="header_selector">
                    <args><arg><value type="value">key;value</value></arg></args>
                </operation>
                <operation type="column_index">
                    <args><arg><value type="value">1</value></arg></args>
                </operation>
                <operation type="column_not_equal">
                    <args><arg><value type="value">key</value></arg></args>
                </operation>
                <operation type="transpose"/>
                <operation type="compact_table"/>
            </sequence>
        </parameter>
        <!-- JJSM 20210721 - INC000042214120 - INICIO -->
        <parameter type="table" id="par_cpe_wifi_associated_devices_5_diag">
            <contents>
                <value type="parameter">par_cpcpe_base_table</value>
            </contents>
            <sequence>
                <operation type="header_selector">
                    <args><arg><value type="value">characteristic.characteristicsValue.description;characteristic.characteristicsValue.name;characteristic.characteristicsValue.value</value></arg></args>
                </operation>
                <operation type="column_index">
                    <args><arg><value type="value">1</value></arg></args>
                </operation>
                <operation type="column_equal">
                    <args><arg><value type="value">value</value></arg></args>
                </operation>
                <operation type="add_header">
                    <args><arg><value type="value">characteristic.characteristicsValue.description;characteristic.characteristicsValue.name;characteristic.characteristicsValue.value</value></arg></args>
                </operation>
                <operation type="header_selector">
                    <args><arg><value type="value">characteristic.characteristicsValue.name;characteristic.characteristicsValue.value</value></arg></args>
                </operation>
                <operation type="column_index">
                    <args><arg><value type="value">1</value></arg></args>
                </operation>
                <operation type="column_contain">
                    <args><arg><value type="value">2.AssociatedDevice.</value></arg></args>
                </operation>
                <operation type="column_index">
                    <args><arg><value type="value">1</value></arg></args>
                </operation>
                <operation type="remove_pattern">
                    <args><arg><value type="value">InternetGatewayDevice.LANDevice.1.WLANConfiguration.2.AssociatedDevice.</value></arg></args>
                </operation>
                <operation type="add_header">
                    <args><arg><value type="value">key;value</value></arg></args>
                </operation>
                <operation type="header_selector">
                    <args><arg><value type="value">key;key;value</value></arg></args>
                </operation>
                <operation type="first_row">
                    <args><arg><value type="value">2</value></arg></args>
                </operation>
                <operation type="add_header">
                    <args><arg><value type="value">index;key;value</value></arg></args>
                </operation>
                <operation type="ignore_header">
                    <args><arg><value type="value">true</value></arg></args>
                </operation>
                <operation type="column_index">
                    <args><arg><value type="value">1</value></arg></args>
                </operation>
                <operation type="replace_pattern">
                    <args><arg><value type="value">([0-9]).*@to@$1</value></arg></args>
                </operation>
                <operation type="column_index">
                    <args><arg><value type="value">2</value></arg></args>
                </operation>
                <operation type="replace_pattern">
                    <args><arg><value type="value">[0-9]\.@to@</value></arg></args>
                </operation>
                <!--<operation type="remove_pattern">
                    <args><arg><value type="value">[0-9].</value></arg></args>
                </operation>-->
                <operation type="column_index">
                    <args><arg><value type="value">2</value></arg></args>
                </operation>
                <operation type="order_lex">
                    <args><arg><value type="value">asc</value></arg></args>
                </operation>
                <operation type="column_index">
                    <args><arg><value type="value">1</value></arg></args>
                </operation>
                <operation type="order_num">
                    <args><arg><value type="value">asc</value></arg></args>
                </operation>
                <operation type="header_selector">
                    <args><arg><value type="value">key;value</value></arg></args>
                </operation>
                <operation type="column_index">
                    <args><arg><value type="value">1</value></arg></args>
                </operation>
                <operation type="column_not_equal">
                    <args><arg><value type="value">key</value></arg></args>
                </operation>
                <operation type="transpose"/>
                <operation type="compact_table"/>
            </sequence>
        </parameter>
        <!-- JJSM 20210721 - INC000042214120 - FIN -->
        <!--TML20210512 - faltaba especificar este parámetro que tiene un indice diferente-->
        <parameter type="value" id="par_autochannel5_active_diag">
          <contents>
            <value type="parameter">par_cpcpe_base_table</value>
          </contents>
         <sequence>
            <operation type="column_index">
              <args><arg><value type="value">5</value></arg></args>
            </operation>
            <operation type="column_equal">
              <args><arg><value type="value">InternetGatewayDevice.LANDevice.1.WLANConfiguration.2.AutoChannelEnable</value></arg></args>
            </operation>
            <operation type="column_index">
              <args><arg><value type="value">4</value></arg></args>
            </operation>
            <operation type="column_equal">
              <args><arg><value type="value">value</value></arg></args>
            </operation>
            <!--<operation type="column_index">
              <args><arg><value type="value">7</value></arg></args>
            </operation>-->
            <operation type="column_selector">
              <args><arg><value type="value">7</value></arg></args>
            </operation>
            <operation type="replace_pattern">
              <args><arg><value type="value">^1$@to@true</value></arg></args>
            </operation>
            <operation type="replace_pattern">
              <args><arg><value type="value">^0$@to@false</value></arg></args>
            </operation>
          </sequence>
        </parameter>

        <!-- Para no reescribir todos los diagnósticos de Voz para este CPE y ahorrar tiempo de ejecución, se comprobará que se realice bien la llamada general en vez de la individual de Voz, pero conservará el nombre de "voice"-->
          <parameter id="par_cpcpe_voice_http_code" type="value">
              <contents>
                <value type="infosource_value" infosource="cpe" endpointid="Consulta_parametros_CPE">_httpCode</value>
              </contents> 
          </parameter>

          <parameter id="par_cpcpe_voice_err_code">
              <contents>
                <value type="infosource_value" infosource="cpe" endpointid="Consulta_parametros_CPE">_errCode</value>
              </contents>
          </parameter>

          <parameter id="par_cpcpe_voice_err_desc">
              <contents>
                <value type="infosource_value" infosource="cpe" endpointid="Consulta_parametros_CPE">_errDesc</value>
              </contents>
          </parameter>
          <!-- POH 20211102 - Check para comprobar que tiene serviceID - INICIO -->
          <parameter id="par_grc_service_id_front" type="value">
              <contents>
                  <value type="parameter" role="front">par_grc_service_id</value>
              </contents>
          </parameter>
          <!-- POH 20211102 - Check para comprobar que tiene serviceID - FIN -->
    </parameters>
    <tests>
        <test id="tst_template">
            <expr type="and">
                <!-- POH 20211102 - Check para comprobar que tiene serviceID - INICIO -->               
                <reference type="check" id="chk_template_technology"/>
                <reference type="check" id="chk_grc_service_id_eq_unknown" inverse="true"/> 
                <reference type="check" id="chk_grc_service_type_eq_mobile" inverse="true"/><!--TML20220617 - limitación a clientes no mobiles-->
                <reference type="check" id="chk_template"/>
                <!-- POH 20211102 - Check para comprobar que tiene serviceID - FIN -->
            </expr>
        </test>

        <!-- Para no reescribir todos los diagnósticos de Voz para este CPE y ahorrar tiempo de ejecución, se comprobará que se realice bien la llamada general en vez de la individual de Voz, pero conservará el nombre de "voice"-->
        <test id="tst_endpoint_cpcpe_voice_isok">
            <expr type="and">
                <reference type="test" id="tst_endpoint_cpcpe_isok"/>
            </expr>
        </test>

        <test id="tst_timezone_mal_configurado00">
            <expr type="and">
                <reference type="check" id="chk_cpcpe_timezone_neq_0000"/>
            </expr>
        </test>

        <test id="tst_timezone_mal_configurado01">
            <expr type="and">
              <reference type="check" id="chk_cpcpe_timezone_neq_0100"/>
            </expr>  
        </test>
        <!-- -->
        <test id="tst_timezone_bien_configurado00">
            <expr type="and">
                <reference type="check" id="chk_cpcpe_timezone_eq_0000"/>
            </expr>
        </test>

        <test id="tst_timezone_bien_configurado01">
          <expr type="and">
            <reference type="check" id="chk_cpcpe_timezone_eq_0100"/>
          </expr>
        </test>

        <!--DAS2020092412 - INCX_061 - INICIO-->
        <!--Se declaran los tests sin la comprobación del Secondary Port One ya que ese parámetro no aplica en los h500t-->
        <test id="tst_cpcpe_configuracion_servicio_voz_ok">
            <expr type="and">
                <reference type="check" id="chk_telephone_number_voip_is_eq"/>
                <reference type="check" id="chk_ims_login_voip_is_eq"/>
                <!-- DCL20210603 - INCHM_181_3
                <reference type="check" id="chk_cpcpe_primary_port_one_eq_inv_primary_port"/>
                <reference type="check" id="chk_cpcpe_primary_ip_one_eq_inv_primary_ip"/>
                <reference type="check" id="chk_cpcpe_secondary_ip_one_eq_inv_second_ip"/>-->
            </expr>
        </test>

        <test id="tst_cpcpe_configuracion_servicio_voz_ko">
            <expr type="or">
                <reference type="check" id="chk_telephone_number_voip_is_neq"/>
                <reference type="check" id="chk_ims_login_voip_is_neq"/>
                <!-- DCL20210603 - INCHM_181_3
                <reference type="check" id="chk_cpcpe_primary_port_one_neq_inv_primary_port"/>
                <reference type="check" id="chk_cpcpe_primary_ip_one_neq_inv_primary_ip"/>
                <reference type="check" id="chk_cpcpe_secondary_ip_one_neq_inv_second_ip"/>-->
            </expr>
        </test>
        <!--DAS2020092412 - INCX_061 - FIN-->

    </tests>
    <checks>
        <check id="chk_template">
            <parameter>par_od_resource_productclass</parameter>
            <result>
                <expr type="and">
                    <operation type="contains">
                        <args><arg><value type="value">Vodafone-H-500-t</value></arg></args>
                    </operation>
                </expr>
            </result>
        </check>
        <!--Aquí habrá que hacer un check para comprobar que sea esta tecnología-->
        <check id="chk_template_technology">
             <parameter>par_front_access_type</parameter>
             <result>
                <expr type="or">
                    <operation type="equal">
                        <args><arg><value type="value">NEBAC</value></arg></args>
                    </operation>
                    <operation type="equal">
                        <args><arg><value type="value">ADSL</value></arg></args>
                    </operation>
                    <operation type="equal">
                        <args><arg><value type="value">VDSL</value></arg></args>
                    </operation>
                </expr>
            </result>
        </check>

        <check id="chk_cpcpe_timezone_neq_0000">
            <parameter>par_cpcpe_timezone</parameter>
            <result>
                <expr type="and">
                    <operation type="not_equal">
                        <args><arg><value type="value">0:00</value></arg></args>
                    </operation>
                </expr>
            </result>
        </check>

        <check id="chk_cpcpe_timezone_eq_0000">
            <parameter>par_cpcpe_timezone</parameter>
            <result>
                <expr type="and">
                    <operation type="equal">
                        <args><arg><value type="value">0:00</value></arg></args>
                    </operation>
                </expr>
            </result>
        </check>

        <check id="chk_cpcpe_timezone_neq_0100">
            <parameter>par_cpcpe_timezone</parameter>
            <result>
                <expr type="and">
                    <operation type="not_equal">
                        <args><arg><value type="value">1:00</value></arg></args>
                    </operation>
                </expr>
            </result>
        </check>

        <check id="chk_cpcpe_timezone_eq_0100">
            <parameter>par_cpcpe_timezone</parameter>
            <result>
                <expr type="and">
                    <operation type="equal">
                        <args><arg><value type="value">1:00</value></arg></args>
                    </operation>
                </expr>
            </result>
        </check>
        <!-- POH 20211102 - Check para comprobar que tiene serviceID - INICIO -->
        <check id="chk_grc_service_id_eq_unknown">
            <parameter>par_grc_service_id_front</parameter>
            <result>
                <expr type="and">
                    <operation type="equal">
                        <args><arg><value type="value">unknown</value></arg></args>
                    </operation>
                </expr>
            </result>
        </check>
        <!-- POH 20211102 - Check para comprobar que tiene serviceID - FIN -->


    </checks>

    <actions>
      <!--TML20210512 - nueva accion para actualizar el autochannel en automatico-->
      <!--FCS202105_INCHM_213 - Activa el Autochannel para las bandas de 2.4 y 5ghz (Se utilizan en los diagnosticos) (Antes renombrada como act_wifi_ssid1_setautochannel-->
      <action id="act_wifi_ssids_setautochannel" type="button">
        <texts>
          <text type="detail">Activar el modo autochannel canal 1</text>
          <!--<text type="warning">En este modo el WiFi cambiar de canal de emision de forma automática</text>-->
          <text type="ok">El mode auto-channel ha sido activada</text>
          <text type="error">Ha habido un problema para aplicar los cambios, por favor inténtalo de nuevo pasados unos minutos</text>
        </texts>
        <sequence>
          <step type="infosource" infosource="cpe" endpointid="act_wifi_ssids_setautochannel">
            <args>
              <arg argid="arg_root_path_wifi">
                <value type="parameter">par_root_path_wifi</value>
              </arg>
              <arg argid="index1">
                <value type="value">1</value>
              </arg>
              <arg argid="index5">
                <value type="value">2</value>
              </arg>
            </args>
          </step>
          <step type="wait" time="5000"/>
        </sequence>
        <messages>
          <message id="msg_wifi_ssid1_setautochannel_ok" severity="info" datatype="text" storable="true">
            <body><value type="value">Se ha activado el autochannel</value></body>
            <requirement>
              <expr type="and">      
                <reference type="test" id="tst_endpoint_act_wifi_ssids_setautochannel_isok"/>
              </expr>
            </requirement>
          </message>
          <message id="msg_wifi_ssid1_setautochannel_ko" severity="error" datatype="text" storable="true">
            <body><value type="value">No se pudo activar el autochannel</value></body>
            <requirement>
              <expr type="and">
                <reference type="test" id="tst_endpoint_act_wifi_ssids_setautochannel_isok" inverse="true"/>
              </expr>
            </requirement>
          </message>
        </messages>
        <result>
          <expr type="and">
            <reference type="test" id="tst_endpoint_act_wifi_ssids_setautochannel_isok"/>
          </expr>
        </result>
      </action>
    </actions>
</template>