<?xml version="1.0" encoding="UTF-8"?>

<template version="2.0" type="hubwifi">
	<wificonfiguration>
		<capable>
			<result>
				<expr type="and">
					<reference type="test" id="tst_segmento_not_movil" role="front"/> <!-- DCO20230508 - Movil Partis --> 
					<reference type="test" id="tst_segmento_not_Corporate" role="front"/> <!-- ARL20220307 adaptaciones para la incorporacion de corporate fijo   -->
					<reference type="test" id="tst_endpoint_grc_isok" role="front"/>
					<reference type="test" id="tst_endpoint_grc_hasresponse" role="front"/>
					<reference type="test" id="tst_service_isdiagnosticable" role="front"/>
					<reference type="test" id="tst_service_hasinternet" role="front"/>
        			<reference type="test" id="tst_productclass_not_hg553" role="cpe"/>
                	<reference type="test" id="tst_productclass_not_hg556" role="cpe"/>
        			<reference type="test" id="tst_productclass_not_arcadyan" role="cpe"/>
					<!--CCA20231123 - SP3306 - inicio-->
					<reference type="test" id="tst_plume_int_dispositivos_conectados_gt1" role="plume" inverse="true"/>
					<!--CCA20231123 - SP3306 - fin-->
				</expr>
			</result>
			<messages>
				<message id="msg_wificonfig_not_capable_cpe_hg553_arcadyan" severity="error" datatype="text" storable="true">
					<body>
						<value type="value">No se puede obtener la configuración WiFi</value>
					</body>
					<requirement>
                        <expr type="and">
							<reference type="test" id="tst_segmento_not_movil" role="front"/> <!-- DCO20230508 - Movil Partis --> 
							<reference type="test" id="tst_segmento_not_Corporate" role="front"/> <!-- TML20220510 adaptaciones para la incorporacion de corporate movil  -->
							<reference type="test" id="tst_endpoint_grc_isok" role="front"/>
							<reference type="test" id="tst_endpoint_grc_hasresponse" role="front"/>
							<reference type="test" id="tst_service_isdiagnosticable" role="front"/>
							<reference type="test" id="tst_service_hasinternet" role="front"/>
                			<reference type="test" id="tst_productclass_not_hg553" role="cpe"/>
                			<reference type="test" id="tst_productclass_not_hg556" role="cpe"/>
                			<reference type="test" id="tst_productclass_not_arcadyan" role="cpe"/>
                        </expr>
                    </requirement>
				</message>
				<message id="msg_wificonfig_not_capable" severity="error" datatype="text" storable="true">
					<body>
						<value type="value">Para configurar este equipo, accede a la web del router en remoto desde aquí:<![CDATA[<br/>]]>Vista Técnica / CPE / Datos CPE – General / Acceso a Interfaz GUI Router</value>
					</body>
					<requirement>
                        <expr type="and">
							<reference type="test" id="tst_segmento_not_movil" role="front"/> <!-- DCO20230508 - Movil Partis --> 
							<reference type="test" id="tst_segmento_not_Corporate" role="front"/> <!-- TML20220510 adaptaciones para la incorporacion de corporate movil  -->
							<reference type="test" id="tst_endpoint_grc_isok" role="front"/>
							<reference type="test" id="tst_endpoint_grc_hasresponse" role="front"/>
							<reference type="test" id="tst_service_isdiagnosticable" role="front"/>
							<reference type="test" id="tst_service_hasinternet" role="front"/>
							<expr type="or">
	                			<reference type="test" id="tst_productclass_not_hg553" role="cpe" inverse="true"/>
                				<reference type="test" id="tst_productclass_not_hg556" role="cpe" inverse="true"/>
	                			<reference type="test" id="tst_productclass_not_arcadyan" role="cpe" inverse="true"/>
	                		</expr>
                        </expr>
                    </requirement>
				</message>
				<!-- ARL20220307 adaptaciones para la incorporacion de corporate fijo - INCIO   -->
				<message id="msg_wificonfig_not_capable_corporate" severity="error" datatype="text" storable="true">
					<body>
						<value type="value">Esta herramienta no esta disponible para Servicio Corporate</value><!--CCA20220602 - Cambia el nombre de Corporativo a Corporate-->
					</body>
					<requirement>
					<expr type="and">
						<reference type="test" id="tst_segmento_not_Corporate" role="front" inverse="true"/>
					</expr>
					</requirement>
				</message>
				<!-- ARL20220307 adaptaciones para la incorporacion de corporate fijo - FIN   -->
				<!-- DCO20220426 adaptaciones para la incorporacion de corporate movil - INICIO -->
				<message id="msg_wificonfig_not_capable_corporate_movil" severity="error" datatype="text" storable="true">
					<body>
						<value type="value">Esta herramienta no esta disponible para Servicio Corporate</value><!--CCA20220602 - Cambia el nombre de Corporativo a Corporate-->
					</body>
					<requirement>
						<expr type="and">
							<reference type="test" id="tst_segmento_not_movil_empresa" role="front" inverse="true"/><!--TML20220510 - faltaba el inverse-->
						</expr>
					</requirement>
				</message>
				<!-- DCO20220426 adaptaciones para la incorporacion de corporate movil - FIN -->
				<!--CCA20231123 - SP3306 - inicio-->
				<message id="msg_superwifi_mode_integrated" severity="error" datatype="text" storable="true">
					<body>
						<value type="value">Cliente con SUPERWIFI en modo Integrado.</value>
						<value type="value"><![CDATA[<br/>]]></value>
						<value type="value">Puedes consultar el estado de los Extensores en la pestaña de Superwifi de la vista tecnica de Schaman</value>
						<value type="value"><![CDATA[<br/>]]></value>
						<value type="value">para poder gestionar los parametros wifi  es necesario acceder a la herramienta de Plume https://es.vodafone.sigma.central.plume.com/</value>
					</body>
					<requirement>
						<expr type="and">
							<reference type="test" id="tst_plume_int_dispositivos_conectados_gt1" role="plume"/>
						</expr>
					</requirement>
				</message>
				<!--CCA20231123 - SP3306 - fin-->
			</messages>
		</capable>
		<available>
			<result>
				<expr type="and">
					<reference type="test" id="tst_endpoint_grc_isok" role="front"/>
					<reference type="test" id="tst_endpoint_grc_hasresponse" role="front"/>
					<reference type="test" id="tst_service_isdiagnosticable" role="front"/>
					<reference type="test" id="tst_service_status_no_corte_diag" role="front"/>
					<reference type="test" id="tst_resource_cpe_intopology" role="front"/>
					<reference type="test" id="tst_cpe_online" role="cpe"/>
					<reference type="test" id="tst_wifi_ssids_exists" role="cpe"/>
				</expr>
			</result>
			<messages>
				<message id="msg_wificonfig_cpe_online_ko" severity="error" datatype="text" storable="true">
					<body>
						<value type="value">No ha sido posible recuperar la información de la configuración WiFi porque el CPE del cliente no está en línea</value>
					</body>
					<requirement>
                        <expr type="and">
                            <reference type="test" id="tst_cpe_online" role="cpe" inverse="true"/>
                        </expr>
                    </requirement>
				</message>
				<message id="msg_wificonfig_not_available" severity="error" datatype="text" storable="true">
					<body>
						<value type="value">No ha sido posible recuperar la información de la configuración WiFi</value>
					</body>
					<requirement>
                        <expr type="and">
                            <reference type="test" id="tst_cpe_online" role="cpe"/>
                            <reference type="test" id="tst_wifi_ssids_exists" role="cpe" inverse="true"/>
                        </expr>
                    </requirement>
				</message>
			</messages>
		</available>
		<!--DBC_Req_005_2_Inicio_Para habilitar bandsteering y acciones multiples-->
		<multiedit>
			<result>
				<expr type="and">
					<reference type="test" id="tst_multiedit_compatible" role="cpe"/>
				</expr>
			</result>
		</multiedit>
		<unifiableglobal>
			<result>
				<expr type="and">
					<reference type="test" id="tst_bandsteering_support" role="cpe"/>
					<reference type="test" id="tst_cpe_online" role="cpe"/>
				</expr>
			</result>
		</unifiableglobal>
		<unifiablebyssid>
			<result>
				<expr type="and" result="false">
				</expr>
			</result>
		</unifiablebyssid>
		<!--DBC_Req_005_2_Inicio_Para habilitar bandsteering y acciones multiples-->
		<toolrole>cpe</toolrole>

	</wificonfiguration>

	<conndevicesconfiguration>
		<capable>
			<result>
				<expr type="and">
					<reference type="test" id="tst_segmento_not_movil" role="front"/> <!-- DCO20230508 - Movil Partis --> 
					<reference type="test" id="tst_segmento_not_Corporate" role="front"/> <!-- CCA20220322 adaptaciones para la incorporacion de corporate fijo   -->
					<reference type="test" id="tst_endpoint_grc_isok" role="front"/>
					<reference type="test" id="tst_endpoint_grc_hasresponse" role="front"/>
					<reference type="test" id="tst_service_isdiagnosticable" role="front"/>
					<reference type="test" id="tst_service_hasinternet" role="front"/>
					<reference type="test" id="tst_technology_ishfc_legacy" role="front" inverse="true"/><!--CCA 20211125 - HFC Legacy -->
				</expr>
			</result>
			<messages>
				<message id="msg_conndevices_not_capable" severity="error" datatype="text" storable="true">
					<body>
						<value type="value">No se pueden obtener los dispositivos conectados</value>
					</body>
					<requirement>
					<expr type="and">
						<reference type="test" id="tst_segmento_not_movil" role="front"/> <!-- DCO20230508 - Movil Partis --> 
						<reference type="test" id="tst_segmento_not_Corporate" role="front"/>
					</expr>
					</requirement>
				</message>
				<!-- CCA2022022 adaptaciones para la incorporacion de corporate fijo - INCIO   -->
				<message id="msg_wificonfig_not_capable_corporate" severity="error" datatype="text" storable="true">
					<body>
						<value type="value">Esta herramienta no esta disponible para Servicio Corporate</value><!--CCA20220602 - Cambia el nombre de Corporativo a Corporate-->
					</body>
					<requirement>
					<expr type="and">
						<reference type="test" id="tst_segmento_not_Corporate" role="front" inverse="true"/>
					</expr>
					</requirement>
				</message>
				<!-- CCA2022022 adaptaciones para la incorporacion de corporate fijo - FIN   -->
				<!-- TML20220510 adaptaciones para la incorporacion de corporate movil - INICIO -->
				<message id="msg_conndevices_not_capable_corporate_movil" severity="error" datatype="text" storable="true">
					<body>
						<value type="value">Esta herramienta no esta disponible para Servicio Corporate</value><!--CCA20220527 - Cambia el nombre de Corporativo a Corporate-->
					</body>
					<requirement>
						<expr type="and">
							<reference type="test" id="tst_segmento_not_movil_empresa" role="front" inverse="true"/> <!-- DCO20230508 - Movil Partis --> 
						</expr>
					</requirement>
				</message>
				<!-- TML20220510 adaptaciones para la incorporacion de corporate movil - FIN -->
			</messages>
		</capable>
		<available>
			<result>
				<expr type="and">
					<reference type="test" id="tst_endpoint_grc_isok" role="front"/>
					<reference type="test" id="tst_endpoint_grc_hasresponse" role="front"/>
					<reference type="test" id="tst_service_isdiagnosticable" role="front"/>
					<reference type="test" id="tst_service_status_no_corte_diag" role="front"/>
					<reference type="test" id="tst_resource_cpe_intopology" role="front"/>
					<reference type="test" id="tst_cpe_online" role="cpe"/>
					<reference type="test" id="tst_endpoint_cpcpe_condev_isok" role="cpe"/>
					<reference type="test" id="tst_cpe_con_devices_number_of_entries_ok" role="cpe"/>
					<reference type="test" id="tst_cpe_con_devices_hay_dispositivos" role="cpe"/>
					<reference type="test" id="tst_con_condevicestable_exists" role="cpe"/>
				</expr>
			</result>
			<messages>
				<message id="msg_conndevices_cpe_online_ko" severity="error" datatype="text" storable="true">
					<body>
						<value type="value">No ha sido posible recuperar la información de los dispositivos conectados porque el CPE del cliente no está en línea</value>
					</body>
					<requirement>
                        <expr type="and">
                            <reference type="test" id="tst_cpe_online" role="cpe" inverse="true"/>
                        </expr>
                    </requirement>
				</message>
				<message id="msg_conndevices_fallo_llamada" severity="error" datatype="text" storable="true">
					<body>
						<value type="value">No ha sido posible recuperar la información de los dispositivos conectados por un fallo en la llamada</value>
					</body>
					<requirement>
                        <expr type="and">
                            <reference type="test" id="tst_cpe_online" role="cpe"/>
                            <reference type="test" id="tst_endpoint_cpcpe_condev_isok" role="cpe" inverse="true"/>
                        </expr>
                    </requirement>
				</message>
				<message id="msg_conndevices_number_of_entries_ko" severity="error" datatype="text" storable="true">
					<body>
						<value type="value">No ha sido posible recuperar la información de los dispositivos conectados porque el número de dispositivos es desconocido</value>
					</body>
					<requirement>
                        <expr type="and">
                            <reference type="test" id="tst_cpe_online" role="cpe"/>
							<reference type="test" id="tst_endpoint_cpcpe_condev_isok" role="cpe"/>
							<reference type="test" id="tst_cpe_con_devices_number_of_entries_ok" role="cpe" inverse="true"/>
                        </expr>
                    </requirement>
				</message>
				<message id="msg_conndevices_no_hay_dispositivos" severity="error" datatype="text" storable="true">
					<body>
						<value type="value">No hay dispositivos conectados</value>
					</body>
					<requirement>
                        <expr type="and">
                            <reference type="test" id="tst_cpe_online" role="cpe"/>
							<reference type="test" id="tst_endpoint_cpcpe_condev_isok" role="cpe"/>
							<reference type="test" id="tst_cpe_con_devices_number_of_entries_ok" role="cpe"/>
							<reference type="test" id="tst_cpe_con_devices_hay_dispositivos" role="cpe" inverse="true"/>
                        </expr>
                    </requirement>
				</message>
				<message id="msg_conndevices_not_available" severity="error" datatype="text" storable="true">
					<body>
						<value type="value">No ha sido posible recuperar la información de los dispositivos conectados</value>
					</body>
					<requirement>
                        <expr type="and">
                            <reference type="test" id="tst_cpe_online" role="cpe"/>
							<reference type="test" id="tst_endpoint_cpcpe_condev_isok" role="cpe"/>
							<reference type="test" id="tst_cpe_con_devices_number_of_entries_ok" role="cpe"/>
							<reference type="test" id="tst_cpe_con_devices_hay_dispositivos" role="cpe"/>
                            <reference type="test" id="tst_con_condevicestable_exists" role="cpe" inverse="true"/>
                        </expr>
                    </requirement>
				</message>
			</messages>
		</available>
		<toolrole>cpe</toolrole>
	</conndevicesconfiguration>
	
	<svaconfiguration>    
	    <capable>
			<result>
				<expr type="and">
					<reference type="test" id="tst_segmento_not_movil" role="front"/> <!-- DCO20230508 - Movil Partis --> 
					<reference type="test" id="tst_segmento_not_Corporate" role="front"/> <!-- CCA20220322 adaptaciones para la incorporacion de corporate fijo   -->
					<reference type="test" id="tst_endpoint_grc_isok" role="front"/>
					<reference type="test" id="tst_endpoint_grc_hasresponse" role="front"/>
					<reference type="test" id="tst_service_isdiagnosticable" role="front"/>
					<reference type="test" id="tst_technology_ishfc_legacy" role="front" inverse="true"/><!--CCA 20211125 - HFC Legacy -->
					<!--<reference type="test" id="tst_cliente_hfc_legacy_ono_boxless" role="front" inverse="true"/>DCL20220310 - HFCL--><!-- JJSM 20210804 -  INCHM_112_2 -->
					<!--DBC_Se comentan en pre para pruebas<reference type="test" id="tst_sip_ims_ok" role="front" inverse="true"/>DBC_Se añade para que no aplique en clientes SIP
					<reference type="test" id="tst_client_is_vodafone" role="front"/>
					<reference type="test" id="tst_service_status_no_corte_diag" role="front"/>
					<reference type="test" id="tst_service_hasphone" role="front"/>-->
				</expr>
			</result>
			<messages>
				<message id="msg_sva_not_capable" severity="error" datatype="text" storable="true">
					<body>
						<value type="value">No se pueden obtener los SVA's</value>
					</body>
					<requirement>
					<expr type="and">
						<reference type="test" id="tst_segmento_not_Corporate" role="front"/>
						<reference type="test" id="tst_segmento_not_movil" role="front"/> <!-- DCO20230508 - Movil Partis --> 
					</expr>
					</requirement>
				</message>
				<!-- CCA2022022 adaptaciones para la incorporacion de corporate fijo - INCIO   -->
				<message id="msg_wificonfig_not_capable_corporate" severity="error" datatype="text" storable="true">
					<body>
						<value type="value">Esta herramienta no esta disponible para Servicio Corporate</value><!--CCA20220602 - Cambia el nombre de Corporativo a Corporate-->
					</body>
					<requirement>
					<expr type="and">
						<reference type="test" id="tst_segmento_not_Corporate" role="front" inverse="true"/>
					</expr>
					</requirement>
				</message>
				<!-- CCA2022022 adaptaciones para la incorporacion de corporate fijo - FIN   -->
				<!-- TML20220510 adaptaciones para la incorporacion de corporate movil - INICIO -->
				<message id="msg_conndevices_not_capable_corporate_movil" severity="error" datatype="text" storable="true">
					<body>
						<value type="value">Esta herramienta no esta disponible para Servicio Corporate</value><!--CCA20220527 - Cambia el nombre de Corporativo a Corporate-->
					</body>
					<requirement>
						<expr type="and">
							<reference type="test" id="tst_segmento_not_movil_empresa" role="front" inverse="true"/> <!-- DCO20230508 - Movil Partis --> 
						</expr>
					</requirement>
				</message>
				<!-- TML20220510 adaptaciones para la incorporacion de corporate movil - FIN -->
			</messages>
	    </capable>    
	    <available>
			<result>
				<expr type="and">
					<reference type="test" id="tst_endpoint_grc_isok" role="front"/>
					<reference type="test" id="tst_endpoint_grc_hasresponse" role="front"/>
					<reference type="test" id="tst_service_isdiagnosticable" role="front"/>
					<reference type="test" id="tst_client_is_vodafone" role="front"/>
					<!--DBC_INC_Unknown_Se añade para evitar lanzamientos sin numeración para reducir la tasa de errores-->
					<reference type="test" id="tst_service_hasphone" role="front"/>
					<reference type="test" id="tst_technology_ishfc_legacy" role="front" inverse="true"/><!--DCL20220310 - HFCL-->
					<!--<reference type="test" id="tst_cliente_hfc_legacy_ono_boxless" role="front" inverse="true"/>DCL20220310 - HFCL--><!-- JJSM 20210804 -  INCHM_112_2 -->
					<!--DBC_Se comentan en pre para pruebas<reference type="test" id="tst_service_status_no_corte_diag" role="front"/>
					<reference type="test" id="tst_cims_sdd_user_registrado" role="phoneplatform"/>
					<reference type="test" id="tst_endpoint_cims_sdd_isok" role="phoneplatform"/>
					-->
					<!--DBC_INC_Unknown_Se añade para ejecutar estos endpoints y que refresque los valores de voicemail y telephone number-->
					<reference type="test" id="tst_endpoint_cfu_ok" role="phoneplatform"/>
					<reference type="test" id="tst_endpoint_cfb_ok" role="phoneplatform"/>
					<reference type="test" id="tst_endpoint_cfna_ok" role="phoneplatform"/>
				</expr>
			</result>
			<messages>
				<message id="msg_sva_not_available_llamada_ko" severity="error" datatype="text" storable="true">
					<body>
						<value type="value">No ha sido posible recuperar la información de los SVA's porque la llamada ha fallado</value>
					</body>
					<requirement>
                        <expr type="and">
                            <reference type="test" id="tst_endpoint_cims_sdd_ko" role="phoneplatform"/>
                        </expr>
                    </requirement>
				</message>
				<message id="msg_sva_not_available_not_registered" severity="error" datatype="text" storable="true">
					<body>
						<value type="value">Funcionalidad no disponible porque la numeración no está dada de alta</value>
					</body>
					<requirement>
                        <expr type="and">
							<reference type="test" id="tst_endpoint_cims_sdd_isok" role="phoneplatform"/>
                            <reference type="test" id="tst_cims_sdd_user_registrado" role="phoneplatform" inverse="true"/>
                        </expr>
                    </requirement>
				</message>
				<message id="msg_sva_not_available_cfu_ko" severity="error" datatype="text" storable="true">
					<body>
						<value type="value">No ha sido posible recuperar la información de los SVA's por un fallo en la consulta</value>
					</body>
					<requirement>
                        <expr type="and">
                        	<reference type="test" id="tst_endpoint_cims_sdd_isok" role="phoneplatform"/>
                        	<reference type="test" id="tst_cims_sdd_user_registrado" role="phoneplatform"/>
                            <reference type="test" id="tst_endpoint_cfu_ok" role="phoneplatform" inverse="true"/>
                        </expr>
                    </requirement>
				</message>
				<message id="msg_sva_not_available_cfb_ko" severity="error" datatype="text" storable="true">
					<body>
						<value type="value">No ha sido posible recuperar la información de los SVA's por un fallo en la consulta</value>
					</body>
					<requirement>
                        <expr type="and">
                        	<reference type="test" id="tst_endpoint_cims_sdd_isok" role="phoneplatform"/>
                        	<reference type="test" id="tst_cims_sdd_user_registrado" role="phoneplatform"/>
							<reference type="test" id="tst_endpoint_cfu_ok" role="phoneplatform"/>
                            <reference type="test" id="tst_endpoint_cfb_ok" role="phoneplatform" inverse="true"/>
                        </expr>
                    </requirement>
				</message>
				<message id="msg_sva_not_available_cfna_ko" severity="error" datatype="text" storable="true">
					<body>
						<value type="value">No ha sido posible recuperar la información de los SVA's por un fallo en la consulta</value>
					</body>
					<requirement>
                        <expr type="and">
                        	<reference type="test" id="tst_endpoint_cims_sdd_isok" role="phoneplatform"/>
                        	<reference type="test" id="tst_cims_sdd_user_registrado" role="phoneplatform"/>
							<reference type="test" id="tst_endpoint_cfu_ok" role="phoneplatform"/>
							<reference type="test" id="tst_endpoint_cfb_ok" role="phoneplatform"/>
                            <reference type="test" id="tst_endpoint_cfna_ok" role="phoneplatform" inverse="true"/>
                        </expr>
                    </requirement>
				</message>
			</messages>
	    </available>   
	    <toolrole>phoneplatform</toolrole>
	</svaconfiguration>

	<!-- JJSM 20211117 - Consolas 2.0 - TV Tools - INICIO -->
	<tvdevices>    
	    <capable>
			<result>
				<expr type="and">
					<reference type="test" id="tst_segmento_not_movil" role="front"/> <!-- DCO20230508 - Movil Partis --> 
					<reference type="test" id="tst_segmento_not_Corporate" role="front"/> <!-- CCA20220322 adaptaciones para la incorporacion de corporate fijo   -->
					<reference type="test" id="tst_endpoint_grc_isok" role="front"/>
					<reference type="test" id="tst_endpoint_grc_hasresponse" role="front"/>
					<reference type="test" id="tst_service_hastv" role="front"/>
					<!-- <expr type="or">
						<reference type="test" id="tst_tv_boxless" role="front"/>
						<reference type="test" id="tst_tv_vdf_tvsba" role="front"/>
						<reference type="test" id="tst_tv_lowi_lwt" role="front"/>
						<reference type="test" id="tst_service_hastv" role="front"/>
					</expr> -->
					<reference type="test" id="tst_endpoint_ki_isok" role="tvplatform"/>
				</expr>
			</result>
			<messages>
				<message id="msg_tvtool_not_available" severity="error" datatype="text" storable="true">
					<body>
						<value type="value">Cliente sin servicio de TV contratado. Esta utilidad solo se puede utilizar para consultar los dispositivos de TV configurados en Kaltura en los clientes con servicio de TV</value>
					</body>
					<requirement>
						<expr type="and">
							<reference type="test" id="tst_segmento_not_movil" role="front"/> <!-- DCO20230508 - Movil Partis --> 
							<reference type="test" id="tst_segmento_not_Corporate" role="front"/> <!-- TML20220510 adaptaciones para la incorporacion de corporate movil  -->
							<reference type="test" id="tst_service_hastv" role="front" inverse="true"/>
						</expr>
                    </requirement>
				</message>
				<message id="msg_tvtools_kaltura_ko" severity="error" datatype="text" storable="true">
					<body>
						<value type="value">No se pueden obtener los dispositivos porque ha fallado la llamada a Kaltura</value>
					</body>
					<requirement>
						<expr type="and">
							<reference type="test" id="tst_segmento_not_movil" role="front"/> <!-- DCO20230508 - Movil Partis --> 
							<reference type="test" id="tst_segmento_not_Corporate" role="front"/> <!-- TML20220510 adaptaciones para la incorporacion de corporate movil  -->
							<reference type="test" id="tst_service_hastv" role="front"/>
							<reference type="test" id="tst_endpoint_ki_isok" role="tvplatform" inverse="true"/>
						</expr>
					</requirement>
				</message>
				<!-- CCA2022022 adaptaciones para la incorporacion de corporate fijo - INCIO   -->
				<message id="msg_wificonfig_not_capable_corporate" severity="error" datatype="text" storable="true">
					<body>
						<value type="value">Esta herramienta no esta disponible para Servicio Corporate</value><!--CCA20220602 - Cambia el nombre de Corporativo a Corporate-->
					</body>
					<requirement>
					<expr type="and">
						<reference type="test" id="tst_segmento_not_Corporate" role="front" inverse="true"/>
					</expr>
					</requirement>
				</message>
				<!-- CCA2022022 adaptaciones para la incorporacion de corporate fijo - FIN   -->
				<!-- TML20220510 adaptaciones para la incorporacion de corporate movil - INICIO -->
				<message id="msg_tvtools_not_capable_corporate_movil" severity="error" datatype="text" storable="true">
					<body>
						<value type="value">Esta herramienta no esta disponible para Servicio Corporate</value><!--CCA20220527 - Cambia el nombre de Corporativo a Corporate-->
					</body>
					<requirement>
						<expr type="and">
							<reference type="test" id="tst_segmento_not_movil_empresa" role="front" inverse="true"/> <!-- DCO20230508 - Movil Partis --> 
						</expr>
					</requirement>
				</message>
				<!-- TML20220510 adaptaciones para la incorporacion de corporate movil - FIN -->
			</messages>
	    </capable>    
	    <available>
			<result>
				<expr type="and">
					<reference type="test" id="tst_endpoint_grc_isok" role="front"/>
					<reference type="test" id="tst_endpoint_grc_hasresponse" role="front"/>
					<reference type="test" id="tst_service_hastv" role="front"/>
					<!-- <expr type="or">
						<reference type="test" id="tst_tv_boxless" role="front"/>
						<reference type="test" id="tst_tv_vdf_tvsba" role="front"/>
						<reference type="test" id="tst_tv_lowi_lwt" role="front"/>
						<reference type="test" id="tst_tv_lowi_lwt" role="front"/>
						<reference type="test" id="tst_service_hastv" role="front"/>
					</expr> -->
					<reference type="test" id="tst_endpoint_ki_isok" role="tvplatform"/>
				</expr>
			</result>
	    </available>   
	    <toolrole>tvplatform</toolrole>
	</tvdevices>
	<!-- JJSM 20211117 - Consolas 2.0 - TV Tools - INICIO -->

	<certificationflow>
		<step id="trb_cert_ivr">
			<requirement>
				<expr type="and" result="false"> <!-- JJSM 20221202 - SP2213 -->
					<reference type="test" id="tst_service_hasphone" role="front"/><!--TML2021012509 - solo aplica cuando el cliente tiene VOZ-->
				</expr>
			</requirement>
		</step>
		<!-- PCA20220527 - Speedtest - INICIO -->
		<!-- se sustituye por el nuevo speedtest -->
		<step id="trb_cert_speedtest">
			<requirement>
				<expr type="or"> <!-- DCO20221124 - Doble piano Speedtest -->
					<reference type="test" id="tst_consulta_speedtest_new" role="certification" inverse="true"/>
					<reference type="test" id="tst_consulta_speedtest_new_y_web" role="certification"/> <!-- DCO20221124 - Doble piano Speedtest -->
				</expr>	
			</requirement>
		</step>
		<!-- PCA20220527 - Speedtest - FIN -->
	</certificationflow>
</template>