<?xml version='1.0' encoding='UTF-8'?>
<template infosource="clarify" type="infosource" version="1.0">


    <!-- ############################################################################################## -->
    <!-- Version 1.0                                                                                    -->
    <!--  - Version de partida                                                                          -->
    <!-- ############################################################################################## -->


    <connectivity>

      <troubleshoot>

        <endpoints>

          <endpoint id="consulta_cuenta_cliente" verbose="true" lazy="true" type="ws" connecttimeout="30000" requesttimeout="40000">
            <method>POST</method>
            <url ignoreSSL="true">{url}/ServiceConfigurationREST/serviceConfiguration/search</url>
            <args>
              <arg type="path" id="url">
                  <value type="parameter" parameterid="par_url_bizbus"/>
              </arg>
              <arg type="header" id="Accept">
                  <value type="value"><content>*/*</content></value>
              </arg>
              <arg type="header" id="X-IBM-Client-Id">
                  <value type="parameter" parameterid="par_bizbus_clientid"/>
              </arg>
              <arg type="header" id="X-VF-API-Process">
                  <value type="value"><content>ConsultaCuentaCliente</content></value>
              </arg>
              <arg type="header" id="Content-Type">
                  <value type="value"><content>application/json</content></value>
              </arg>
            </args>
            <body contenttype="text">
              <text>
                <value type="value">
                  <content>
                    <![CDATA[{
                      "queries": [{
                          "query": "$.id.[?(@.schemeID=='COM_MSISDN')].value=]]></content></value><value type="parameter" parameterid="par_context_msisdn_filtered"/><!-- DCO20230704 - Movil Partis - INICIO --><value type="value"><content><![CDATA["
                          }
                      ]
                  }
                  ]]></content></value>
              </text>
            </body>
            <response type="json"/>
          </endpoint>

          <endpoint id="consulta_servicio_y_sim" verbose="true" lazy="true" type="ws" connecttimeout="30000" requesttimeout="40000">
            <method>POST</method>
            <url ignoreSSL="true">{url}/ServiceConfigurationREST/serviceConfiguration/search</url>
            <args>
              <arg type="path" id="url">
                  <value type="parameter" parameterid="par_url_bizbus"/>
              </arg>
              <arg type="header" id="Accept">
                <value type="value"><content>*/*</content></value>
              </arg>
              <arg type="header" id="X-IBM-Client-Id">
                <value type="parameter" parameterid="par_bizbus_clientid"/>
              </arg>
              <arg type="header" id="X-VF-API-Process">
                <value type="value"><content>ConsultaServicioY_SIM</content></value>
              </arg>
              <arg type="header" id="Content-Type">
                <value type="value"><content>application/json</content></value>
              </arg>
            </args>
            <body contenttype="text">
              <text>
                <value type="value">
                  <content>
                    <![CDATA[{
                      "queries": [{
                          "query": "$.id.[?(@.schemeID=='COM_MSISDN')].value=]]></content></value><value type="parameter" parameterid="par_com_msisdn" role="front"/><!-- CAD20230510 - Movil Partis --><value type="value"><content><![CDATA["
                          },{
                          "query": "$.name="
                          }
                        ]
                      }
                    ]]></content></value>
              </text>
            </body>
            <response type="json"/>
          </endpoint>

          <endpoint id="consulta_ssrestricciones" verbose="true" lazy="true" type="ws" connecttimeout="30000" requesttimeout="40000">
            <method>POST</method>
            <url ignoreSSL="true">{url}/ServiceConfigurationREST/serviceConfiguration/search</url>
            <args>
                <arg type="path" id="url">
                    <value type="parameter" parameterid="par_url_bizbus"/>
                </arg>
                <arg type="header" id="Accept">
                    <value type="value"><content>*/*</content></value>
                </arg>
                <arg type="header" id="X-IBM-Client-Id">
                    <value type="parameter" parameterid="par_bizbus_clientid"/>
                </arg>
                <arg type="header" id="X-VF-API-Process">
                    <value type="value"><content>ConsultaSSRestricciones</content></value>
                </arg>
                <arg type="header" id="Content-Type">
                    <value type="value"><content>application/json</content></value>
                </arg>
            </args>
            <body contenttype="text">
              <text>
                <value type="value"><content>
                  <![CDATA[{
                    "queries": [
                        {
                            "query": "$.id.[?(@.schemeID=='APR_SERVICIO_AIRTEL')].value=]]></content></value><value type="parameter" parameterid="par_com_msisdn" role="front"/><!-- CAD20230510 - Movil Partis --><value type="value"><content><![CDATA["
                        },
                        {
                            "query": "$.parts.service.relatedService[*].type=1"
                        }
                      ]
                    }
                  ]]></content></value>
              </text>
            </body>
            <response type="json"/>
          </endpoint>

          <endpoint id="consulta_gprs" verbose="true" lazy="true" type="ws" connecttimeout="30000" requesttimeout="40000">
            <method>GET</method>
            <url ignoreSSL="true">{url}/ServiceConfigurationREST/serviceConfiguration/{id}</url>
            <args>
              <arg type="path" id="url">
                  <value type="parameter" parameterid="par_url_bizbus"/>
              </arg>
              <arg type="path" id="id">
                <value type="parameter" parameterid="par_com_msisdn" role="front"/><!-- CAD20230510 - Movil Partis -->
              </arg>
              <arg type="header" id="Accept">
                <value type="value"><content>*/*</content></value>
              </arg>
              <arg type="header" id="X-IBM-Client-Id">
                  <value type="parameter" parameterid="par_bizbus_clientid"/>
              </arg>
              <arg type="header" id="X-VF-API-Process">
                <value type="value"><content>ConsultaGPRS</content></value>
              </arg>
              <arg type="header" id="Content-Type">
                <value type="value"><content>application/json</content></value>
              </arg>
            </args>
            <response type="json"/>
          </endpoint>

          <!-- CAD20230915 - VBTS Mejoras Movil Fase 1 - VBTS_Schaman_002 - INICIO -->
          <endpoint id="consulta_oferta_integrada_kentucky" verbose="true" lazy="true" type="ws" connecttimeout="30000" requesttimeout="21000">
            <method>GET</method>
            <url ignoreSSL="true">{url}/p-service-activation-management-pprd/api/service?</url>
            <args>
              <arg type="path" id="url">
                <value type="parameter" parameterid="par_url_mulesoft"/>
              </arg>
              <arg type="query" id="$.relatedEntity[?(@.referredType==&quot;channel&quot;&amp;&amp;@.role==&quot;sourceSystem&quot;)].id">
                <value type="value"><content>SC</content></value>
              </arg>
              <arg type="query" id="$.relatedEntity[?(@.referredType==&quot;billingAccount&quot;&amp;&amp;@.role==&quot;Account&quot;)].id">
                <value type="parameter" parameterid="par_numero_cuenta"/>
              </arg>
              <!-- <arg type="query" id="$.relatedEntity[?(@.referredType==&quot;suplementary&quot;&amp;&amp;@.role==&quot;Service&quot;)].id">
                <value type="value"><content>CDFL</content></value>
              </arg> -->
              <arg type="header" id="X-VF-API-Process">
                <value type="value"><content>getKentuckyPacks</content></value>
              </arg>
              <arg type="header" id="client_id">
                <value type="parameter" parameterid="par_mulesoft_clientid"/>
              </arg>
              <arg type="header" id="client_secret">
                <value type="parameter" parameterid="par_mulesoft_client_secret"/>
              </arg>
              <arg type="header" id="X-VF-Origin-System">
                <value type="value"><content>SC</content></value>
              </arg>
            </args>
            <response type="json"/>
          </endpoint>
          <!-- CAD20230915 - VBTS Mejoras Movil Fase 1 - VBTS_Schaman_002 - FIN -->

          <endpoint id="consulta_kentucky" verbose="true" lazy="true" type="ws" connecttimeout="30000" requesttimeout="40000">
            <method>GET</method>
            <url ignoreSSL="true">{url}/ServiceConfigurationREST/serviceConfiguration/{id}</url>
            <args>
              <arg type="path" id="url">
                <value type="parameter" parameterid="par_url_bizbus"/>
              </arg>
              <arg type="path" id="id">
                <value type="parameter" parameterid="par_com_msisdn" role="front"/><!-- CAD20230510 - Movil Partis -->
              </arg>
              <arg type="header" id="Accept">
                <value type="value"><content>*/*</content></value>
              </arg>
              <arg type="header" id="X-IBM-Client-Id">
                <value type="parameter" parameterid="par_bizbus_clientid"/>
              </arg>
              <arg type="header" id="X-VF-API-Process">
                <value type="value"><content>ConsultaKentucky</content></value>
              </arg>
              <arg type="header" id="Content-Type">
                <value type="value"><content>application/json</content></value>
              </arg>
            </args>
            <response type="json"/>
          </endpoint>

          <endpoint id="consulta_vpn" verbose="true" lazy="true" type="ws" connecttimeout="30000" requesttimeout="40000">
            <method>GET</method>
            <url ignoreSSL="true">{url}/ServiceConfigurationREST/serviceConfiguration/{id}</url>
            <args>
              <arg type="path" id="url">
                <value type="parameter" parameterid="par_url_bizbus"/>
              </arg>
              <arg type="path" id="id">
                <value type="parameter" parameterid="par_com_msisdn" role="front"/><!-- CAD20230510 - Movil Partis -->
              </arg>
              <arg type="header" id="Accept">
                <value type="value"><content>*/*</content></value>
              </arg>
              <arg type="header" id="X-IBM-Client-Id">
                <value type="parameter" parameterid="par_bizbus_clientid"/>
              </arg>
              <arg type="header" id="X-VF-API-Process">
                <value type="value"><content>ConsultaVPN</content></value>
              </arg>
              <arg type="header" id="Content-Type">
                <value type="value"><content>application/json</content></value>
              </arg>
            </args>
            <response type="json"/>
          </endpoint>

          <endpoint id="consulta_vf_fijo" verbose="true" lazy="true" type="ws" connecttimeout="30000" requesttimeout="40000">
            <method>GET</method>
            <url ignoreSSL="true">{url}/ServiceConfigurationREST/serviceConfiguration/{id}</url>
            <args>
              <arg type="path" id="url">
                <value type="parameter" parameterid="par_url_bizbus"/>
              </arg>
              <arg type="path" id="id">
                <value type="parameter" parameterid="par_com_msisdn" role="front"/><!-- CAD20230510 - Movil Partis -->
              </arg>
              <arg type="header" id="Accept">
                <value type="value"><content>*/*</content></value>
              </arg>
              <arg type="header" id="X-IBM-Client-Id">
                <value type="parameter" parameterid="par_bizbus_clientid"/>
              </arg>
              <arg type="header" id="X-VF-API-Process">
                <value type="value"><content>ConsultaVF_Fijo</content></value>
              </arg>
              <arg type="header" id="Content-Type">
                <value type="value"><content>application/json</content></value>
              </arg>
            </args>
            <response type="json"/>
          </endpoint>

          <endpoint id="consulta_efax" verbose="true" lazy="true" type="ws" connecttimeout="30000" requesttimeout="40000">
            <method>GET</method>
            <url ignoreSSL="true">{url}/ServiceConfigurationREST/serviceConfiguration/{id}</url>
            <args>
              <arg type="path" id="url">
                <value type="parameter" parameterid="par_url_bizbus"/>
              </arg>
              <arg type="path" id="id">
                <value type="parameter" parameterid="par_com_msisdn" role="front"/><!-- CAD20230510 - Movil Partis -->
              </arg>
              <arg type="header" id="Accept">
                <value type="value"><content>*/*</content></value>
              </arg>
              <arg type="header" id="X-IBM-Client-Id">
                <value type="parameter" parameterid="par_bizbus_clientid"/>
              </arg>
              <arg type="header" id="X-VF-API-Process">
                <value type="value"><content>ConsultaEFAX</content></value>
              </arg>
              <arg type="header" id="Content-Type">
                <value type="value"><content>application/json</content></value>
              </arg>
            </args>
            <response type="json"/>
          </endpoint>

          <endpoint id="consulta_comunicador_ov" verbose="true" lazy="true" type="ws" connecttimeout="30000" requesttimeout="40000">
            <method>GET</method>
            <url ignoreSSL="true">{url}/ServiceConfigurationREST/serviceConfiguration/{id}</url>
            <args>
              <arg type="path" id="url">
                <value type="parameter" parameterid="par_url_bizbus"/>
              </arg>
              <arg type="path" id="id">
                <value type="parameter" parameterid="par_com_msisdn" role="front"/><!-- CAD20230510 - Movil Partis -->
              </arg>
              <arg type="header" id="Accept">
                <value type="value"><content>*/*</content></value>
              </arg>
              <arg type="header" id="X-IBM-Client-Id">
                <value type="parameter" parameterid="par_bizbus_clientid"/>
              </arg>
              <arg type="header" id="X-VF-API-Process">
                <value type="value"><content>ConsultaComunicadorOV</content></value>
              </arg>
              <arg type="header" id="Content-Type">
                <value type="value"><content>application/json</content></value>
              </arg>
            </args>
            <response type="json"/>
          </endpoint>

          <endpoint id="obtener_estado_provision" verbose="true" lazy="true" type="ws" connecttimeout="30000" requesttimeout="40000">
            <method>GET</method>
            <url ignoreSSL="true">{url}/ServiceOrderREST/serviceOrder/{id}</url>
            <args>
              <arg type="path" id="url">
                <value type="parameter" parameterid="par_url_bizbus"/>
              </arg>
              <arg type="path" id="id">
                <value type="parameter" parameterid="par_com_msisdn" role="front"/><!-- CAD20230510 - Movil Partis -->
              </arg>
              <arg type="header" id="Accept">
                <value type="value"><content>*/*</content></value>
              </arg>
              <arg type="header" id="X-IBM-Client-Id">
                <value type="parameter" parameterid="par_bizbus_clientid"/>
              </arg>
              <arg type="header" id="X-VF-API-Process">
                <value type="value"><content>GetProvisionStatus</content></value>
              </arg>
              <arg type="header" id="Content-Type">
                <value type="value"><content>application/json</content></value>
              </arg>
            </args>
            <response type="json"/>
          </endpoint>

          <endpoint id="consulta_puk" verbose="true" lazy="true" type="ws" connecttimeout="30000" requesttimeout="40000">
            <method>POST</method>
            <url ignoreSSL="true">{url}/ResourceInventoryREST/resourceInventory/search</url>
            <args>
              <arg type="path" id="url">
                <value type="parameter" parameterid="par_url_bizbus"/>
              </arg>
              <arg type="header" id="Accept">
                <value type="value"><content>*/*</content></value>
              </arg>
              <arg type="header" id="X-IBM-Client-Id">
                <value type="parameter" parameterid="par_bizbus_clientid"/>
              </arg>
              <arg type="header" id="X-VF-API-Process">
                <value type="value"><content>consultaPUK</content></value>
              </arg>
              <arg type="header" id="Content-Type">
                <value type="value"><content>application/json</content></value>
              </arg>
            </args>
            <body contenttype="text">
              <text>
                <value type="value">
                  <content>
                    <![CDATA[{
                        "queries": [
                        {
                        "query": "$.id[?(@.schemeName=='COM_SIM')].value=]]></content></value><value type="parameter" role="front" parameterid="par_sim"/><!-- CAD20230510 - Movil Partis --><value type="value"><content><![CDATA["
                        },
                        {
                        "query": "$.parts.resource.id[?(@.schemeName=='ACP_USUARIO')].value=Consola Schaman"
                        },
                        {
                        "query": "$.parts.resource.id[?(@.schemeName=='APR_CANAL')].value=CS"
                        }
                        ]
                        }
                    ]]>
                  </content>
                </value>
              </text>
            </body>
            <response type="json"/>
          </endpoint>

          <endpoint id="consulta_portabilidad" verbose="true" lazy="true" type="ws" connecttimeout="30000" requesttimeout="40000">
            <method>POST</method>
            <url ignoreSSL="true">{url}/ServiceConfigurationREST/serviceConfiguration/search</url>
            <args>
              <arg type="path" id="url">
                  <value type="parameter" parameterid="par_url_bizbus"/>
              </arg>
              <arg type="header" id="Accept">
                  <value type="value"><content>*/*</content></value>
              </arg>
              <arg type="header" id="X-IBM-Client-Id">
                  <value type="parameter" parameterid="par_bizbus_clientid"/>
              </arg>
              <arg type="header" id="X-VF-API-Process">
                  <value type="value"><content>ConsultaPortabilidad</content></value>
              </arg>
              <arg type="header" id="Content-Type">
                  <value type="value"><content>application/json</content></value>
              </arg>
            </args>
            <body contenttype="text">
              <text>
                <value type="value">
                  <content>
                    <![CDATA[{
                      "queries":  [
                          {
                      "query":  "$.id[?(@.schemeName='MSISDN')].value=]]></content></value><value type="parameter" parameterid="par_com_msisdn" role="front"/><!-- CAD20230510 - Movil Partis --><value type="value"><content><![CDATA["
                          },
                          {
                      "query":  "$.parts.service.resource[*].id[?(@.schemeName='Tipo')].value=Movil"
                          }
                      ]
                      }
                  ]]></content></value>
              </text>
            </body>
            <response type="json"/>
          </endpoint>

          <endpoint id="consulta_consumo" verbose="true" lazy="true" type="ws" connecttimeout="30000" requesttimeout="40000">
            <method>POST</method>
            <url ignoreSSL="true">{url}/ServiceConfigurationREST/serviceConfiguration/search</url>
            <args>
              <arg type="path" id="url">
                <value type="parameter" parameterid="par_url_bizbus"/>
              </arg>
              <arg type="header" id="Accept">
                <value type="value"><content>*/*</content></value>
              </arg>
              <arg type="header" id="X-IBM-Client-Id">
                <value type="parameter" parameterid="par_bizbus_clientid"/>
              </arg>
              <arg type="header" id="X-VF-API-Process">
                <value type="value"><content>ConsultaConsumo</content></value>
              </arg>
              <arg type="header" id="Content-Type">
                <value type="value"><content>application/json</content></value>
              </arg>
            </args>
            <body contenttype="text">
              <text>
                <value type="value">
                  <content>
                    <![CDATA[
                    {
                      "queries": [
                        {
                            "query": "$.id.[?(@.schemeID=='COM_MSISDN')].value=]]></content></value><value type="parameter" parameterid="par_com_msisdn" role="front"/><!-- CAD20230510 - Movil Partis --><value type="value"><content><![CDATA["
                        },
                        {
                            "query": "$.roles.requestor.id.[?(@.schemeName=='MID_CTRL_SIST_ORIGEN'].value=49"
                        },
                        {
                            "query": "$.roles.requestor.type=P"
                        }
                      ]
                    }
                  ]]></content></value>
              </text>
            </body>
            <response type="json"/>
          </endpoint>

	  <!-- JTP20230119 - Gaps Butterfly Fase 2 - Inicio -->	
          <endpoint id="consulta_oferta_integrada" verbose="true" lazy="true" type="ws" connecttimeout="30000" requesttimeout="21000">
            <method>POST</method>              
            <url ignoreSSL="true">{url}/ServiceConfigurationREST/serviceConfiguration/search</url>
            <args>
              <arg type="path" id="url">
                <value type="parameter" parameterid="par_url_bizbus"/>
              </arg>
              <arg type="header" id="Accept">
                <value type="value"><content>*/*</content></value>
              </arg>
              <arg type="header" id="X-IBM-Client-Id">
                <value type="parameter" parameterid="par_bizbus_clientid"/>
              </arg>
              <arg type="header" id="X-VF-API-Process">
                <value type="value"><content>ConsultaOfertaIntegrada</content></value>
              </arg>
              <arg type="header" id="Content-Type">
                <value type="value"><content>application/json</content></value>
              </arg>
            </args>
            <body contenttype="text">
              <text>
                <value type="value"><content><![CDATA[
                  {"queries": 
                    [
                      {              
                        "query": "$.id.[?(@.schemeID=='APR_MSISDN'')].value=]]></content></value><value type="parameter" parameterid="par_context_msisdn"/><value type="value"><content><![CDATA["              
                      }              
                   ]            
                  }                                          
                ]]></content></value>
              </text>
            </body>
            <response type="json"/>
          </endpoint>

          <endpoint id="consulta_gprs_cuenta" verbose="true" lazy="true" type="ws" connecttimeout="30000" requesttimeout="40000">
            <method>GET</method>
            <url ignoreSSL="true">{url}/ServiceConfigurationREST/serviceConfiguration/{id}</url>
            <args>
              <arg type="path" id="url">
                  <value type="parameter" parameterid="par_url_bizbus"/>
              </arg>
              <arg type="path" id="id">
                <value type="parameter" parameterid="par_numero_cuenta" role="front"/><!-- CAD20230510 - Movil Partis -->
              </arg>
              <arg type="header" id="Accept">
                <value type="value"><content>*/*</content></value>
              </arg>
              <arg type="header" id="X-IBM-Client-Id">
                  <value type="parameter" parameterid="par_bizbus_clientid"/>
              </arg>
              <arg type="header" id="X-VF-API-Process">
                <value type="value"><content>ConsultaGPRScuenta</content></value>
              </arg>
              <arg type="header" id="Content-Type">
                <value type="value"><content>application/json</content></value>
              </arg>
            </args>
            <response type="json"/>
          </endpoint>
	  <!-- JTP20230119 - Gaps Butterfly Fase 2 - Fin -->

          <!-- DCO20231017 - VBTS Mejoras Movil Fase 1 - VBTS_Schaman_008 - INICIO -->
          <endpoint id="consulta_gprs_cuenta_mulesoft" verbose="true" lazy="true" type="ws" connecttimeout="30000" requesttimeout="40000">
            <method>GET</method>
            <url ignoreSSL="true">{url}/p-service-activation-management-pprd/api/service?</url>
            <args>
              <arg type="path" id="url">
                  <value type="parameter" parameterid="par_url_mulesoft"/>
              </arg>
              <arg type="query" id="$.relatedEntity[?(@.referredType==&quot;billingAccount&quot;&amp;&amp;@.role==&quot;Account&quot;)].id">
                <value type="parameter" parameterid="par_numero_cuenta"/>
              </arg>
              <arg type="header" id="client_id">
                <value type="parameter" parameterid="par_mulesoft_clientid"/>
              </arg>
              <arg type="header" id="client_secret">
                <value type="parameter" parameterid="par_mulesoft_client_secret"/>
              </arg>
              <arg type="header" id="X-VF-API-Process">
                <value type="value"><content>getGPRSAccount</content></value>
              </arg>
              <arg type="header" id="X-VF-CachedQueryId">
                <value type="value"><content>1</content></value>
              </arg>
              <arg type="header" id="X-VF-Origin-System">
                <value type="value"><content>SC</content></value>
              </arg>
            </args>
            <response type="json"/>
          </endpoint>
          <!-- DCO20231017 - VBTS Mejoras Movil Fase 1 - VBTS_Schaman_008 - FIN -->

        </endpoints>

      </troubleshoot>
      <action>
        <endpoints>
          <endpoint id="consulta_ordenes_msisdn" verbose="true" lazy="true" type="ws" connecttimeout="30000" requesttimeout="40000">
            <method>POST</method>
            <url ignoreSSL="true">{url}/ServiceOrderREST/serviceOrder/search</url>
            <args>
              <arg type="path" id="url">
                <value type="parameter" parameterid="par_url_bizbus"/>
              </arg>
              <arg type="header" id="Accept">
                <value type="value"><content>*/*</content></value>
              </arg>
              <arg type="header" id="X-IBM-Client-Id">
                <value type="parameter" parameterid="par_bizbus_clientid"/>
              </arg>
              <arg type="header" id="X-VF-API-Process">
                <value type="value"><content>ConsultaOrdenesMSISDN</content></value>
              </arg>
              <arg type="header" id="Content-Type">
                <value type="value"><content>application/json</content></value>
              </arg>
            </args>
            <body contenttype="text">
              <text>
                <value type="value">
                  <content>
                    <![CDATA[{
                      "queries":  [
                        {
                          "query":  "$.id.[schemeID='APR_ID_RED'].value=]]></content></value><value type="parameter" parameterid="par_com_msisdn" role="front"/><!-- CAD20230510 - Movil Partis --><value type="value"><content><![CDATA["
                        }
                      ]
                    }
                    ]]></content></value>
              </text>
            </body>
            <response type="json"/>
          </endpoint>

          <!--TML20220407 - pruebas para consulta_detalle_orden INICIO -->
          <endpoint id="detalle_orden" verbose="true" lazy="true" type="ws" connecttimeout="30000" requesttimeout="90000">
            <method>POST</method>
            <url ignoreSSL="true">{url}/ServiceOrderREST/serviceOrder/search</url>
            <args>
              <arg type="path" id="url">
                <value type="parameter" parameterid="par_url_bizbus"/>
              </arg>
              <arg type="header" id="Accept">
                <value type="value"><content>*/*</content></value>
              </arg>
              <arg type="header" id="X-IBM-Client-Id">
                <value type="parameter" parameterid="par_bizbus_clientid"/>
              </arg>
              <arg type="header" id="X-VF-API-Process">
                <value type="value"><content>DetalleOrden</content></value>
              </arg>
              <arg type="header" id="Content-Type">
                <value type="value"><content>application/json</content></value>
              </arg>
            </args>
            <body contenttype="text">
              <text>
                <value type="value">
                  <content>
                    <![CDATA[{
                            "queries":  [
                                {
                                    "query":  "$.id.[schemeID='APR_ORDEN_REG'].value=]]></content></value><value type="argument" argumentid="arg_apr_order_reg"/><value type="value"><content><![CDATA["
                                }
                            ]
                        }
                    ]]></content></value>
              </text>
            </body>
            <response type="json"/>
          </endpoint>
          <!--TML20220407 - pruebas para consulta_detalle_orden FIN -->

        </endpoints>
      </action>

    </connectivity>

    <parameters>

      <!-- ENDPOINT REQUEST PARAMETERS -->

      <parameter id="par_url_bizbus">
        <contents>
          <value type="lookup">url_list</value>
        </contents>
        <sequence>
          <operation type="row_delimiter">
            <args><arg><value type="value">;</value></arg></args>
          </operation>
          <operation type="column_delimiter">
            <args><arg><value type="value">,</value></arg></args>
          </operation>
          <operation type="column_index">
            <args><arg><value type="value">1</value></arg></args>
          </operation>
          <operation type="column_equal">
            <args><arg><value type="value">url_bizbus</value></arg></args>
          </operation>
          <operation type="column_selector">
            <args><arg><value type="value">2</value></arg></args>
          </operation>
        </sequence>
      </parameter>

      <parameter id="par_bizbus_clientid">
          <contents>
            <value type="lookup">url_list</value>
          </contents>
          <sequence>
            <operation type="row_delimiter">
              <args><arg><value type="value">;</value></arg></args>
            </operation>
            <operation type="column_delimiter">
              <args><arg><value type="value">,</value></arg></args>
            </operation>
            <operation type="column_index">
              <args><arg><value type="value">1</value></arg></args>
            </operation>
            <operation type="column_equal">
              <args><arg><value type="value">url_bizbus</value></arg></args>
            </operation>
            <operation type="column_selector">
              <args><arg><value type="value">3</value></arg></args>
            </operation>
          </sequence>
      </parameter>

      <!-- ENDPOINT REQUEST PARAMS -->
      <parameter id="par_url_bus" techview="never">
        <contents>
            <value type="lookup">url_list</value>
        </contents>
        <sequence>
          <operation type="row_delimiter">
            <args><arg><value type="value">;</value></arg></args>
          </operation>
          <operation type="column_delimiter">
            <args><arg><value type="value">,</value></arg></args>
          </operation>
          <operation type="column_index">
            <args><arg><value type="value">1</value></arg></args>
          </operation>
          <operation type="column_equal">
            <args><arg><value type="value">url_bus</value></arg></args>
          </operation>
          <operation type="column_selector">
            <args><arg><value type="value">2</value></arg></args>
          </operation>
        </sequence>
      </parameter>

      <parameter id="par_url_schaman" type="value" techview="never"><!-- -->
        <contents>
            <value type="lookup">url_list</value>
        </contents>
        <sequence>
          <operation type="row_delimiter">
              <args><arg><value type="value">;</value></arg></args>
          </operation>
          <operation type="column_delimiter">
              <args><arg><value type="value">,</value></arg></args>
          </operation>
          <operation type="column_index">
              <args><arg><value type="value">1</value></arg></args>
          </operation>
          <operation type="column_equal">
              <args><arg><value type="value">url_schaman_mailbox</value></arg></args>
          </operation>
          <operation type="column_selector">
              <args><arg><value type="value">2</value></arg></args>
          </operation>
        </sequence>
      </parameter>

      <parameter id="par_schaman_authorization" type="value" techview="never"><!-- -->
        <contents>
            <value type="lookup">url_list</value>
        </contents>
        <sequence>
          <operation type="row_delimiter">
              <args><arg><value type="value">;</value></arg></args>
          </operation>
          <operation type="column_delimiter">
              <args><arg><value type="value">,</value></arg></args>
          </operation>
          <operation type="column_index">
              <args><arg><value type="value">1</value></arg></args>
          </operation>
          <operation type="column_equal">
              <args><arg><value type="value">url_schaman_mailbox</value></arg></args>
          </operation>
          <operation type="column_selector">
              <args><arg><value type="value">3</value></arg></args>
          </operation>
        </sequence>
      </parameter>

      <parameter id="par_bus_clientid" techview="never">
        <contents>
            <value type="lookup">url_list</value>
        </contents>
        <sequence>
          <operation type="row_delimiter">
            <args><arg><value type="value">;</value></arg></args>
          </operation>
          <operation type="column_delimiter">
            <args><arg><value type="value">,</value></arg></args>
          </operation>
          <operation type="column_index">
            <args><arg><value type="value">1</value></arg></args>
          </operation>
          <operation type="column_equal">
            <args><arg><value type="value">url_bus</value></arg></args>
          </operation>
          <operation type="column_selector">
            <args><arg><value type="value">3</value></arg></args>
          </operation>
        </sequence>
      </parameter>

      <parameter id="par_cm_ip" type="value" name="IP CM">
        <contents>
          <value type="parameter" role="inet">par_gsip_oip_cm_ip_address</value>
        </contents>
      </parameter>

      <!--DBC_Revisar si se usa-->
      <parameter id="par_td_version" type="value" techview="never">
        <contents>
          <value type="value">1</value>
        </contents>
      </parameter>

      <!-- Valor del MSISDN del cliente -->
      <parameter id="par_context_msisdn" type="value" name="MSISDN">
        <contents>
          <value type="context">ipt_service_id</value> <!-- Pendiente definir el valor correcto a recuperar -->
        </contents>
      </parameter>

      <!-- DCO20230704 - Movil Partis - INICIO -->
      <parameter id="par_context_msisdn_filtered" type="value">
        <contents>
          <value type="parameter">par_context_msisdn</value>
        </contents>
        <sequence>
          <operation type="replace_pattern">
            <args><arg><value type="value">^9(\S.*)@to@unknown</value></arg></args>
          </operation>
        </sequence>
      </parameter>
      <!-- DCO20230704 - Movil Partis - FIN -->

      <!-- CAD20231006 - VBTS Mejoras Movil Fase 1 - INICIO -->
      <parameter id="par_url_mulesoft">
        <contents>
          <value type="lookup">url_list</value>
        </contents>
        <sequence>
          <operation type="row_delimiter">
            <args><arg><value type="value">;</value></arg></args>
          </operation>
          <operation type="column_delimiter">
            <args><arg><value type="value">,</value></arg></args>
          </operation>
          <operation type="column_index">
            <args><arg><value type="value">1</value></arg></args>
          </operation>
          <operation type="column_equal">
            <args><arg><value type="value">url_mulesoft</value></arg></args>
          </operation>
          <operation type="column_selector">
            <args><arg><value type="value">2</value></arg></args>
          </operation>
        </sequence>
      </parameter>

      <parameter id="par_mulesoft_header" type="table">
        <contents>
          <value type="lookup">auth_mulesoft</value>
        </contents>
        <sequence>
          <operation type="row_delimiter">
            <args><arg><value type="value">;</value></arg></args>
          </operation>
          <operation type="column_delimiter">
            <args><arg><value type="value">,</value></arg></args>
          </operation>
        </sequence>
      </parameter>
      <parameter id="par_mulesoft_clientid" type="value">
        <contents>
          <value type="parameter">par_mulesoft_header</value>
        </contents>
        <sequence>
          <operation type="column_selector">
            <args><arg><value type="value">1</value></arg></args>
          </operation>
          <operation type="first_row">
            <args><arg><value type="value">2</value></arg></args>
          </operation>
        </sequence>
      </parameter>
      <parameter id="par_mulesoft_client_secret" type="value">
        <contents>
          <value type="parameter">par_mulesoft_header</value>
        </contents>
        <sequence>
          <operation type="column_selector">
            <args><arg><value type="value">2</value></arg></args>
          </operation>
          <operation type="first_row">
            <args><arg><value type="value">2</value></arg></args>
          </operation>
        </sequence>
      </parameter>
      <parameter id="par_numero_cuenta" type="value">
        <contents>
          <value type="parameter" role="front">par_numero_cuenta</value>
        </contents>
      </parameter>
      <!-- CAD20231006 - VBTS Mejoras Movil Fase 1 - FIN -->

    </parameters>

    <checks>
    </checks>

</template>
