<?xml version='1.0' encoding='UTF-8'?>
<template role="cpe" parent="role_cpe" version="3.0" type="role">

    <!-- ################################################################################ -->
    <!-- ##########################   PARAMETROS ######################################## -->
    <!-- ################################################################################ -->

    <parameters>
        <parameter id="par_front_rgus_cpe" type="value">
            <contents>
                <value type="parameter" role="front">par_customer_service_datos</value>
                <value type="parameter" role="front">par_customer_service_voip</value>
            </contents>
        </parameter>

        <parameter id="par_number_of_cpe_parameters" type="value">
            <contents>
				<!-- JJSM 20230728 - Optimizacion - Se elimina linea de Hosts -->
                <value type="value">Datosunknown,35;</value><!-- JJSM 20220825 - SP1703 - antes 35 --><!-- JJSM 20220818 - SP1701 - antes 34 --><!--FCS20210614_REQ_005_1_3_Antes 15--><!--FCS20210719_INC000042214120_ANTES: 16-->
                <value type="value">DatosVoIP,47</value><!-- JJSM 20220825 - SP1703 - antes 47 --><!-- JJSM 20220818 - SP1701 - antes 46 --><!--FCS20210614_REQ_005_1_3_Antes 27--><!--FCS20210719_INC000042214120_ANTES: 28-->
				<!-- JJSM 20230728 - Optimizacion - Se elimina linea de Hosts -->
			</contents>
            <sequence>
                <operation type="row_delimiter">
                    <args><arg><value type="value">;</value></arg></args>
                </operation>
                <operation type="column_delimiter">
                    <args><arg><value type="value">,</value></arg></args>
                </operation>
                <operation type="column_index">
                    <args><arg><value type="value">1</value></arg></args>
                </operation>
                <operation type="column_equal">
                    <args><arg><value type="parameter">par_front_rgus_cpe</value></arg></args>
                </operation>
                <operation type="column_selector">
                    <args><arg><value type="value">2</value></arg></args>
                </operation>
            </sequence>
        </parameter>

        <parameter id="par_query_voice_parameters" type="value">
            <contents>
                <value type="value">Datosunknown; </value>
                <value type="value">#</value>
                <value type="value">DatosVoIP;<![CDATA[{"query":  "$.characteristic[*].characteristicsValue[type = 'parameterName'].value=InternetGatewayDevice.Services.VoiceService.1.VoiceProfile.1.SIP.OutboundProxy"},{"query":  "$.characteristic[*].characteristicsValue[type = 'parameterName'].value=InternetGatewayDevice.Services.VoiceService.1.VoiceProfile.1.SIP.OutboundProxyPort"},{"query":  "$.characteristic[*].characteristicsValue[type = 'parameterName'].value=InternetGatewayDevice.Services.VoiceService.1.VoiceProfile.1.SIP.ProxyServerPort"},{"query":  "$.characteristic[*].characteristicsValue[type = 'parameterName'].value=InternetGatewayDevice.Services.VoiceService.1.VoiceProfile.2.SIP.OutboundProxy"},{"query":  "$.characteristic[*].characteristicsValue[type = 'parameterName'].value=InternetGatewayDevice.Services.VoiceService.1.VoiceProfile.2.SIP.OutboundProxyPort"},{"query":  "$.characteristic[*].characteristicsValue[type = 'parameterName'].value=InternetGatewayDevice.Services.VoiceService.1.VoiceProfile.2.SIP.ProxyServerPort"},{"query":  "$.characteristic[*].characteristicsValue[type = 'parameterName'].value=InternetGatewayDevice.Services.VoiceService.1.VoiceProfile.1.Line.1.DirectoryNumber"},{"query":  "$.characteristic[*].characteristicsValue[type = 'parameterName'].value=InternetGatewayDevice.Services.VoiceService.1.VoiceProfile.1.Line.1.SIP.AuthUserName"},{"query":  "$.characteristic[*].characteristicsValue[type = 'parameterName'].value=InternetGatewayDevice.Services.VoiceService.1.VoiceProfile.1.Line.1.SIP.AuthPassword"},{"query":  "$.characteristic[*].characteristicsValue[type = 'parameterName'].value=InternetGatewayDevice.Services.VoiceService.1.VoiceProfile.1.Line.1.Enable"},{"query":  "$.characteristic[*].characteristicsValue[type = 'parameterName'].value=InternetGatewayDevice.Services.VoiceService.1.VoiceProfile.1.Line.1.Status"},{"query":  "$.characteristic[*].characteristicsValue[type = 'parameterName'].value=InternetGatewayDevice.Services.VoiceService.1.PhyInterface.1.X_PortStatus"},]]></value>
            </contents>
            <sequence>
                <operation type="row_delimiter">
                    <args><arg><value type="value">#</value></arg></args>
                </operation>
                <operation type="column_delimiter">
                    <args><arg><value type="value">;</value></arg></args>
                </operation>
                <operation type="column_index">
                    <args><arg><value type="value">1</value></arg></args>
                </operation>
                <operation type="column_equal">
                    <args><arg><value type="parameter">par_front_rgus_cpe</value></arg></args>
                </operation>
                <operation type="column_selector">
                    <args><arg><value type="value">2</value></arg></args>
                </operation>
            </sequence>
        </parameter>

        <!--FCS20210422_REQ_005_1_3 se añade parametro de query WANPPPConnection a par_query_params_CPE-->
        <!-- FCS20210719_INC000042214120_Se añaden querys de wifi y con devices que afectan a parametros llamados en diagnosticos -->
        <!-- JJSM 20220818 - SP1701 - Se añade InternetGatewayDevice.LANDevice.1.LANHostConfigManagement.X_EDNS0 -->
        <!-- JJSM 20220825 - SP1703 - Se añade InternetGatewayDevice.LANDevice.1.WLANConfiguration.1.X_ChannelList -->
		<!-- JJSM 20230728 - Optimizacion - Se elimina linea de Hosts -->
        <paremeter id="par_query_parameters_CPE" type="value">
            <contents>
                <value type="value"><![CDATA["},
                {"query":  "$.extraId[schemeID='parameterNumber'].value=]]></value>
                <value type="parameter">par_number_of_cpe_parameters</value>
                <value type="value"><![CDATA["},
                {"query":  "$.characteristic[*].characteristicsValue[type = 'parameterName'].value=InternetGatewayDevice.LANDevice.1.Hosts.HostNumberOfEntries"},
                {"query":  "$.characteristic[*].characteristicsValue[type = 'parameterName'].value=InternetGatewayDevice.LANDevice.1.WLANConfiguration.1.TotalAssociations"},
                {"query":  "$.characteristic[*].characteristicsValue[type = 'parameterName'].value=InternetGatewayDevice.LANDevice.1.WLANConfiguration.5.TotalAssociations"},
                {"query":  "$.characteristic[*].characteristicsValue[type = 'parameterName'].value=InternetGatewayDevice.LANDevice.1.WLANConfiguration.1.Status"},
                {"query":  "$.characteristic[*].characteristicsValue[type = 'parameterName'].value=InternetGatewayDevice.LANDevice.1.WLANConfiguration.5.Status"},
                {"query":  "$.characteristic[*].characteristicsValue[type = 'parameterName'].value=InternetGatewayDevice.LANDevice.1.WLANConfiguration.1.AutoChannelEnable"},
                {"query":  "$.characteristic[*].characteristicsValue[type = 'parameterName'].value=InternetGatewayDevice.LANDevice.1.WLANConfiguration.5.AutoChannelEnable"},
                {"query":  "$.characteristic[*].characteristicsValue[type = 'parameterName'].value=InternetGatewayDevice.LANDevice.1.WLANConfiguration.1.SSIDAdvertisementEnabled"},
                {"query":  "$.characteristic[*].characteristicsValue[type = 'parameterName'].value=InternetGatewayDevice.LANDevice.1.WLANConfiguration.5.SSIDAdvertisementEnabled"},
                {"query":  "$.characteristic[*].characteristicsValue[type = 'parameterName'].value=InternetGatewayDevice.WANDevice.1.WANConnectionDevice.1.WANPPPConnection.2."},
                
				{"query":  "$.characteristic[*].characteristicsValue[type = 'parameterName'].value=InternetGatewayDevice.LANDevice.1.LANHostConfigManagement.X_EDNS0"},
				{"query":  "$.characteristic[*].characteristicsValue[type = 'parameterName'].value=InternetGatewayDevice.LANDevice.1.WLANConfiguration.1.X_ChannelList"},

				{"query":  "$.characteristic[*].characteristicsValue[type = 'parameterName'].value=InternetGatewayDevice.Time.LocalTimeZone"},
                {"query":  "$.characteristic[*].characteristicsValue[type = 'parameterName'].value=InternetGatewayDevice.DeviceInfo.MemoryStatus.Free"},
                {"query":  "$.characteristic[*].characteristicsValue[type = 'parameterName'].value=InternetGatewayDevice.DeviceInfo.ProcessStatus.CPUUsage"},
                {"query":  "$.characteristic[*].characteristicsValue[type = 'parameterName'].value=InternetGatewayDevice.DeviceInfo.UpTime"},
                {"query":  "$.characteristic[*].characteristicsValue[type = 'parameterName'].value=InternetGatewayDevice.WANDevice.1.WANEthernetInterfaceConfig.MaxBitRate"},
                {"query":  "$.characteristic[*].characteristicsValue[type = 'parameterName'].value=InternetGatewayDevice.WANDevice.1.WANEthernetInterfaceConfig.DuplexMode"},
                {"query":  "$.characteristic[*].characteristicsValue[type = 'parameterName'].value=InternetGatewayDevice.WiFi.X_BandSteer.Enable"},
                {"query":  "$.characteristic[*].characteristicsValue[type = 'parameterName'].value=InternetGatewayDevice.LANDevice.1.WLANConfiguration.1.SSID"},
                {"query":  "$.characteristic[*].characteristicsValue[type = 'parameterName'].value=InternetGatewayDevice.LANDevice.1.WLANConfiguration.1.Channel"},
                {"query":  "$.characteristic[*].characteristicsValue[type = 'parameterName'].value=InternetGatewayDevice.LANDevice.1.WLANConfiguration.1.X_WlanAdapter.Band"},
                {"query":  "$.characteristic[*].characteristicsValue[type = 'parameterName'].value=InternetGatewayDevice.LANDevice.1.WLANConfiguration.1.RadioEnabled"},
                {"query":  "$.characteristic[*].characteristicsValue[type = 'parameterName'].value=InternetGatewayDevice.LANDevice.1.WLANConfiguration.1.Enable"},
                {"query":  "$.characteristic[*].characteristicsValue[type = 'parameterName'].value=InternetGatewayDevice.LANDevice.1.WLANConfiguration.1.BSSID"},
                {"query":  "$.characteristic[*].characteristicsValue[type = 'parameterName'].value=InternetGatewayDevice.LANDevice.1.WLANConfiguration.1.BeaconType"},
                {"query":  "$.characteristic[*].characteristicsValue[type = 'parameterName'].value=InternetGatewayDevice.LANDevice.1.WLANConfiguration.5.SSID"},
                {"query":  "$.characteristic[*].characteristicsValue[type = 'parameterName'].value=InternetGatewayDevice.LANDevice.1.WLANConfiguration.5.Channel"},
                {"query":  "$.characteristic[*].characteristicsValue[type = 'parameterName'].value=InternetGatewayDevice.LANDevice.1.WLANConfiguration.5.X_WlanAdapter.Band"},
                {"query":  "$.characteristic[*].characteristicsValue[type = 'parameterName'].value=InternetGatewayDevice.LANDevice.1.WLANConfiguration.5.RadioEnabled"},
                {"query":  "$.characteristic[*].characteristicsValue[type = 'parameterName'].value=InternetGatewayDevice.LANDevice.1.WLANConfiguration.5.BSSID"},
                {"query":  "$.characteristic[*].characteristicsValue[type = 'parameterName'].value=InternetGatewayDevice.LANDevice.1.WLANConfiguration.5.BeaconType"},
                {"query":  "$.characteristic[*].characteristicsValue[type = 'parameterName'].value=InternetGatewayDevice.LANDevice.1.WLANConfiguration.5.Enable"},
                {"query":  "$.characteristic[*].characteristicsValue[type = 'parameterName'].value=InternetGatewayDevice.LANDevice.1.WLANConfiguration.1.AssociatedDevice."},
                {"query":  "$.characteristic[*].characteristicsValue[type = 'parameterName'].value=InternetGatewayDevice.LANDevice.1.WLANConfiguration.5.AssociatedDevice."},]]></value>
                <value type="parameter">par_query_voice_parameters</value>
                <value type="value"><![CDATA[{"query":"$.resource[name='INPUT'].extraId[schemeName='ExecutionTimeoutSeconds'].value=60"},
                {"query":"$.resource[name='INPUT'].extraId[schemeName='ExpirationTimeoutSeconds'].value=60"},
                {"query":"$.resource[name='INPUT'].extraId[schemeName='Priority'].value=100"},
                {"query":"$.resource[name='INPUT'].extraId[schemeName='updateCachedDataRecord'].value=false"},
                {"query":"$.resource[name='INPUT'].extraId[schemeName='DisableCaptureConstraint'].value=true"},
                {"query":"$.resource[name='INPUT'].extraId[schemeName='FailOnConnectionRequestFailure'].value=false"},
                {"query":"$.resource[name='INPUT'].extraId[schemeName='RequestTimeout'].value=180000"}]}]]></value>
            </contents>
        </paremeter>
        <paremeter id="par_query_wifi_base" type="value">
            <contents>
                <value type="value"><![CDATA["},
                {"query":  "$.extraId[schemeID='parameterNumber'].value=23"},
                {"query":  "$.characteristic[*].characteristicsValue[type = 'parameterName'].value=InternetGatewayDevice.WiFi.X_BandSteer.Enable"},
                {"query":  "$.characteristic[*].characteristicsValue[type = 'parameterName'].value=InternetGatewayDevice.LANDevice.1.WLANConfiguration.1.SSID"},
                {"query":  "$.characteristic[*].characteristicsValue[type = 'parameterName'].value=InternetGatewayDevice.LANDevice.1.WLANConfiguration.1.Status"},
                {"query":  "$.characteristic[*].characteristicsValue[type = 'parameterName'].value=InternetGatewayDevice.LANDevice.1.WLANConfiguration.1.Channel"},
                {"query":  "$.characteristic[*].characteristicsValue[type = 'parameterName'].value=InternetGatewayDevice.LANDevice.1.WLANConfiguration.1.X_WlanAdapter.Band"},
                {"query":  "$.characteristic[*].characteristicsValue[type = 'parameterName'].value=InternetGatewayDevice.LANDevice.1.WLANConfiguration.1.AutoChannelEnable"},
                {"query":  "$.characteristic[*].characteristicsValue[type = 'parameterName'].value=InternetGatewayDevice.LANDevice.1.WLANConfiguration.1.RadioEnabled"},
                {"query":  "$.characteristic[*].characteristicsValue[type = 'parameterName'].value=InternetGatewayDevice.LANDevice.1.WLANConfiguration.1.SSIDAdvertisementEnabled"},
                {"query":  "$.characteristic[*].characteristicsValue[type = 'parameterName'].value=InternetGatewayDevice.LANDevice.1.WLANConfiguration.1.PreSharedKey.1.KeyPassphrase"},
                {"query":  "$.characteristic[*].characteristicsValue[type = 'parameterName'].value=InternetGatewayDevice.LANDevice.1.WLANConfiguration.1.Enable"},
                {"query":  "$.characteristic[*].characteristicsValue[type = 'parameterName'].value=InternetGatewayDevice.LANDevice.1.WLANConfiguration.1.BSSID"},
                {"query":  "$.characteristic[*].characteristicsValue[type = 'parameterName'].value=InternetGatewayDevice.LANDevice.1.WLANConfiguration.1.BeaconType"},
                {"query":  "$.characteristic[*].characteristicsValue[type = 'parameterName'].value=InternetGatewayDevice.LANDevice.1.WLANConfiguration.5.SSID"},
                {"query":  "$.characteristic[*].characteristicsValue[type = 'parameterName'].value=InternetGatewayDevice.LANDevice.1.WLANConfiguration.5.Status"},
                {"query":  "$.characteristic[*].characteristicsValue[type = 'parameterName'].value=InternetGatewayDevice.LANDevice.1.WLANConfiguration.5.Channel"},
                {"query":  "$.characteristic[*].characteristicsValue[type = 'parameterName'].value=InternetGatewayDevice.LANDevice.1.WLANConfiguration.5.X_WlanAdapter.Band"},
                {"query":  "$.characteristic[*].characteristicsValue[type = 'parameterName'].value=InternetGatewayDevice.LANDevice.1.WLANConfiguration.5.AutoChannelEnable"},
                {"query":  "$.characteristic[*].characteristicsValue[type = 'parameterName'].value=InternetGatewayDevice.LANDevice.1.WLANConfiguration.5.RadioEnabled"},
                {"query":  "$.characteristic[*].characteristicsValue[type = 'parameterName'].value=InternetGatewayDevice.LANDevice.1.WLANConfiguration.5.PreSharedKey.1.KeyPassphrase"},
                {"query":  "$.characteristic[*].characteristicsValue[type = 'parameterName'].value=InternetGatewayDevice.LANDevice.1.WLANConfiguration.5.BSSID"},
                {"query":  "$.characteristic[*].characteristicsValue[type = 'parameterName'].value=InternetGatewayDevice.LANDevice.1.WLANConfiguration.5.BeaconType"},
                {"query":  "$.characteristic[*].characteristicsValue[type = 'parameterName'].value=InternetGatewayDevice.LANDevice.1.WLANConfiguration.5.Enable"},
                {"query":  "$.characteristic[*].characteristicsValue[type = 'parameterName'].value=InternetGatewayDevice.LANDevice.1.WLANConfiguration.5.SSIDAdvertisementEnabled"},
                {"query":"$.resource[name='INPUT'].extraId[schemeName='ExecutionTimeoutSeconds'].value=60"},
                {"query":"$.resource[name='INPUT'].extraId[schemeName='ExpirationTimeoutSeconds'].value=60"},
                {"query":"$.resource[name='INPUT'].extraId[schemeName='Priority'].value=100"},
                {"query":"$.resource[name='INPUT'].extraId[schemeName='updateCachedDataRecord'].value=false"},
                {"query":"$.resource[name='INPUT'].extraId[schemeName='DisableCaptureConstraint'].value=true"},
                {"query":"$.resource[name='INPUT'].extraId[schemeName='FailOnConnectionRequestFailure'].value=false"},
                {"query":"$.resource[name='INPUT'].extraId[schemeName='RequestTimeout'].value=180000"}]}]]></value>
            </contents>
        </paremeter>
        <paremeter id="par_query_con_devices" type="value">
            <contents>
                <value type="value"><![CDATA["},
                {"query":  "$.extraId[schemeID='parameterNumber'].value=5"},
                {"query":  "$.characteristic[*].characteristicsValue[type = 'parameterName'].value=InternetGatewayDevice.LANDevice.1.Hosts."},
                {"query":  "$.characteristic[*].characteristicsValue[type = 'parameterName'].value=InternetGatewayDevice.LANDevice.1.WLANConfiguration.1.SSID"},
                {"query":  "$.characteristic[*].characteristicsValue[type = 'parameterName'].value=InternetGatewayDevice.LANDevice.1.WLANConfiguration.5.SSID"},
                {"query":  "$.characteristic[*].characteristicsValue[type = 'parameterName'].value=InternetGatewayDevice.LANDevice.1.WLANConfiguration.1.AssociatedDevice."},
                {"query":  "$.characteristic[*].characteristicsValue[type = 'parameterName'].value=InternetGatewayDevice.LANDevice.1.WLANConfiguration.5.AssociatedDevice."},
                {"query":"$.resource[name='INPUT'].extraId[schemeName='ExecutionTimeoutSeconds'].value=60"},
                {"query":"$.resource[name='INPUT'].extraId[schemeName='ExpirationTimeoutSeconds'].value=60"},
                {"query":"$.resource[name='INPUT'].extraId[schemeName='Priority'].value=100"},
                {"query":"$.resource[name='INPUT'].extraId[schemeName='updateCachedDataRecord'].value=false"},
                {"query":"$.resource[name='INPUT'].extraId[schemeName='DisableCaptureConstraint'].value=true"},
                {"query":"$.resource[name='INPUT'].extraId[schemeName='FailOnConnectionRequestFailure'].value=false"},
                {"query":"$.resource[name='INPUT'].extraId[schemeName='RequestTimeout'].value=180000"}]}]]></value>
            </contents>
        </paremeter>

        <!-- PARÁMETROS DE LLAMADA PARA COMPROBAR POST LENTITUD -->
        <paremeter id="par_query_parameters_comprob_post_lentitud" type="value">
            <contents>
                <value type="value"><![CDATA["},{"query":  "$.extraId[schemeID='parameterNumber'].value=2"},{"query":  "$.characteristic[*].characteristicsValue[type = 'parameterName'].value=InternetGatewayDevice.WANDevice.1.WANEthernetInterfaceConfig.MaxBitRate"},{"query":  "$.characteristic[*].characteristicsValue[type = 'parameterName'].value=InternetGatewayDevice.WANDevice.1.WANEthernetInterfaceConfig.DuplexMode"},{"query":"$.resource[name='INPUT'].extraId[schemeName='ExecutionTimeoutSeconds'].value=60"},{"query":"$.resource[name='INPUT'].extraId[schemeName='ExpirationTimeoutSeconds'].value=60"},{"query":"$.resource[name='INPUT'].extraId[schemeName='Priority'].value=100"},{"query":"$.resource[name='INPUT'].extraId[schemeName='updateCachedDataRecord'].value=false"},{"query":"$.resource[name='INPUT'].extraId[schemeName='DisableCaptureConstraint'].value=true"},{"query":"$.resource[name='INPUT'].extraId[schemeName='FailOnConnectionRequestFailure'].value=false"},{"query":"$.resource[name='INPUT'].extraId[schemeName='RequestTimeout'].value=180000"}]}]]></value>
            </contents>
        </paremeter>
        <paremeter id="par_front_access_type" type="value">
            <contents>
                <value type="parameter" role="front">par_access_type</value>
            </contents>
        </paremeter>

        <parameter id="par_root_path_wifi" type="value">
            <contents>
                <value type="value">InternetGatewayDevice.LANDevice.1.WLANConfiguration.</value>
            </contents>
        </parameter>

		<!-- JJSM 20220927 - SP1703 - INICIO -->
        <parameter id="par_path_channellist" type="value">
          <contents>
            <value type="value">InternetGatewayDevice.LANDevice.1.WLANConfiguration.1.X_ChannelList</value>
          </contents>
        </parameter>
		<!-- JJSM 20220927 - SP1703 - FIN -->

        <parameter id="par_path_enable_ssid5" type="value">
            <contents>
                <value type="parameter">par_root_path_wifi</value>
                <value type="value">5.Enable</value>
            </contents>
        </parameter>
        <parameter id="par_path_radioenabled5" type="value">
            <contents>
                <value type="parameter">par_root_path_wifi</value>
                <value type="value">5.RadioEnabled</value>
            </contents>
        </parameter>
        <parameter id="par_path_ssid_oculto5" type="value">
            <contents>
                <value type="parameter">par_root_path_wifi</value>
                <value type="value">5.SSIDAdvertisementEnabled</value>
            </contents>
        </parameter>

        <!--DBC_Req_005_2-->
        <parameter id="par_root_path_bandsteering" type="value">
            <contents>
                <value type="value">InternetGatewayDevice.WiFi.X_BandSteer</value>
            </contents>
        </parameter>

        <!--CCA20220527 - Consolas 2.0 - INICIO-->
        <parameter id="par_root_actpath_wifi_enable_24" type="value">
          <contents>
            <value type="value">InternetGatewayDevice.LANDevice.1.WLANConfiguration.1.Enable</value>
          </contents>
        </parameter>

        <parameter id="par_root_actpath_wifi_enable_5" type="value">
          <contents>
            <value type="value">InternetGatewayDevice.LANDevice.1.WLANConfiguration.5.Enable</value>
          </contents>
        </parameter>

        <parameter id="par_root_actpath_radio_enable_24" type="value">
          <contents>
            <value type="value">InternetGatewayDevice.LANDevice.1.WLANConfiguration.1.RadioEnabled</value>
          </contents>
        </parameter>

        <parameter id="par_root_actpath_radio_enable_5" type="value">
          <contents>
            <value type="value">InternetGatewayDevice.LANDevice.1.WLANConfiguration.5.RadioEnabled</value>
          </contents>
        </parameter>
        <!--CCA20220527 - Consolas 2.0 - FIN-->

        <parameter id="par_wifi_ssids" type="table" name="Resumen SSIDs">
            <contents>
                <value type="parameter">par_cpcpe_wifi_base_table</value>
            </contents>
            <sequence>
                <operation type="header_selector">
                    <args><arg><value type="value">key;key;value</value></arg></args>
                </operation>
                <operation type="first_row">
                    <args><arg><value type="value">2</value></arg></args>
                </operation>
                <!-- Nos quedamos con los valores que empiecen por esa raíz -->
                <operation type="column_index">
                    <args><arg><value type="value">2</value></arg></args>
                </operation>
                <operation type="column_contain">
                    <args><arg><value type="value">InternetGatewayDevice.LANDevice.1.WLANConfiguration.</value></arg></args>
                </operation>
                <operation type="column_index">
                    <args><arg><value type="value">2</value></arg></args>
                </operation>
                <operation type="replace_pattern">
                    <args><arg><value type="value">InternetGatewayDevice.LANDevice.1.WLANConfiguration.([0-9]+)\..*@to@$1</value></arg></args>
                </operation>
                <!-- Eliminamos la raíz de las claves para quedarnos con el nombre "local" -->
                <operation type="column_index">
                    <args><arg><value type="value">1</value></arg></args>
                </operation>
                <operation type="replace_pattern">
                    <args><arg><value type="value">InternetGatewayDevice.LANDevice.1.WLANConfiguration.[0-9]+\.(.*)@to@$1</value></arg></args>
                </operation>
                <!-- Le añadimos el índice a los valores para poder ordenar -->
                <operation type="add_header">
                    <args><arg><value type="value">key;index;value</value></arg></args>
                </operation>
                <operation type="column_left">
                    <args><arg><value type="value">index</value></arg></args>
                </operation>
                <operation type="column_right">
                    <args><arg><value type="value">value</value></arg></args>
                </operation>
                <operation type="merge">
                    <args><arg><value type="value">_</value></arg></args>
                </operation>
                <!-- Ordenamos por la nueva columna para tener las claves ordenadas por orden -->
                <operation type="first_row">
                    <args><arg><value type="value">2</value></arg></args>
                </operation>
                <operation type="column_index">
                    <args><arg><value type="value">2</value></arg></args>
                </operation>
                <operation type="order_lex">
                    <args><arg><value type="value">asc</value></arg></args>
                </operation>
                <!-- Convertimos la tabla clave valor en una tabla por ssid-->
                <operation type="transpose"/>
                <operation type="compact_table"/>

                <!-- Seleccionamos las cabeceras necesarias para la tabla final duplicando una de ellas como la primera para extraer el indice metido en el paso previo del merge -->
                <operation type="header_selector">
                    <args><arg><value type="value">BSSID;Status;SSID;BSSID;X_WlanAdapter.Band;Channel;AutoChannelEnable;BeaconType</value></arg></args>
                </operation>
                <operation type="ignore_header">
                    <args><arg><value type="value">true</value></arg></args>
                </operation>

                <!-- Eliminamos la cabecera y extraemos el indice de la columan duplicada -->
                <operation type="column_index">
                    <args><arg><value type="value">1</value></arg></args>
                </operation>
                <operation type="replace_pattern">
                    <args><arg><value type="value">([0-9])_.*@to@$1</value></arg></args>
                </operation>

                <!-- Eliminamos el valor del indice del resto de campos -->
                <operation type="column_index">
                    <args><arg><value type="value">0</value></arg></args>
                </operation>
                <operation type="replace_pattern">
                    <args><arg><value type="value">[0-9]_(.*)@to@$1</value></arg></args>
                </operation>
                <!-- BAND: b24, b5 -->
                <!-- Obtenemos la banda de los posibles canales en vez del canal actual, porque cuando el ssid está apagado y el autochannel está encendido, el canal se pone en 0 -->
                <operation type="column_index">
                    <args><arg><value type="value">5</value></arg></args>
                </operation>
                <operation type="replace_pattern">
                    <args><arg><value type="value">^(2.*)$@to@b24</value></arg></args>
                </operation>
                <operation type="replace_pattern">
                    <args><arg><value type="value">^(5.*)$@to@b5</value></arg></args>
                </operation>

                <!-- SECTYPE: open, wep64, wep128, wpapsk, wpa2psk, wpa12psk -->
                <operation type="column_index">
                    <args><arg><value type="value">8</value></arg></args>
                </operation>
                <operation type="replace_pattern">
                    <args><arg><value type="value">^None$@to@open</value></arg></args>
                </operation>
                <operation type="replace_pattern">
                    <args><arg><value type="value">^Basic$@to@wep64</value></arg></args>
                </operation>
                <operation type="replace_pattern">
                    <args><arg><value type="value">^WPA$@to@wpapsk</value></arg></args>
                </operation>
                <operation type="replace_pattern">
                    <args><arg><value type="value">^11i$@to@wpa2psk</value></arg></args>
                </operation>
                <operation type="replace_pattern">
                    <args><arg><value type="value">^WPAand11i$@to@wpa12psk</value></arg></args>
                </operation>

                <!-- ENABLED: true, false-->
                <operation type="column_index">
                    <args><arg><value type="value">2</value></arg></args>
                </operation>
                <operation type="replace_pattern">
                    <args><arg><value type="value">^(Up)$@to@true</value></arg></args>
                </operation>
                <operation type="replace_pattern">
                    <args><arg><value type="value">^(Error|Disabled)$@to@false</value></arg></args>
                </operation>

                <!-- AutoChannel: true, false -->
                <operation type="column_index">
                    <args><arg><value type="value">7</value></arg></args>
                </operation>
                <operation type="replace_pattern">
                    <args><arg><value type="value">^1$@to@true</value></arg></args>
                </operation>
                <operation type="replace_pattern">
                    <args><arg><value type="value">^0$@to@false</value></arg></args>
                </operation>
                <!-- Dejamos las cabeceras finales -->
                <operation type="first_row">
                    <args><arg><value type="value">2</value></arg></args>
                </operation>
                <operation type="add_header">
                    <args><arg><value type="value">index;enabled;ssid;bssid;band;channel;autochannel;sectype</value></arg></args>
                </operation>
                <!--CCA20220602 - INC000052812360 - INICIO-->
                <operation type="column_left">
                      <args><arg><value type="value">index</value></arg></args>
                </operation>
                <operation type="column_right">
                  <args><arg><value type="value">index</value></arg></args>
                </operation>
                <operation type="join">
                  <args><arg><value type="parameter">par_bandsteering_linkedssid</value></arg></args>
                </operation>
                <!--CCA20220602 - INC000052812360 - FIN-->
				<!-- JJSM 20230922 - Tool Wifi - Error:  - INICIO -->
				<operation type="column_index">
				  <args><arg><value type="value">1</value></arg></args>
				</operation>
				<operation type="column_not_equal">
				  <args><arg><value type="value">unknown</value></arg></args>
				</operation>
				<!-- JJSM 20230922 - Tool Wifi - Error:  - FIN -->
            </sequence>
        </parameter>

        <!-- FCS20210716_INC000042214120 -->
        <parameter id="par_wifi_ssids_diag" type="table" name="Resumen SSIDs">
            <contents>
                <value type="parameter">par_cpcpe_base_table</value>
            </contents>
            <sequence>
              <operation type="remove_pattern">
                <args><arg><value type="value">characteristic.characteristicsValue.</value></arg></args>
              </operation>
              <operation type="header_selector">
                <args><arg><value type="value">description;name;value</value></arg></args>
              </operation>
              <operation type="column_index">
                <args><arg><value type="value">2</value></arg></args>
              </operation>
              <operation type="column_contain">
                <args><arg><value type="value">WLANConfiguration</value></arg></args>
              </operation>
              <operation type="column_index">
                <args><arg><value type="value">1</value></arg></args>
              </operation>
              <operation type="column_contain">
                <args><arg><value type="value">value</value></arg></args>
              </operation>
              <operation type="column_index">
                <args><arg><value type="value">2</value></arg></args>
              </operation>
              <operation type="order_lex">
                <args><arg><value type="value">asc</value></arg></args>
              </operation>
              <operation type="add_header">
                <args><arg><value type="value">#;key;value</value></arg></args>
              </operation>
              <operation type="header_selector">
                <args><arg><value type="value">key;value</value></arg></args>
              </operation>
                <operation type="header_selector">
                    <args><arg><value type="value">key;key;value</value></arg></args>
                </operation>
                <operation type="first_row">
                    <args><arg><value type="value">2</value></arg></args>
                </operation>
                <!-- Nos quedamos con los valores que empiecen por esa raíz -->
                <operation type="column_index">
                    <args><arg><value type="value">2</value></arg></args>
                </operation>
                <operation type="column_contain">
                    <args><arg><value type="value">InternetGatewayDevice.LANDevice.1.WLANConfiguration.</value></arg></args>
                </operation>
                <operation type="column_index">
                    <args><arg><value type="value">2</value></arg></args>
                </operation>
                <operation type="replace_pattern">
                    <args><arg><value type="value">InternetGatewayDevice.LANDevice.1.WLANConfiguration.([0-9]+)\..*@to@$1</value></arg></args>
                </operation>
                <!-- Eliminamos la raíz de las claves para quedarnos con el nombre "local" -->
                <operation type="column_index">
                    <args><arg><value type="value">1</value></arg></args>
                </operation>
                <operation type="replace_pattern">
                    <args><arg><value type="value">InternetGatewayDevice.LANDevice.1.WLANConfiguration.[0-9]+\.(.*)@to@$1</value></arg></args>
                </operation>
                <!-- Le añadimos el índice a los valores para poder ordenar -->
                <operation type="add_header">
                    <args><arg><value type="value">key;index;value</value></arg></args>
                </operation>
                <operation type="column_left">
                    <args><arg><value type="value">index</value></arg></args>
                </operation>
                <operation type="column_right">
                    <args><arg><value type="value">value</value></arg></args>
                </operation>
                <operation type="merge">
                    <args><arg><value type="value">_</value></arg></args>
                </operation>
                <!-- Ordenamos por la nueva columna para tener las claves ordenadas por orden -->
                <operation type="first_row">
                    <args><arg><value type="value">2</value></arg></args>
                </operation>
                <operation type="column_index">
                    <args><arg><value type="value">2</value></arg></args>
                </operation>
                <operation type="order_lex">
                    <args><arg><value type="value">asc</value></arg></args>
                </operation>
                <!-- Convertimos la tabla clave valor en una tabla por ssid-->
                <operation type="transpose"/>
                <operation type="compact_table"/>

                <!-- Seleccionamos las cabeceras necesarias para la tabla final duplicando una de ellas como la primera para extraer el indice metido en el paso previo del merge -->
                <operation type="header_selector">
                    <args><arg><value type="value">BSSID;Status;SSID;BSSID;X_WlanAdapter.Band;Channel;AutoChannelEnable;BeaconType</value></arg></args>
                </operation>
                <operation type="ignore_header">
                    <args><arg><value type="value">true</value></arg></args>
                </operation>

                <!-- Eliminamos la cabecera y extraemos el indice de la columan duplicada -->
                <operation type="column_index">
                    <args><arg><value type="value">1</value></arg></args>
                </operation>
                <operation type="replace_pattern">
                    <args><arg><value type="value">([0-9])_.*@to@$1</value></arg></args>
                </operation>

                <!-- Eliminamos el valor del indice del resto de campos -->
                <operation type="column_index">
                    <args><arg><value type="value">0</value></arg></args>
                </operation>
                <operation type="replace_pattern">
                    <args><arg><value type="value">[0-9]_(.*)@to@$1</value></arg></args>
                </operation>
                <!-- BAND: b24, b5 -->
                <!-- Obtenemos la banda de los posibles canales en vez del canal actual, porque cuando el ssid está apagado y el autochannel está encendido, el canal se pone en 0 -->
                <operation type="column_index">
                    <args><arg><value type="value">5</value></arg></args>
                </operation>
                <operation type="replace_pattern">
                    <args><arg><value type="value">^(2.*)$@to@b24</value></arg></args>
                </operation>
                <operation type="replace_pattern">
                    <args><arg><value type="value">^(5.*)$@to@b5</value></arg></args>
                </operation>

                <!-- SECTYPE: open, wep64, wep128, wpapsk, wpa2psk, wpa12psk -->
                <operation type="column_index">
                    <args><arg><value type="value">8</value></arg></args>
                </operation>
                <operation type="replace_pattern">
                    <args><arg><value type="value">^None$@to@open</value></arg></args>
                </operation>
                <operation type="replace_pattern">
                    <args><arg><value type="value">^Basic$@to@wep64</value></arg></args>
                </operation>
                <operation type="replace_pattern">
                    <args><arg><value type="value">^WPA$@to@wpapsk</value></arg></args>
                </operation>
                <operation type="replace_pattern">
                    <args><arg><value type="value">^11i$@to@wpa2psk</value></arg></args>
                </operation>
                <operation type="replace_pattern">
                    <args><arg><value type="value">^WPAand11i$@to@wpa12psk</value></arg></args>
                </operation>

                <!-- ENABLED: true, false-->
                <operation type="column_index">
                    <args><arg><value type="value">2</value></arg></args>
                </operation>
                <operation type="replace_pattern">
                    <args><arg><value type="value">^(Up)$@to@true</value></arg></args>
                </operation>
                <operation type="replace_pattern">
                    <args><arg><value type="value">^(Error|Disabled)$@to@false</value></arg></args>
                </operation>

                <!-- AutoChannel: true, false -->
                <operation type="column_index">
                    <args><arg><value type="value">7</value></arg></args>
                </operation>
                <operation type="replace_pattern">
                    <args><arg><value type="value">^1$@to@true</value></arg></args>
                </operation>
                <operation type="replace_pattern">
                    <args><arg><value type="value">^0$@to@false</value></arg></args>
                </operation>
                <!-- Dejamos las cabeceras finales -->
                <operation type="first_row">
                    <args><arg><value type="value">2</value></arg></args>
                </operation>
                <operation type="add_header">
                    <args><arg><value type="value">index;enabled;ssid;bssid;band;channel;autochannel;sectype</value></arg></args>
                </operation>
                <!--CCA20220602 - INC000052812360 - INICIO-->
                <operation type="column_left">
                      <args><arg><value type="value">index</value></arg></args>
                </operation>
                <operation type="column_right">
                  <args><arg><value type="value">index</value></arg></args>
                </operation>
                <operation type="join">
                  <args><arg><value type="parameter">par_bandsteering_linkedssid</value></arg></args>
                </operation>
                <!--CCA20220602 - INC000052812360 - FIN-->
            </sequence>
        </parameter>

        <parameter id="par_con_condevicestable_old" type="table" name="Dispositivos Conectados"><!--CCA20230110 - SP2304 - Cambiamos el nombre para utilizar el nuevo-->
          <contents>
            <value type="parameter">par_cpe_consultarparametros_lan</value>
          </contents>
          <sequence>
            <operation type="header_selector">
              <args><arg><value type="value">key;key;value</value></arg></args>
            </operation>
            <operation type="first_row">
              <args><arg><value type="value">2</value></arg></args>
            </operation>

            <!-- Nos quedamos con los valores que empiecen por esa raíz -->
            <operation type="column_index">
              <args><arg><value type="value">2</value></arg></args>
            </operation>
            <operation type="column_contain">
              <args><arg><value type="value">InternetGatewayDevice.LANDevice.1.Hosts.Host.</value></arg></args>
            </operation>
             <!-- Calculamos el índice del ssid -->
            <operation type="column_index">
              <args><arg><value type="value">2</value></arg></args>
            </operation>
            <operation type="replace_pattern">
              <args><arg><value type="value">InternetGatewayDevice.LANDevice.1.Hosts.Host.([0-9]+)\..*@to@$1</value></arg></args>
            </operation>
               <!-- Eliminamos la raíz de las claves para quedarnos con el nombre "local" -->    
            <operation type="column_index">
              <args><arg><value type="value">1</value></arg></args>
            </operation>
            <operation type="replace_pattern">
              <args><arg><value type="value">InternetGatewayDevice.LANDevice.1.Hosts.Host.[0-9]+\.(.*)@to@$1</value></arg></args>
            </operation>
             <operation type="add_header">
              <args><arg><value type="value">key;index;value</value></arg></args>
            </operation>
            <operation type="column_left">
              <args><arg><value type="value">index</value></arg></args>
            </operation>
            <operation type="column_right">
              <args><arg><value type="value">value</value></arg></args>
            </operation>
            <operation type="merge">
              <args><arg><value type="value">_</value></arg></args>
            </operation>
              <operation type="first_row">
              <args><arg><value type="value">2</value></arg></args>
            </operation>
            <operation type="column_index">
              <args><arg><value type="value">2</value></arg></args>
            </operation>
            <operation type="order_lex">
              <args><arg><value type="value">asc</value></arg></args>
            </operation>
             <!-- Convertimos la tabla clave valor en una tabla por ssid -->
            <operation type="transpose"/>
            <operation type="compact_table"/>
             <operation type="header_selector">
              <args><arg><value type="value">MACAddress;MACAddress;IPAddress;HostName;InterfaceType;Active</value></arg></args>
            </operation>
            <operation type="first_row">
              <args><arg><value type="value">2</value></arg></args>
            </operation>
            <operation type="add_header">
              <args><arg><value type="value">index;MACAddress;IPAddress;HostName;InterfaceType;Active</value></arg></args>
            </operation>
            <operation type="ignore_header">
              <args><arg><value type="value">true</value></arg></args>
            </operation>
             <operation type="column_index">
              <args><arg><value type="value">1</value></arg></args>
            </operation>
            <operation type="replace_pattern">
              <args><arg><value type="value">([0-9]+)_.*@to@$1</value></arg></args>
            </operation>
              <!-- Eliminamos el valor del indice del resto de campos -->
            <operation type="column_index">
              <args><arg><value type="value">0</value></arg></args>
            </operation>
            <operation type="replace_pattern">
              <args><arg><value type="value">[0-9]+_(.*)@to@$1</value></arg></args>
            </operation>
             <operation type="header_selector">
              <args><arg><value type="value">MACAddress;IPAddress;HostName;InterfaceType;Active</value></arg></args>
            </operation>
            
            <operation type="column_index">
              <args><arg><value type="value">5</value></arg></args>
            </operation>
            <operation type="replace_pattern">
              <args><arg><value type="value">^(true|True)$@to@1</value></arg></args>
            </operation>
            <operation type="column_equal">
              <args><arg><value type="value">1</value></arg></args>
            </operation>
             <operation type="column_index">
              <args><arg><value type="value">4</value></arg></args>
            </operation>
            <operation type="replace_pattern">
              <args><arg><value type="value">^Ethernet$@to@ethernet</value></arg></args>
            </operation>
            <operation type="replace_pattern">
              <args><arg><value type="value">^USB$@to@usb</value></arg></args>
            </operation>
            <operation type="replace_pattern">
              <args><arg><value type="value">^802.11$@to@wifi</value></arg></args>
            </operation>
            <operation type="replace_pattern">
              <args><arg><value type="value">^(HomePNA|HomePlug|Other)$@to@unknown</value></arg></args>
            </operation>
            <operation type="add_header">
              <args><arg><value type="value">mac;ip;hostname;connType;active</value></arg></args>
            </operation>          
              <operation type="column_index">
              <args><arg><value type="value">1</value></arg></args>
            </operation>
            <operation type="column_not_contain">
               <args><arg><value type="value">MACAddress</value></arg></args>
            </operation>
            <operation type="header_selector">
              <args><arg><value type="value">mac;ip;connType;hostname</value></arg></args>
            </operation>

            <operation type="column_left">
              <args><arg><value type="value">mac</value></arg></args>
            </operation>
            <operation type="column_right">
              <args><arg><value type="value">admac</value></arg></args>
            </operation>
            <operation type="join">
              <args><arg><value type="parameter">par_assocdevices_old</value></arg></args><!--CCA20230113 - SP023 - Cambio de nombre para que coja el del padre-->
            </operation>
            <operation type="add_header">
              <args><arg><value type="value">mac;ip;connType;hostname;ssidindex</value></arg></args>
            </operation>      
              <operation type="column_index">
              <args><arg><value type="value">5</value></arg></args>
            </operation>
            <operation type="column_not_contain">
               <args><arg><value type="value">adssidindex</value></arg></args>
            </operation>
            <operation type="header_selector">
              <args><arg><value type="value">mac;ip;connType;hostname;ssidindex</value></arg></args>
            </operation>
             <operation type="column_left">
              <args><arg><value type="value">ssidindex</value></arg></args>
            </operation>
            <operation type="column_right">
              <args><arg><value type="value">index</value></arg></args>
            </operation>
            <operation type="join">
              <args><arg><value type="parameter">par_con_ssid_name</value></arg></args>
            </operation>
             <operation type="header_selector">
              <args><arg><value type="value">mac;ip;connType;hostname;ssid;ssid;connType</value></arg></args>
            </operation>
            
            <operation type="add_header">
              <args><arg><value type="value">mac;ip;connType;hostname;ssid;grouper;connTypeAux</value></arg></args>
            </operation>
             <operation type="column_index">
              <args><arg><value type="value">6</value></arg></args>
            </operation>
            <operation type="column_not_contain">
               <args><arg><value type="value">ssid</value></arg></args>
            </operation>
            <operation type="column_left">
              <args><arg><value type="value">grouper</value></arg></args>
            </operation>
            <operation type="column_right">
              <args><arg><value type="value">connTypeAux</value></arg></args>
            </operation>
            <operation type="merge">
              <args><arg><value type="value">_</value></arg></args>
            </operation>
            <!--FCS20210602_INC_301_3 Se añade para que en caso de que no traiga datos no se rompa la tabla-->
            <operation type="column_not_contain">
              <args><arg><value type="value">_connType</value></arg></args>
            </operation>
            <operation type="column_index">
              <args><arg><value type="value">6</value></arg></args>
            </operation>
            <operation type="replace_pattern">
              <args><arg><value type="value">^(.+)_wifi$@to@$1</value></arg></args>
            </operation>
            <operation type="replace_pattern">
              <args><arg><value type="value">^_(wifi)$@to@$1</value></arg></args>
            </operation>
            <operation type="replace_pattern">
              <args><arg><value type="value">^.*_(ethernet|usb|unknown)$@to@$1</value></arg></args>
            </operation>

            <!--20200604_DAS: Informacion adicional (SignalStrength;)-->
            <operation type="column_left">
              <args><arg><value type="value">mac</value></arg></args>
            </operation>
            <operation type="column_right">
              <args><arg><value type="value">MACAddress</value></arg></args>
            </operation>
            <operation type="join">
              <args><arg><value type="parameter">par_rssi_phys</value></arg></args>
            </operation>
			<!-- JJSM 20221216 - SP2306 - INICIO -->
            <operation type="column_index">
              <args><arg><value type="value">1</value></arg></args>
            </operation>
            <operation type="replace_pattern">
              <args><arg><value type="value">:@to@</value></arg></args>
            </operation>
			<!-- JJSM 20221216 - SP2306 - FIN -->
          </sequence>
        </parameter>

        <!--20200604_DAS: para mostrar en Dispositivos Conectados-->
        <parameter id="par_rssi_phys" type="table">
          <contents>
            <value type="parameter">par_cpe_wlan_assoc</value>
          </contents>
          <sequence>
            <operation type="header_selector">
              <args><arg><value type="value">key;key;value</value></arg></args>
            </operation>
            
            <operation type="column_index">
              <args><arg><value type="value">1</value></arg></args>
            </operation>
            <operation type="replace_pattern">
              <args><arg><value type="value">InternetGatewayDevice.LANDevice.1.WLANConfiguration.([0-9]+)\.AssociatedDevice\.([0-9]+)\..*@to@$2</value></arg></args>
            </operation>
            <operation type="column_index">
              <args><arg><value type="value">2</value></arg></args>
            </operation>
            <operation type="replace_pattern">
              <args><arg><value type="value">InternetGatewayDevice.LANDevice.1.WLANConfiguration.[0-9]+\.AssociatedDevice\.[0-9]+\.(.*)@to@$1</value></arg></args>
            </operation>
            <operation type="replace_pattern">
              <args><arg><value type="value">X_Stats\.@to@</value></arg></args>
            </operation>
            
            <operation type="first_row">
              <args><arg><value type="value">2</value></arg></args>
            </operation>
            <operation type="add_header">
              <args><arg><value type="value">key;key2;value</value></arg></args>
            </operation>
            
            <operation type="column_left">
              <args><arg><value type="value">key</value></arg></args>
            </operation>
            <operation type="column_right">
              <args><arg><value type="value">value</value></arg></args>
            </operation>
            <operation type="merge">
              <args><arg><value type="value">_</value></arg></args>
            </operation>
            
            <operation type="header_selector">
              <args><arg><value type="value">key2;key</value></arg></args>
            </operation>
            
            <operation type="transpose"/>
            <operation type="compact_table"/>
            
            <operation type="header_selector"><!--Cabeceras pendientes:;ErrorsSent;RetransCount-->
              <args><arg><value type="value">AssociatedDeviceMACAddress;SignalStrength;X_LastDataDownlinkRate;X_LastDataUplinkRate</value></arg></args><!--FCS2021062_INC_301_3_Se corrige el selector de cabecera para las direcciones mac y se agregan phy-->
            </operation>

            <operation type="first_row">
              <args><arg><value type="value">2</value></arg></args>
            </operation>
            <operation type="add_header">
              <args><arg><value type="value">MACAddress;rssi;phydw;phyup</value></arg></args><!--FCS20210602_INC_301_3_Se añaden cabeceras de phydw y phyup-->
            </operation>
            
            <operation type="column_index">
              <args><arg><value type="value">1</value></arg></args>
            </operation>
            <operation type="replace_pattern">
              <args><arg><value type="value">([0-9]+_)(.*)@to@$2</value></arg></args>
            </operation>
            <operation type="column_index">
              <args><arg><value type="value">2</value></arg></args>
            </operation>
            <operation type="replace_pattern">
              <args><arg><value type="value">([0-9]+_)(.*)@to@$2</value></arg></args>
            </operation>
            <operation type="column_index">
              <args><arg><value type="value">3</value></arg></args>
            </operation>
            <operation type="replace_pattern">
              <args><arg><value type="value">([0-9]+_)(.*)@to@$2</value></arg></args>
            </operation>
            <operation type="column_index">
              <args><arg><value type="value">4</value></arg></args>
            </operation>
            <operation type="replace_pattern">
              <args><arg><value type="value">([0-9]+_)(.*)@to@$2</value></arg></args>
            </operation>
            <!--FCS20210607_INC_301_3_Se comenta porque no es necesario-->
            <!--<operation type="column_left">
              <args><arg><value type="value">PhyDownRate</value></arg></args>
            </operation>
            <operation type="column_right">
              <args><arg><value type="value">PhyUpRate</value></arg></args>
            </operation>
            <operation type="merge">
              <args><arg><value type="value">/</value></arg></args>
            </operation>
            <operation type="column_index">
              <args><arg><value type="value">3</value></arg></args>
            </operation>
            <operation type="replace_pattern">
              <args><arg><value type="value">PhyDownRate@to@phy</value></arg></args>
            </operation>-->

            <!-- Para eliminar los resultados 'unknown' -->
            <operation type="column_index">
              <args><arg><value type="value">2</value></arg></args>
            </operation>
            <operation type="replace_pattern">
              <args><arg><value type="value">unknown@to@</value></arg></args>
            </operation>
            <operation type="column_index">
              <args><arg><value type="value">3</value></arg></args>
            </operation>
            <!--<operation type="replace_pattern">
              <args><arg><value type="value">unknown\/unknown@to@</value></arg></args>
            </operation>-->
           <!-- CGHM - 20230315 - INC000067828432 -->
            <operation type="column_index">
              <args><arg><value type="value">1</value></arg></args>
            </operation>
            <operation type="to_upper_case"/>
            <!-- CGHM - 20230315 - INC000067828432 -->
          </sequence>
        </parameter>

        <!-- Para no reescribir todos los diagnósticos de Voz para este CPE y ahorrar tiempo de ejecución, se comprobará que se realice bien la llamada general en vez de la individual de Voz, pero conservará el nombre de "voice"-->
          <parameter id="par_cpcpe_voice_http_code" type="value">
              <contents>
                <value type="infosource_value" infosource="cpe" endpointid="Consulta_parametros_CPE">_httpCode</value>
              </contents> 
          </parameter>

          <parameter id="par_cpcpe_voice_err_code">
              <contents>
                <value type="infosource_value" infosource="cpe" endpointid="Consulta_parametros_CPE">_errCode</value>
              </contents>
          </parameter>

          <parameter id="par_cpcpe_voice_err_desc">
              <contents>
                <value type="infosource_value" infosource="cpe" endpointid="Consulta_parametros_CPE">_errDesc</value>
              </contents>
          </parameter>

        <!--CCA 20211102 Check para comprobar que tiene serviceID - INICIO-->
        <parameter id="par_grc_service_id_front" type="value">
            <contents>
                <value type="parameter" role="front">par_grc_service_id</value>
            </contents>
        </parameter>
        <!--CCA 20211102 Check para comprobar que tiene serviceID - FIN-->

        <!--CCA20220602 - INC000052812360 - INICIO-->
         <parameter id="par_bandsteering_linkedssid" type="value">
          <contents>
            <value type="value">index,linkedssid;1,5;5,1</value>
          </contents>
          <sequence>
            <operation type="row_delimiter">
              <args><arg><value type="value">;</value></arg></args>
            </operation>
            <operation type="column_delimiter">
              <args><arg><value type="value">,</value></arg></args>
            </operation>
          </sequence>
        </parameter>
        <!--CCA20220602 - INC000052812360 - FIN-->


    </parameters>
    <tests>
        <test id="tst_template">
            <expr type="and">
              <!--CCA 20211102 Check para comprobar que tiene serviceID - INICIO-->
              <reference type="check" id="chk_template_technology"/>
              <reference type="check" id="chk_grc_service_id_eq_unknown" inverse="true"/>
              <reference type="check" id="chk_grc_service_type_eq_mobile" inverse="true"/><!--TML20220617 - limitación a clientes no mobiles-->
              <reference type="check" id="chk_template"/>
              <!--CCA 20211102 Check para comprobar que tiene serviceID - FIN-->
            </expr>
        </test>

        <!-- Para no reescribir todos los diagnósticos de Voz para este CPE y ahorrar tiempo de ejecución, se comprobará que se realice bien la llamada general en vez de la individual de Voz, pero conservará el nombre de "voice"-->
        <test id="tst_endpoint_cpcpe_voice_isok">
            <expr type="and">
                <reference type="test" id="tst_endpoint_cpcpe_isok"/>
            </expr>
        </test>
    </tests>
    <checks>
        <check id="chk_template">
            <parameter>par_od_resource_productclass</parameter>
            <result>
                <expr type="and">
                    <operation type="contains">
                        <args><arg><value type="value">FG824CD</value></arg></args>
                    </operation>
                </expr>
            </result>
        </check>
        <!--Aquí habrá que hacer un check para comprobar que sea esta tecnología-->
         <check id="chk_template_technology">
             <parameter>par_front_access_type</parameter>
             <result>
                 <expr type="and">
                     <operation type="equal">
                         <args><arg><value type="value">NEBAF</value></arg></args>
                     </operation>
                 </expr>
             </result>
         </check>
      
          <!--CCA 20211102 Check para comprobar que tiene serviceID - INICIO-->
          <check id="chk_grc_service_id_eq_unknown">
              <parameter>par_grc_service_id_front</parameter>
              <result>
                  <expr type="and">
                      <operation type="equal">
                          <args><arg><value type="value">unknown</value></arg></args>
                      </operation>
                  </expr>
              </result>
          </check>
          <!--CCA 20211102 Check para comprobar que tiene serviceID - FIN-->
    </checks>

    <actions>
    </actions>
</template>
