"id", "name", "detail", "grouper", "type"
"VMEnabled","Buzón Voz","","property","_switch"
"CallScreen","Identificación de llamadas","","property","_switch"
"CallWaiting","Llamada en espera","","property","_switch"
"DoNotDisturb","No molestar","","property","_switch"
"InternationalBlock","Bloqueo internacional","","property","_switch"
"PremiumRateBlock","Bloqueo tarificación adicional","","property","_switch"
"TemporaryBlock","Bloqueo temporal (fraude)","","property","_switch"
"AnonymousCallNumBlock","Bloqueo llamadas anónimas","Llamadas anónimas entrantes","property","_switch"
"OutgoingAnonymous","Permitir llamada anónima","Llamadas anónimas salientes","property","_switch"
"MobileBlock","Bloqueo a móviles","","property","_switch"
"FixBlock","Bloqueo a fijos","","property","_switch"
"DefaultBlock","Bloqueo financiero","","property","_switch"
"CallForwardNoanswer","Desvío si no contesta","","fordward","complex1"
"CallForwardInconditional","Desvío incondicional","","fordward","complex1"
"CallForwardBusy","Desvío si ocupado","","fordward","complex1"
"OutgoingCallNumBlock","Bloqueo salientes","","block","complex2"
"IncomingCallNumBlock","Bloqueo entrantes","","block","complex2"